"UN";"Название";"№ АК";"Тип АК";"Размер группы";"Индивидуальный профиль";"Статус";"Замечания"
"0029";"ДЕТОНАТОРЫ НЕЭЛЕКТРИЧЕСКИЕ для взрывных работ";"191";"групповая";"3";"нет";"READY_WITH_SOURCE_GAPS";"В официальной АК отсутствует раздел: consequenceControl"
"0030";"ДЕТОНАТОРЫ ЭЛЕКТРИЧЕСКИЕ для взрывных работ";"191";"групповая";"3";"нет";"READY_WITH_SOURCE_GAPS";"В официальной АК отсутствует раздел: consequenceControl"
"0059";"ЗАРЯДЫ КУМУЛЯТИВНЫЕ без детонатора";"192";"групповая";"6";"нет";"READY_WITH_SOURCE_GAPS";"В официальной АК отсутствует раздел: consequenceControl"
"0065";"ШНУР ДЕТОНИРУЮЩИЙ гибкий";"192";"групповая";"6";"нет";"READY_WITH_SOURCE_GAPS";"В официальной АК отсутствует раздел: consequenceControl"
"0099";"ТОРПЕДЫ ВЗРЫВЧАТЫЕ для нефтескважин без детонатора";"192";"групповая";"6";"нет";"READY_WITH_SOURCE_GAPS";"В официальной АК отсутствует раздел: consequenceControl"
"0124";"СНАРЯДЫ ПЕРФОРАТОРНЫЕ для нефтескважин без детонатора";"192";"групповая";"6";"нет";"READY_WITH_SOURCE_GAPS";"В официальной АК отсутствует раздел: consequenceControl"
"0161";"ПОРОХ БЕЗДЫМНЫЙ";"190";"групповая";"2";"нет";"READY_WITH_SOURCE_GAPS";"В официальной АК отсутствует раздел: consequenceControl"
"0278";"ПАТРОНЫ ДЛЯ НЕФТЕСКВАЖИН";"190";"групповая";"2";"нет";"READY_WITH_SOURCE_GAPS";"В официальной АК отсутствует раздел: consequenceControl"
"0290";"ШНУР (ЗАПАЛ) ДЕТОНИРУЮЩИЙ в металлической оболочке";"192";"групповая";"6";"нет";"READY_WITH_SOURCE_GAPS";"В официальной АК отсутствует раздел: consequenceControl"
"0377";"КАПСЮЛИ-ВОСПЛАМЕНИТЕЛИ";"191";"групповая";"3";"нет";"READY_WITH_SOURCE_GAPS";"В официальной АК отсутствует раздел: consequenceControl"
"0381";"ПАТРОНЫ ДЛЯ ЗАПУСКА МЕХАНИЗМОВ";"189";"групповая";"3";"нет";"READY_WITH_SOURCE_GAPS";"В официальной АК отсутствует раздел: consequenceControl"
"0409";"ТРУБКИ ДЕТОНАЦИОННЫЕ с защитными элементами";"189";"групповая";"3";"нет";"READY_WITH_SOURCE_GAPS";"В официальной АК отсутствует раздел: consequenceControl"
"0439";"ЗАРЯДЫ КУМУЛЯТИВНЫЕ без детонатора";"189";"групповая";"3";"нет";"READY_WITH_SOURCE_GAPS";"В официальной АК отсутствует раздел: consequenceControl"
"0442";"ЗАРЯДЫ ВЗРЫВЧАТЫЕ ПРОМЫШЛЕННЫЕ без детонатора";"192";"групповая";"6";"нет";"READY_WITH_SOURCE_GAPS";"В официальной АК отсутствует раздел: consequenceControl"
"1001";"Ацетилен растворенный";"204";"групповая";"13";"нет";"READY";""
"1002";"Воздух сжатый";"201";"групповая";"45";"нет";"READY";""
"1003";"Воздух охлажденный жидкий";"202";"групповая";"6";"нет";"READY";""
"1005";"Аммиак безводный";"208";"групповая";"9";"нет";"READY";""
"1006";"Аргон сжатый";"201";"групповая";"45";"нет";"READY";""
"1008";"Бора трифторид";"203";"групповая";"22";"нет";"READY";""
"1009";"БРОМТРИФТОРМЕТАН (ГАЗ РЕФРИЖЕРАТОРНЫЙ R 13B1)";"201";"групповая";"45";"нет";"READY";""
"1010";"БУТАДИЕНЫ СТАБИЛИЗИРОВАННЫЕ или БУТАДИЕНОВ И УГЛЕВОДОРОДОВ СМЕСЬ СТАБИЛИЗИРОВАННАЯ, содержащая более 20% бутадиенов";"206";"групповая";"25";"нет";"READY";""
"1011";"Бутан";"206";"групповая";"25";"нет";"READY";""
"1012";"БУТИЛЕН";"206";"групповая";"25";"нет";"READY";""
"1013";"Углерода диоксид";"201";"групповая";"45";"нет";"READY";""
"1016";"Углерода монооксид сжатый";"207";"групповая";"10";"нет";"READY";""
"1017";"Хлор";"203";"групповая";"22";"да";"READY";""
"1018";"ХЛОРДИФТОРМЕТАН (ГАЗ РЕФРИЖЕРАТОРНЫЙ R 22)";"201";"групповая";"45";"нет";"READY";""
"1020";"ХЛОРПЕНТАФТОРЭТАН (ГАЗ РЕФРИЖЕРАТОРНЫЙ R 115)";"201";"групповая";"45";"нет";"READY";""
"1021";"1-ХЛОР-1,2,2,2-ТЕТРАФТОРЭТАН (ГАЗ РЕФРИЖЕРАТОРНЫЙ R 124)";"201";"групповая";"45";"нет";"READY";""
"1022";"ХЛОРТРИФТОРМЕТАН (ГАЗ РЕФРИЖЕРАТОРНЫЙ R 13)";"201";"групповая";"45";"нет";"READY";""
"1023";"Газ каменноугольный сжатый";"207";"групповая";"10";"нет";"READY";""
"1026";"циан";"208";"групповая";"9";"нет";"READY";""
"1027";"Циклопропан";"206";"групповая";"25";"нет";"READY";""
"1028";"ДИХЛОРДИФТОРМЕТАН (ГАЗ РЕФРИЖЕРАТОРНЫЙ R 12)";"201";"групповая";"45";"нет";"READY";""
"1029";"ДИХЛОРФТОРМЕТАН (ГАЗ РЕФРИЖЕРАТОРНЫЙ R 21)";"201";"групповая";"45";"нет";"READY";""
"1030";"1,1-ДИФТОРЭТАН (ГАЗ РЕФРИЖЕРАТОРНЫЙ R 152a) *";"205";"групповая";"14";"нет";"READY";""
"1032";"Диметиламин безводный";"208";"групповая";"9";"нет";"READY";""
"1033";"Эфир диметиловый";"206";"групповая";"25";"нет";"READY";""
"1035";"Этан";"206";"групповая";"25";"нет";"READY";""
"1036";"Этиламин";"208";"групповая";"9";"нет";"READY";""
"1037";"Этилхлорид";"205";"групповая";"14";"нет";"READY";""
"1038";"Этилен охлажденный жидкий";"204";"групповая";"13";"нет";"READY";""
"1039";"Эфир этилметиловый";"206";"групповая";"25";"нет";"READY";""
"1040";"ЭТИЛЕНА ОКСИД";"207";"групповая";"10";"нет";"READY";""
"1040";"ЭТИЛЕНА ОКСИД С АЗОТОМ при общем давлении до 1 МПа (10 бар) при температуре 50 °C";"207";"групповая";"10";"нет";"READY";""
"1041";"ЭТИЛЕНА ОКСИДА И УГЛЕРОДА ДИОКСИДА СМЕСЬ, содержащая более 9%, но не более 87% этилена оксида";"206";"групповая";"25";"нет";"READY";""
"1043";"УДОБРЕНИЯ АММИАЧНОГО РАСТВОР, содержащий свободный аммиак";"208";"групповая";"9";"нет";"READY";""
"1044";"Огнетушители углекислотные";"213";"групповая";"3";"нет";"READY";""
"1044";"ОГНЕТУШИТЕЛИ, содержащие сжатый или сжиженный газ";"213";"групповая";"3";"нет";"READY";""
"1045";"Фтор сжатый";"211";"групповая";"6";"нет";"READY";""
"1046";"Гелий сжатый";"201";"групповая";"45";"нет";"READY";""
"1048";"ВОДОРОДА БРОМИД БЕЗВОДНЫЙ";"203";"групповая";"22";"нет";"READY";""
"1049";"Водород сжатый";"204";"групповая";"13";"нет";"READY";""
"1050";"ВОДОРОДА ХЛОРИД БЕЗВОДНЫЙ";"203";"групповая";"22";"нет";"READY";""
"1051";"ВОДОРОД ЦИАНИД СТАБИЛИЗИРОВАННЫЙ, содержащий менее 3% воды";"602";"групповая";"5";"нет";"READY";""
"1052";"ВОДОРОДА ФТОРИД БЕЗВОДНЫЙ";"837";"индивидуальная";"1";"нет";"READY";""
"1053";"Сероводород";"209";"групповая";"16";"нет";"READY";""
"1055";"Изобутилен";"206";"групповая";"25";"нет";"READY";""
"1056";"Криптон сжатый";"201";"групповая";"45";"нет";"READY";""
"1057";"ЗАЖИГАЛКИ или БАЛЛОНЧИКИ ДЛЯ ЗАПРАВКИ ЗАЖИГАЛОК, содержащие воспламеняющийся газ";"214";"групповая";"2";"нет";"READY";""
"1058";"ГАЗЫ СЖИЖЕННЫЕ, невоспламеняющиеся, содержащие азот, углерода диоксид или воздух";"201";"групповая";"45";"нет";"READY";""
"1060";"МЕТИЛАЦЕТИЛЕНА И ПРОПАДИЕНА СМЕСЬ СТАБИЛИЗИРОВАННАЯ, такая как смесь P1 или смесь P2";"206";"групповая";"25";"нет";"READY";""
"1061";"Метиламин безводный";"208";"групповая";"9";"нет";"READY";""
"1062";"МЕТИЛБРОМИД, содержащий не более 2% хлорпикрина";"209";"групповая";"16";"нет";"READY";""
"1063";"МЕТИЛХЛОРИД (ГАЗ РЕФРИЖЕРАТОРНЫЙ R 40)";"209";"групповая";"16";"нет";"READY";""
"1064";"Метилмеркаптан";"209";"групповая";"16";"нет";"READY";""
"1065";"Неон сжатый";"201";"групповая";"45";"нет";"READY";""
"1066";"Азот сжатый";"201";"групповая";"45";"нет";"READY";""
"1067";"ДИАЗОТА ТЕТРАОКСИД (АЗОТА ДИОКСИД)";"211";"групповая";"6";"нет";"READY";""
"1069";"Нитрозилхлорид";"203";"групповая";"22";"нет";"READY";""
"1070";"Азота гемиоксид";"202";"групповая";"6";"нет";"READY";""
"1071";"Газ нефтяной сжатый";"207";"групповая";"10";"нет";"READY";""
"1072";"Кислород сжатый";"202";"групповая";"6";"нет";"READY";""
"1073";"Кислород охлажденный жидкий";"202";"групповая";"6";"нет";"READY";""
"1075";"ГАЗЫ НЕФТЯНЫЕ СЖИЖЕННЫЕ";"206";"групповая";"25";"нет";"READY";""
"1076";"Фосген";"203";"групповая";"22";"нет";"READY";""
"1077";"Пропилен";"206";"групповая";"25";"нет";"READY";""
"1078";"ГАЗ РЕФРИЖЕРАТОРНЫЙ, Н.У.К., такой как смесь F1, смесь F2 или смесь F3 *";"215";"групповая";"5";"нет";"READY";""
"1078";"Пропеллент УФ-1 *";"215";"групповая";"5";"нет";"READY";""
"1079";"Серы диоксид";"203";"групповая";"22";"нет";"READY";""
"1080";"Серы гексафторид";"201";"групповая";"45";"нет";"READY";""
"1081";"Тетрафторэтилен стабилизированный";"205";"групповая";"14";"нет";"READY";""
"1082";"Трифторхлорэтилен стабилизированный";"209";"групповая";"16";"нет";"READY";""
"1083";"Триметиламин безводный";"208";"групповая";"9";"нет";"READY";""
"1085";"Винилбромид стабилизированный";"205";"групповая";"14";"нет";"READY";""
"1086";"Винилхлорид стабилизированный";"205";"групповая";"14";"нет";"READY";""
"1087";"Эфир винилметиловый стабилизированный";"206";"групповая";"25";"нет";"READY";""
"1088";"АЦЕТАЛЬ (р)";"306";"групповая";"53";"нет";"READY";""
"1089";"АЦЕТАЛЬДЕГИД (р)";"301";"групповая";"15";"нет";"READY";""
"1090";"Ацетон";"307";"групповая";"20";"нет";"READY";""
"1091";"Масла ацетоновые";"307";"групповая";"20";"нет";"READY";""
"1092";"Акролеин стабилизированный";"650";"групповая";"5";"нет";"READY";""
"1093";"Акрилонитрил стабилизированный";"310";"групповая";"14";"нет";"READY";""
"1098";"Спирт аллиловый";"607";"групповая";"7";"нет";"READY";""
"1099";"Аллилбромид";"312";"групповая";"27";"нет";"READY";""
"1100";"Аллилхлорид";"312";"групповая";"27";"нет";"READY";""
"1104";"Амилацетаты";"316";"групповая";"55";"нет";"READY";""
"1105";"Пентанолы";"306";"групповая";"53";"нет";"READY";""
"1106";"АМИЛАМИН (р)";"311";"групповая";"25";"нет";"READY";""
"1107";"Амилхлорид";"312";"групповая";"27";"нет";"READY";""
"1108";"1-ПЕНТЕН (н-АМИЛЕН)";"301";"групповая";"15";"нет";"READY";""
"1109";"Амилформиаты";"316";"групповая";"55";"нет";"READY";""
"1110";"н-АМИЛМЕТИЛКЕТОН (р)";"316";"групповая";"55";"нет";"READY";""
"1111";"АМИЛМЕРКАПТАН *";"304";"групповая";"15";"нет";"READY";""
"1112";"Амилнитрат";"326";"групповая";"7";"нет";"READY";""
"1113";"АМИЛНИТРИТ (н)";"310";"групповая";"14";"нет";"READY";""
"1114";"Бензол";"314";"групповая";"3";"нет";"READY";""
"1120";"Бутанолы";"306";"групповая";"53";"нет";"READY";""
"1123";"Бутилацетаты";"306";"групповая";"53";"нет";"READY";""
"1125";"н-Бутиламин";"311";"групповая";"25";"нет";"READY";""
"1126";"1-Бромбутан";"312";"групповая";"27";"нет";"READY";""
"1127";"Хлорбутаны";"312";"групповая";"27";"нет";"READY";""
"1128";"н-Бутилформиат";"306";"групповая";"53";"нет";"READY";""
"1129";"БУТИРАЛЬДЕГИД (н)";"307";"групповая";"20";"нет";"READY";""
"1130";"Масло камфорное";"315";"групповая";"14";"нет";"READY";""
"1131";"СЕРОУГЛЕРОД *";"304";"групповая";"15";"нет";"READY";""
"1133";"КЛЕИ, содержащие легковоспламеняющуюся жидкость";"305";"групповая";"36";"нет";"READY";""
"1133";"КЛЕИ, содержащие легковоспламеняющуюся жидкость (давление паров при 50 °C более 110 кПа)";"305";"групповая";"36";"нет";"READY";""
"1133";"КЛЕИ, содержащие легковоспламеняющуюся жидкость (давление паров при 50 °C не более 110 кПа)";"305";"групповая";"36";"нет";"READY";""
"1133";"КЛЕИ, содержащие легковоспламеняющуюся жидкость (имеющие температуру вспышки ниже 23 °C и вязкие) (давление паров при 50 °C более 110 кПа, температура кипения более 35 °C)";"305";"групповая";"36";"нет";"READY";""
"1133";"КЛЕИ, содержащие легковоспламеняющуюся жидкость (имеющие температуру вспышки ниже 23 °C и вязкие) (давление паров при 50 °C не более 110 кПа)";"305";"групповая";"36";"нет";"READY";""
"1133";"КЛЕИ, содержащие легковоспламеняющуюся жидкость (имеющие температуру вспышки ниже 23 °C и вязкие) (температура кипения не более 35 °C)";"305";"групповая";"36";"нет";"READY";""
"1133";"КЛЕИ, содержащие легковоспламеняющуюся жидкость (невязкие)";"305";"групповая";"36";"нет";"READY";""
"1134";"Хлорбензол";"318";"групповая";"4";"нет";"READY";""
"1135";"Этиленхлоргидрин";"647";"групповая";"14";"нет";"READY";""
"1136";"Дистилляты каменноугольной смолы легковоспламеняющиеся";"305";"групповая";"36";"нет";"READY";""
"1136";"Масло каменноугольное, легкое, ЛЕГКОВОСПЛАМЕНЯЮЩЕЕСЯ";"305";"групповая";"36";"нет";"READY";""
"1139";"РАСТВОР ДЛЯ НАНЕСЕНИЯ ПОКРЫТИЯ (включая растворы для обработки или покрытия поверхностей, используемые в промышленных или иных целях, например для нанесения грунтовочного покрытия на корпус автомобилей, футеровки барабанов или бочек)";"328";"групповая";"19";"нет";"READY";""
"1139";"РАСТВОР ДЛЯ НАНЕСЕНИЯ ПОКРЫТИЯ (включая растворы для обработки или покрытия поверхностей, используемые в промышленных или иных целях, например для нанесения грунтовочного покрытия на корпус автомобилей, футеровки барабанов или бочек) (давление паров при 50 °C более 110 кПа)";"328";"групповая";"19";"нет";"READY";""
"1139";"РАСТВОР ДЛЯ НАНЕСЕНИЯ ПОКРЫТИЯ (включая растворы для обработки или покрытия поверхностей, используемые в промышленных или иных целях, например для нанесения грунтовочного покрытия на корпус автомобилей, футеровки барабанов или бочек) (давление паров при 50 °C не более 110 кПа)";"328";"групповая";"19";"нет";"READY";""
"1139";"РАСТВОР ДЛЯ НАНЕСЕНИЯ ПОКРЫТИЯ (включая растворы для обработки или покрытия поверхностей, используемые в промышленных или иных целях, например для нанесения грунтовочного покрытия на корпус автомобилей, футеровки барабанов или бочек) (имеющий температуру вспышки ниже 23 °C и вязкий) (давление паров при 50 °C более 110 кПа, температура кипения более 35 °C)";"328";"групповая";"19";"нет";"READY";""
"1139";"РАСТВОР ДЛЯ НАНЕСЕНИЯ ПОКРЫТИЯ (включая растворы для обработки или покрытия поверхностей, используемые в промышленных или иных целях, например для нанесения грунтовочного покрытия на корпус автомобилей, футеровки барабанов или бочек) (имеющий температуру вспышки ниже 23 °C и вязкий) (температура кипения не более 35 °C)";"328";"групповая";"19";"нет";"READY";""
"1139";"РАСТВОР ДЛЯ НАНЕСЕНИЯ ПОКРЫТИЯ (включая растворы для обработки или покрытия поверхностей, используемые в промышленных или иных целях, например для нанесения грунтовочного покрытия на корпус автомобилей, футеровки барабанов или бочек) (невязкий)";"328";"групповая";"19";"нет";"READY";""
"1139";"РАСТВОР ДЛЯ НАНЕСЕНИЯ ПОКРЫТИЯ (включая растворы для обработки или покрытия поверхностей, используемые в промышленных или иных целях, например для нанесения грунтовочного покрытия на корпус автомобилей, футировки барабанов или бочек) (имеющий температуру вспышки ниже 23 °C и вязкий) (давление паров при 50 °C не более 110 кПа)";"328";"групповая";"19";"нет";"READY";""
"1143";"КРОТОНАЛЬДЕГИД или КРОТОНАЛЬДЕГИД СТАБИЛИЗИРОВАННЫЙ";"650";"групповая";"5";"нет";"READY";""
"1144";"Кротонилен";"301";"групповая";"15";"нет";"READY";""
"1145";"Циклогексан";"305";"групповая";"36";"нет";"READY";""
"1146";"Циклопентан";"305";"групповая";"36";"нет";"READY";""
"1147";"Декагидронафталин";"317";"групповая";"12";"нет";"READY";""
"1148";"Спирт диацетоновый";"316";"групповая";"55";"нет";"READY";""
"1149";"Эфиры дибутиловые";"316";"групповая";"55";"нет";"READY";""
"1150";"1,2-Дихлорэтилен";"312";"групповая";"27";"нет";"READY";""
"1152";"Дихлорпентаны";"324";"групповая";"3";"нет";"READY";""
"1153";"ЭФИР ДИЭТИЛОВЫЙ ЭТИЛЕНГЛИКОЛЯ (р)";"316";"групповая";"55";"нет";"READY";""
"1154";"Диэтиламин";"303";"групповая";"4";"нет";"READY";""
"1155";"ЭФИР ДИЭТИЛОВЫЙ (ЭФИР ЭТИЛОВЫЙ) (р)";"301";"групповая";"15";"нет";"READY";""
"1156";"ДИЭТИЛКЕТОН (н)";"307";"групповая";"20";"нет";"READY";""
"1157";"Диизобутилкетон";"316";"групповая";"55";"нет";"READY";""
"1158";"Диизопропиламин";"311";"групповая";"25";"нет";"READY";""
"1159";"Эфир диизопропиловый";"306";"групповая";"53";"нет";"READY";""
"1160";"Диметиламина водный раствор";"311";"групповая";"25";"нет";"READY";""
"1161";"Диметилкарбонат";"306";"групповая";"53";"нет";"READY";""
"1162";"Диметилдихлорсилан *";"321";"групповая";"6";"нет";"READY";""
"1163";"Диметилгидразин несимметричный";"648";"групповая";"5";"нет";"READY";""
"1164";"ДИМЕТИЛСУЛЬФИД *";"304";"групповая";"15";"нет";"READY";""
"1165";"ДИОКСАН (р)";"306";"групповая";"53";"нет";"READY";""
"1166";"Диоксолан";"320";"групповая";"5";"нет";"READY";""
"1167";"Эфир дивиниловый стабилизированный";"301";"групповая";"15";"нет";"READY";""
"1170";"Многофункциональная добавка на основе этанола";"308";"групповая";"5";"нет";"READY_WITH_SOURCE_GAPS";"В официальной АК отсутствует раздел: actions | В официальной АК отсутствует раздел: consequenceControl | В официальной АК отсутствует раздел: firstAid"
"1170";"Растворитель спиртосодержащий ""Лакол""";"308";"групповая";"5";"нет";"READY_WITH_SOURCE_GAPS";"В официальной АК отсутствует раздел: actions | В официальной АК отсутствует раздел: consequenceControl | В официальной АК отсутствует раздел: firstAid"
"1170";"Спирт этиловый винный (ректификат)";"308";"групповая";"5";"нет";"READY_WITH_SOURCE_GAPS";"В официальной АК отсутствует раздел: actions | В официальной АК отсутствует раздел: consequenceControl | В официальной АК отсутствует раздел: firstAid"
"1170";"Спирт этиловый, технический";"308";"групповая";"5";"нет";"READY_WITH_SOURCE_GAPS";"В официальной АК отсутствует раздел: actions | В официальной АК отсутствует раздел: consequenceControl | В официальной АК отсутствует раздел: firstAid"
"1170";"ЭТАНОЛ (СПИРТ ЭТИЛОВЫЙ) или ЭТАНОЛА РАСТВОР (СПИРТА ЭТИЛОВОГО РАСТВОР)";"308";"групповая";"5";"нет";"READY_WITH_SOURCE_GAPS";"В официальной АК отсутствует раздел: actions | В официальной АК отсутствует раздел: consequenceControl | В официальной АК отсутствует раздел: firstAid"
"1171";"ЭФИР МОНОЭТИЛОВЫЙ ЭТИЛЕНГЛИКОЛЯ (р)";"316";"групповая";"55";"нет";"READY";""
"1172";"Эфир моноэтиловый этиленгликоля и кислоты уксусной";"316";"групповая";"55";"нет";"READY";""
"1173";"Этилацетат";"306";"групповая";"53";"нет";"READY";""
"1175";"Этилбензол";"314";"групповая";"3";"нет";"READY";""
"1176";"ЭТИЛБОРАТ (р)";"306";"групповая";"53";"нет";"READY";""
"1177";"2-Этилбутилацетат";"316";"групповая";"55";"нет";"READY";""
"1178";"2-ЭТИЛБУТИРАЛЬДЕГИД (н)";"307";"групповая";"20";"нет";"READY";""
"1179";"Эфир этилбутиловый";"306";"групповая";"53";"нет";"READY";""
"1180";"Этилбутират";"316";"групповая";"55";"нет";"READY";""
"1181";"Этилхлорацетат";"647";"групповая";"14";"нет";"READY";""
"1182";"Этилхлорформиат *";"611";"групповая";"19";"нет";"READY";""
"1183";"Этилдихлорсилан";"431";"групповая";"4";"нет";"READY";""
"1184";"Этилендихлорид";"312";"групповая";"27";"нет";"READY";""
"1185";"Этиленимин стабилизированный";"648";"групповая";"5";"нет";"READY";""
"1188";"ЭФИР МОНОМЕТИЛОВЫЙ ЭТИЛЕНГЛИКОЛЯ (р)";"316";"групповая";"55";"нет";"READY";""
"1189";"Эфир монометиловый этиленгликоля и кислоты уксусной";"316";"групповая";"55";"нет";"READY";""
"1190";"ЭТИЛФОРМИАТ (р)";"306";"групповая";"53";"нет";"READY";""
"1191";"Альдегиды октиловые";"316";"групповая";"55";"нет";"READY";""
"1192";"ЭТИЛЛАКТАТ (р)";"316";"групповая";"55";"нет";"READY";""
"1193";"ЭТИЛМЕТИЛКЕТОН (МЕТИЛЭТИЛКЕТОН)";"307";"групповая";"20";"нет";"READY";""
"1194";"Этилнитрита раствор";"310";"групповая";"14";"нет";"READY";""
"1195";"Этилпропионат";"306";"групповая";"53";"нет";"READY";""
"1196";"Этилтрихлорсилан";"321";"групповая";"6";"нет";"READY";""
"1197";"Композиции ароматические пищевые";"328";"групповая";"19";"нет";"READY";""
"1197";"ЭКСТРАКТЫ ЖИДКИЕ для придания вкуса или аромата";"328";"групповая";"19";"нет";"READY";""
"1197";"ЭКСТРАКТЫ ЖИДКИЕ для придания вкуса или аромата (давление паров при 50 °C более 110 кПа)";"328";"групповая";"19";"нет";"READY";""
"1197";"ЭКСТРАКТЫ ЖИДКИЕ для придания вкуса или аромата (давление паров при 50 °C не более 110 кПа)";"328";"групповая";"19";"нет";"READY";""
"1197";"ЭКСТРАКТЫ ЖИДКИЕ для придания вкуса или аромата (имеющие температуру вспышки ниже 23 °C и вязкие) (давление паров при 50 °C более 110 кПа)";"328";"групповая";"19";"нет";"READY";""
"1197";"ЭКСТРАКТЫ ЖИДКИЕ для придания вкуса или аромата (имеющие температуру вспышки ниже 23 °C и вязкие) (давление паров при 50 °C не более 110 кПа)";"328";"групповая";"19";"нет";"READY";""
"1198";"Формальдегида раствор легковоспламеняющийся";"320";"групповая";"5";"нет";"READY";""
"1199";"Фуральдегиды";"650";"групповая";"5";"нет";"READY";""
"1201";"Масло сивушное *";"307";"групповая";"20";"нет";"READY";""
"1202";"ГАЗОЙЛЬ или ТОПЛИВО ДИЗЕЛЬНОЕ или ТОПЛИВО ПЕЧНОЕ ЛЕГКОЕ (температура вспышки более 60 °C и не более 100 °C)";"315";"групповая";"14";"нет";"READY";""
"1202";"ГАЗОЙЛЬ или ТОПЛИВО ДИЗЕЛЬНОЕ или ТОПЛИВО ПЕЧНОЕ ЛЕГКОЕ (температура вспышки не более 60 °C)";"315";"групповая";"14";"нет";"READY";""
"1202";"Мазут с температурой вспышки не более 100 °C";"315";"групповая";"14";"нет";"READY";""
"1202";"ТОПЛИВО ДИЗЕЛЬНОЕ, соответствующее стандарту EN 590:2004, или ГАЗОЙЛЬ или ТОПЛИВО ПЕЧНОЕ ЛЕГКОЕ с температурой вспышки, указанной в стандарте EN 590:2004";"315";"групповая";"14";"нет";"READY";""
"1202";"Топливо моторное, с температурой вспышки не более 100 °C";"315";"групповая";"14";"нет";"READY";""
"1202";"Топливо нефтяное, с температурой вспышки не более 100 °C";"315";"групповая";"14";"нет";"READY";""
"1203";"Бензин газовый, стабильный";"305";"групповая";"36";"нет";"READY";""
"1203";"БЕНЗИН МОТОРНЫЙ или ГАЗОЛИН или ПЕТРОЛ";"305";"групповая";"36";"нет";"READY";""
"1204";"НИТРОГЛИЦЕРИНА СПИРТОВОЙ РАСТВОР с долей нитроглицерина не более 1%";"308";"групповая";"5";"нет";"READY_WITH_SOURCE_GAPS";"В официальной АК отсутствует раздел: actions | В официальной АК отсутствует раздел: consequenceControl | В официальной АК отсутствует раздел: firstAid"
"1206";"Гептаны";"305";"групповая";"36";"нет";"READY";""
"1207";"Гексальдегид";"316";"групповая";"55";"нет";"READY";""
"1208";"Гексаны";"305";"групповая";"36";"нет";"READY";""
"1210";"КРАСКА ТИПОГРАФСКАЯ легковоспламеняющаяся или МАТЕРИАЛ, ИСПОЛЬЗУЕМЫЙ С ТИПОГРАФСКОЙ КРАСКОЙ (включая разбавитель или растворитель типографской краски), легковоспламеняющийся";"328";"групповая";"19";"нет";"READY";""
"1210";"КРАСКА ТИПОГРАФСКАЯ легковоспламеняющаяся или МАТЕРИАЛ, ИСПОЛЬЗУЕМЫЙ С ТИПОГРАФСКОЙ КРАСКОЙ (включая разбавитель или растворитель типографской краски), легковоспламеняющийся (давление паров при 50 °C более 110 кПа)";"328";"групповая";"19";"нет";"READY";""
"1210";"КРАСКА ТИПОГРАФСКАЯ легковоспламеняющаяся или МАТЕРИАЛ, ИСПОЛЬЗУЕМЫЙ С ТИПОГРАФСКОЙ КРАСКОЙ (включая разбавитель или растворитель типографской краски), легковоспламеняющийся (давление паров при 50 °C не более 110 кПа)";"328";"групповая";"19";"нет";"READY";""
"1210";"КРАСКА ТИПОГРАФСКАЯ легковоспламеняющаяся или МАТЕРИАЛ, ИСПОЛЬЗУЕМЫЙ С ТИПОГРАФСКОЙ КРАСКОЙ (включая разбавитель или растворитель типографской краски), легковоспламеняющийся (имеющие температуру вспышки ниже 23 °C и вязкие) (давление паров при 50 °C более 110 кПа, температура кипения более 35 °C)";"328";"групповая";"19";"нет";"READY";""
"1210";"КРАСКА ТИПОГРАФСКАЯ легковоспламеняющаяся или МАТЕРИАЛ, ИСПОЛЬЗУЕМЫЙ С ТИПОГРАФСКОЙ КРАСКОЙ (включая разбавитель или растворитель типографской краски), легковоспламеняющийся (имеющие температуру вспышки ниже 23 °C и вязкие) (давление паров при 50 °C не более 110 кПа)";"328";"групповая";"19";"нет";"READY";""
"1210";"КРАСКА ТИПОГРАФСКАЯ легковоспламеняющаяся или МАТЕРИАЛ, ИСПОЛЬЗУЕМЫЙ С ТИПОГРАФСКОЙ КРАСКОЙ (включая разбавитель или растворитель типографской краски), легковоспламеняющийся (имеющие температуру вспышки ниже 23 °C и вязкие) (температура кипения не более 35 °C)";"328";"групповая";"19";"нет";"READY";""
"1210";"КРАСКА ТИПОГРАФСКАЯ легковоспламеняющаяся или МАТЕРИАЛ, ИСПОЛЬЗУЕМЫЙ С ТИПОГРАФСКОЙ КРАСКОЙ (включая разбавитель или растворитель типографской краски), легковоспламеняющийся (невязкие)";"328";"групповая";"19";"нет";"READY";""
"1212";"ИЗОБУТАНОЛ (СПИРТ ИЗОБУТИЛОВЫЙ)";"316";"групповая";"55";"нет";"READY";""
"1213";"Изобутилацетат";"306";"групповая";"53";"нет";"READY";""
"1214";"Изобутиламин **";"311";"групповая";"25";"нет";"READY";""
"1216";"Изооктен";"305";"групповая";"36";"нет";"READY";""
"1218";"ИЗОПРЕН СТАБИЛИЗИРОВАННЫЙ";"304";"групповая";"15";"нет";"READY";""
"1219";"ИЗОПРОПАНОЛ (СПИРТ ИЗОПРОПИЛОВЫЙ)";"307";"групповая";"20";"нет";"READY";""
"1220";"Изопропилацетат";"306";"групповая";"53";"нет";"READY";""
"1221";"Изопропиламин";"303";"групповая";"4";"нет";"READY";""
"1222";"ИЗОПРОПИЛНИТРАТ (н)";"310";"групповая";"14";"нет";"READY";""
"1223";"Керосин";"305";"групповая";"36";"нет";"READY";""
"1224";"3,3-Диметил-2-бутанон";"331";"групповая";"6";"нет";"READY";""
"1224";"КЕТОНЫ ЖИДКИЕ, Н.У.К.";"331";"групповая";"6";"нет";"READY";""
"1224";"КЕТОНЫ ЖИДКИЕ, Н.У.К. (давление паров при 50 °C более 110 кПа)";"331";"групповая";"6";"нет";"READY";""
"1224";"КЕТОНЫ ЖИДКИЕ, Н.У.К. (давление паров при 50 °C не более 110 кПа)";"331";"групповая";"6";"нет";"READY";""
"1228";"МЕРКАПТАНЫ ЖИДКИЕ ЛЕГКОВОСПЛАМЕНЯЮЩИЕСЯ ЯДОВИТЫЕ, Н.У.К., или МЕРКАПТАНОВ СМЕСЬ ЖИДКАЯ ЛЕГКОВОСПЛАМЕНЯЮЩАЯСЯ ЯДОВИТАЯ, Н.У.К.";"332";"групповая";"2";"нет";"READY";""
"1229";"мезитилоксид";"316";"групповая";"55";"нет";"READY";""
"1230";"Метанол";"319";"групповая";"3";"нет";"READY";""
"1231";"МЕТИЛАЦЕТАТ (р)";"306";"групповая";"53";"нет";"READY";""
"1233";"Метиламилацетат";"316";"групповая";"55";"нет";"READY";""
"1234";"Метилаль";"305";"групповая";"36";"нет";"READY";""
"1235";"Метиламина водный раствор";"303";"групповая";"4";"нет";"READY";""
"1237";"Метилбутират";"306";"групповая";"53";"нет";"READY";""
"1238";"Метилхлорформиат *";"611";"групповая";"19";"нет";"READY";""
"1239";"Эфир метилхлорметиловый";"647";"групповая";"14";"нет";"READY";""
"1242";"Метилдихлорсилан";"431";"групповая";"4";"нет";"READY";""
"1243";"МЕТИЛФОРМИАТ (р)";"301";"групповая";"15";"нет";"READY";""
"1244";"Метилгидразин";"648";"групповая";"5";"нет";"READY";""
"1245";"Метилизобутилкетон";"307";"групповая";"20";"нет";"READY";""
"1246";"Метилизопропенилкетон стабилизированный";"307";"групповая";"20";"нет";"READY";""
"1247";"Метилметакрилат, мономер стабилизированный";"306";"групповая";"53";"нет";"READY";""
"1248";"МЕТИЛПРОПИОНАТ (р)";"306";"групповая";"53";"нет";"READY";""
"1249";"Метилпропилкетон";"307";"групповая";"20";"нет";"READY";""
"1250";"Метилтрихлорсилан";"321";"групповая";"6";"нет";"READY";""
"1251";"Метилвинилкетон стабилизированный";"650";"групповая";"5";"нет";"READY";""
"1259";"Никеля карбонил";"647";"групповая";"14";"нет";"READY";""
"1261";"Нитрометан";"310";"групповая";"14";"нет";"READY";""
"1262";"Октаны";"305";"групповая";"36";"нет";"READY";""
"1263";"Бензин-растворитель для лакокрасочной промышленности";"305";"групповая";"36";"нет";"READY";""
"1263";"КРАСКА (включая краску, лак, эмаль, краситель, шеллак, олифу, политуру, жидкий наполнитель и жидкую лаковую основу) или МАТЕРИАЛ ЛАКОКРАСОЧНЫЙ (включая разбавитель или растворитель краски)";"305";"групповая";"36";"нет";"READY";""
"1263";"КРАСКА (включая краску, лак, эмаль, краситель, шеллак, олифу, политуру, жидкий наполнитель и жидкую лаковую основу) или МАТЕРИАЛ ЛАКОКРАСОЧНЫЙ (включая разбавитель или растворитель краски) (давление паров при 50 °C более 110 кПа)";"305";"групповая";"36";"нет";"READY";""
"1263";"КРАСКА (включая краску, лак, эмаль, краситель, шеллак, олифу, политуру, жидкий наполнитель и жидкую лаковую основу) или МАТЕРИАЛ ЛАКОКРАСОЧНЫЙ (включая разбавитель или растворитель краски) (давление паров при 50 °C не более 110 кПа)";"305";"групповая";"36";"нет";"READY";""
"1263";"КРАСКА (включая краску, лак, эмаль, краситель, шеллак, олифу, политуру, жидкий наполнитель и жидкую лаковую основу) или МАТЕРИАЛ ЛАКОКРАСОЧНЫЙ (включая разбавитель или растворитель краски) (имеющие температуру вспышки ниже 23 °C и вязкие) (давление паров при 50 °C более 110 кПа, температура кипения более 35 °C)";"305";"групповая";"36";"нет";"READY";""
"1263";"КРАСКА (включая краску, лак, эмаль, краситель, шеллак, олифу, политуру, жидкий наполнитель и жидкую лаковую основу) или МАТЕРИАЛ ЛАКОКРАСОЧНЫЙ (включая разбавитель или растворитель краски) (имеющие температуру вспышки ниже 23 °C и вязкие) (давление паров при 50 °C не более 110 кПа)";"305";"групповая";"36";"нет";"READY";""
"1263";"КРАСКА (включая краску, лак, эмаль, краситель, шеллак, олифу, политуру, жидкий наполнитель и жидкую лаковую основу) или МАТЕРИАЛ ЛАКОКРАСОЧНЫЙ (включая разбавитель или растворитель краски) (имеющие температуру вспышки ниже 23 °C и вязкие) (температура кипения не более 35 °C)";"305";"групповая";"36";"нет";"READY";""
"1263";"КРАСКА (включая краску, лак, эмаль, краситель, шеллак, олифу, политуру, жидкий наполнитель и жидкую лаковую основу) или МАТЕРИАЛ ЛАКОКРАСОЧНЫЙ (включая разбавитель или растворитель краски) (невязкие)";"305";"групповая";"36";"нет";"READY";""
"1263";"Кремнеорганические смолы в растворе органических растворителей";"305";"групповая";"36";"нет";"READY";""
"1263";"Крепители для лаков (и краски)";"305";"групповая";"36";"нет";"READY";""
"1263";"Лак КО-0208";"305";"групповая";"36";"нет";"READY";""
"1263";"Лаки бакелитовые";"305";"групповая";"36";"нет";"READY";""
"1263";"Лаки кремнеорганические (КО)";"305";"групповая";"36";"нет";"READY";""
"1263";"Метильный лак";"305";"групповая";"36";"нет";"READY";""
"1263";"Нитрокраски, нитролаки, нитроэмали";"305";"групповая";"36";"нет";"READY";""
"1263";"Олифа";"305";"групповая";"36";"нет";"READY";""
"1263";"Сиккативы, жидкие, легковоспламеняющиеся";"305";"групповая";"36";"нет";"READY";""
"1263";"Смола полифенилизобутоксисилоксановая, раствор в ксилоле или толуоле";"305";"групповая";"36";"нет";"READY";""
"1263";"Сольвент-нафта";"305";"групповая";"36";"нет";"READY";""
"1264";"ПАРАЛЬДЕГИД (т)";"316";"групповая";"55";"нет";"READY";""
"1265";"ПЕНТАНЫ жидкие";"301";"групповая";"15";"нет";"READY";""
"1266";"Жидкость парфюмерная ""Канская""";"308";"групповая";"5";"нет";"READY_WITH_SOURCE_GAPS";"В официальной АК отсутствует раздел: actions | В официальной АК отсутствует раздел: consequenceControl | В официальной АК отсутствует раздел: firstAid"
"1266";"ПРОДУКТЫ ПАРФЮМЕРНЫЕ, содержащие легковоспламеняющиеся растворители (давление паров при 50 °C более 110 кПа)";"308";"групповая";"5";"нет";"READY_WITH_SOURCE_GAPS";"В официальной АК отсутствует раздел: actions | В официальной АК отсутствует раздел: consequenceControl | В официальной АК отсутствует раздел: firstAid"
"1266";"ПРОДУКТЫ ПАРФЮМЕРНЫЕ, содержащие легковоспламеняющиеся растворители (давление паров при 50 °C не более 110 кПа)";"308";"групповая";"5";"нет";"READY_WITH_SOURCE_GAPS";"В официальной АК отсутствует раздел: actions | В официальной АК отсутствует раздел: consequenceControl | В официальной АК отсутствует раздел: firstAid"
"1266";"ПРОДУКТЫ ПАРФЮМЕРНЫЕ, содержащие легковоспламеняющиеся растворители (имеющие температуру вспышки ниже 23 °C и вязкие) (давление паров при 50 °C более 110 кПа, температура кипения более 35 °C)";"308";"групповая";"5";"нет";"READY_WITH_SOURCE_GAPS";"В официальной АК отсутствует раздел: actions | В официальной АК отсутствует раздел: consequenceControl | В официальной АК отсутствует раздел: firstAid"
"1266";"ПРОДУКТЫ ПАРФЮМЕРНЫЕ, содержащие легковоспламеняющиеся растворители (имеющие температуру вспышки ниже 23 °C и вязкие) (давление паров при 50 °C не более 110 кПа)";"308";"групповая";"5";"нет";"READY_WITH_SOURCE_GAPS";"В официальной АК отсутствует раздел: actions | В официальной АК отсутствует раздел: consequenceControl | В официальной АК отсутствует раздел: firstAid"
"1266";"ПРОДУКТЫ ПАРФЮМЕРНЫЕ, содержащие легковоспламеняющиеся растворители (имеющие температуру вспышки ниже 23 °C и вязкие) (температура кипения не более 35 °C)";"308";"групповая";"5";"нет";"READY_WITH_SOURCE_GAPS";"В официальной АК отсутствует раздел: actions | В официальной АК отсутствует раздел: consequenceControl | В официальной АК отсутствует раздел: firstAid"
"1266";"ПРОДУКТЫ ПАРФЮМЕРНЫЕ, содержащие легковоспламеняющиеся растворители (невязкие)";"308";"групповая";"5";"нет";"READY_WITH_SOURCE_GAPS";"В официальной АК отсутствует раздел: actions | В официальной АК отсутствует раздел: consequenceControl | В официальной АК отсутствует раздел: firstAid"
"1266";"Сырье парфюмерно-косметическое ""Дэфанол""";"308";"групповая";"5";"нет";"READY_WITH_SOURCE_GAPS";"В официальной АК отсутствует раздел: actions | В официальной АК отсутствует раздел: consequenceControl | В официальной АК отсутствует раздел: firstAid"
"1267";"НЕФТЬ СЫРАЯ";"315";"групповая";"14";"нет";"READY";""
"1267";"НЕФТЬ СЫРАЯ (давление паров при 50 °C более 110 кПа)";"315";"групповая";"14";"нет";"READY";""
"1267";"НЕФТЬ СЫРАЯ (давление паров при 50 °C не более 110 кПа)";"315";"групповая";"14";"нет";"READY";""
"1268";"Алкилбензин";"328";"групповая";"19";"нет";"READY";""
"1268";"Алкилбензолы, легковоспламеняющиеся";"328";"групповая";"19";"нет";"READY";""
"1268";"Конденсат пиролизный";"328";"групповая";"19";"нет";"READY";""
"1268";"Лакойль";"328";"групповая";"19";"нет";"READY";""
"1268";"Лигроин";"328";"групповая";"19";"нет";"READY";""
"1268";"Нафта";"328";"групповая";"19";"нет";"READY";""
"1268";"Нефрас С-150/200";"328";"групповая";"19";"нет";"READY";""
"1268";"НЕФТИ ДИСТИЛЛЯТЫ, Н.У.К., или НЕФТЕПРОДУКТЫ, Н.У.К.";"328";"групповая";"19";"нет";"READY";""
"1268";"НЕФТИ ДИСТИЛЛЯТЫ, Н.У.К., или НЕФТЕПРОДУКТЫ, Н.У.К. (давление паров при 50 °C более 110 кПа)";"328";"групповая";"19";"нет";"READY";""
"1268";"НЕФТИ ДИСТИЛЛЯТЫ, Н.У.К., или НЕФТЕПРОДУКТЫ, Н.У.К. (давление паров при 50 °C не более 110 кПа)";"328";"групповая";"19";"нет";"READY";""
"1268";"Парафин нефтяной жидкий, фракция C10 - C13";"328";"групповая";"19";"нет";"READY";""
"1268";"Пиробензол";"328";"групповая";"19";"нет";"READY";""
"1268";"Пироконденсат гидростабилизированный нефтяной";"328";"групповая";"19";"нет";"READY";""
"1268";"Полимердистиллят";"328";"групповая";"19";"нет";"READY";""
"1268";"Топливо эталонное";"328";"групповая";"19";"нет";"READY";""
"1268";"Фракция бензиновая прямой гонки";"328";"групповая";"19";"нет";"READY";""
"1268";"Эфир петролейный";"328";"групповая";"19";"нет";"READY";""
"1272";"Масло пихтовое";"315";"групповая";"14";"нет";"READY";""
"1272";"Масло хвойное";"315";"групповая";"14";"нет";"READY";""
"1274";"н-ПРОПАНОЛ (СПИРТ ПРОПИЛОВЫЙ, НОРМАЛЬНЫЙ) *";"307";"групповая";"20";"нет";"READY";""
"1275";"Пропиональдегид";"307";"групповая";"20";"нет";"READY";""
"1276";"н-Пропилацетат";"306";"групповая";"53";"нет";"READY";""
"1277";"Пропиламин **";"311";"групповая";"25";"нет";"READY";""
"1278";"1-Хлорпропан";"312";"групповая";"27";"нет";"READY";""
"1279";"1,2-Дихлорпропан";"312";"групповая";"27";"нет";"READY";""
"1280";"ПРОПИЛЕНОКСИД";"302";"групповая";"2";"нет";"READY";""
"1281";"Пропилформиаты";"306";"групповая";"53";"нет";"READY";""
"1282";"Пиридин";"311";"групповая";"25";"нет";"READY";""
"1286";"МАСЛО СМОЛЯНОЕ (давление паров при 50 °C более 110 кПа)";"307";"групповая";"20";"нет";"READY";""
"1286";"МАСЛО СМОЛЯНОЕ (давление паров при 50 °C не более 110 кПа)";"307";"групповая";"20";"нет";"READY";""
"1286";"МАСЛО СМОЛЯНОЕ (имеющее температуру вспышки ниже 23 °C и вязкое) (давление паров при 50 °C более 110 кПа, температура кипения более 35 °C) *";"307";"групповая";"20";"нет";"READY";""
"1286";"МАСЛО СМОЛЯНОЕ (имеющее температуру вспышки ниже 23 °C и вязкое) (давление паров при 50 °C не более 110 кПа) *";"307";"групповая";"20";"нет";"READY";""
"1286";"МАСЛО СМОЛЯНОЕ (имеющее температуру вспышки ниже 23 °C и вязкое) (температура кипения не более 35 °C) *";"307";"групповая";"20";"нет";"READY";""
"1286";"МАСЛО СМОЛЯНОЕ (невязкое) *";"307";"групповая";"20";"нет";"READY";""
"1287";"КАУЧУКА РАСТВОР (давление паров при 50 °C более 110 кПа)";"305";"групповая";"36";"нет";"READY";""
"1287";"КАУЧУКА РАСТВОР (давление паров при 50 °C не более 110 кПа)";"305";"групповая";"36";"нет";"READY";""
"1287";"КАУЧУКА РАСТВОР (имеющий температуру вспышки ниже 23 °C и вязкий) (давление паров при 50 °C более 110 кПа, температура кипения более 35 °C)";"305";"групповая";"36";"нет";"READY";""
"1287";"КАУЧУКА РАСТВОР (имеющий температуру вспышки ниже 23 °C и вязкий) (давление паров при 50 °C не более 110 кПа)";"305";"групповая";"36";"нет";"READY";""
"1287";"КАУЧУКА РАСТВОР (имеющий температуру вспышки ниже 23 °C и вязкий) (температура кипения не более 35 °C)";"305";"групповая";"36";"нет";"READY";""
"1287";"КАУЧУКА РАСТВОР (невязкий)";"305";"групповая";"36";"нет";"READY";""
"1288";"Масло сланцевое *";"307";"групповая";"20";"нет";"READY";""
"1289";"НАТРИЯ МЕТИЛАТА РАСТВОР в спирте";"319";"групповая";"3";"нет";"READY";""
"1292";"Олигоэтоксисиланов смесь гомогенная";"315";"групповая";"14";"нет";"READY";""
"1292";"Тетраэтилсиликат";"315";"групповая";"14";"нет";"READY";""
"1293";"Капли гофманские";"328";"групповая";"19";"нет";"READY";""
"1293";"Настойки медицинские";"328";"групповая";"19";"нет";"READY";""
"1293";"Препараты галеновые";"328";"групповая";"19";"нет";"READY";""
"1294";"Толуол";"309";"групповая";"2";"нет";"READY";""
"1295";"Трихлорсилан";"431";"групповая";"4";"нет";"READY";""
"1296";"Триэтиламин";"311";"групповая";"25";"нет";"READY";""
"1297";"ТРИМЕТИЛАМИНА ВОДНЫЙ РАСТВОР с массовой долей триметиламина не более 50%";"311";"групповая";"25";"нет";"READY";""
"1298";"Триметилхлорсилан *";"321";"групповая";"6";"нет";"READY";""
"1299";"Скипидар";"315";"групповая";"14";"нет";"READY";""
"1300";"СКИПИДАРА ЗАМЕНИТЕЛЬ";"305";"групповая";"36";"нет";"READY";""
"1301";"Винилацетат стабилизированный";"306";"групповая";"53";"нет";"READY";""
"1302";"Эфир винилэтиловый стабилизированный";"301";"групповая";"15";"нет";"READY";""
"1303";"Винилиденхлорид стабилизированный";"312";"групповая";"27";"нет";"READY";""
"1304";"Эфир винилизобутиловый стабилизированный";"306";"групповая";"53";"нет";"READY";""
"1305";"Винилтрихлорсилан";"321";"групповая";"6";"нет";"READY";""
"1306";"АНТИСЕПТИКИ ДЛЯ ДРЕВЕСИНЫ ЖИДКИЕ (давление паров при 50 °C более 110 кПа)";"328";"групповая";"19";"нет";"READY";""
"1306";"АНТИСЕПТИКИ ДЛЯ ДРЕВЕСИНЫ ЖИДКИЕ (давление паров при 50 °C не более 110 кПа)";"328";"групповая";"19";"нет";"READY";""
"1306";"АНТИСЕПТИКИ ДЛЯ ДРЕВЕСИНЫ ЖИДКИЕ (имеющие температуру вспышки ниже 23 °C и вязкие) (давление паров при 50 °C более 110 кПа, температура кипения более 35 °C)";"328";"групповая";"19";"нет";"READY";""
"1306";"АНТИСЕПТИКИ ДЛЯ ДРЕВЕСИНЫ ЖИДКИЕ (имеющие температуру вспышки ниже 23 °C и вязкие) (давление паров при 50 °C не более 110 кПа)";"328";"групповая";"19";"нет";"READY";""
"1306";"АНТИСЕПТИКИ ДЛЯ ДРЕВЕСИНЫ ЖИДКИЕ (имеющие температуру вспышки ниже 23 °C и вязкие) (температура кипения не более 35 °C)";"328";"групповая";"19";"нет";"READY";""
"1306";"АНТИСЕПТИКИ ДЛЯ ДРЕВЕСИНЫ ЖИДКИЕ (невязкие)";"328";"групповая";"19";"нет";"READY";""
"1307";"Ксилолы";"309";"групповая";"2";"нет";"READY";""
"1308";"ЦИРКОНИЙ, СУСПЕНДИРОВАННЫЙ В ЛЕГКОВОСПЛАМЕНЯЮЩЕЙСЯ ЖИДКОСТИ";"328";"групповая";"19";"нет";"READY";""
"1308";"ЦИРКОНИЙ, СУСПЕНДИРОВАННЫЙ В ЛЕГКОВОСПЛАМЕНЯЮЩЕЙСЯ ЖИДКОСТИ (давление паров при 50 °C более 110 кПа)";"328";"групповая";"19";"нет";"READY";""
"1308";"ЦИРКОНИЙ, СУСПЕНДИРОВАННЫЙ В ЛЕГКОВОСПЛАМЕНЯЮЩЕЙСЯ ЖИДКОСТИ (давление паров при 50 °C не более 110 кПа)";"328";"групповая";"19";"нет";"READY";""
"1309";"Алюминий - порошок покрытый";"403";"групповая";"10";"нет";"READY";""
"1310";"АММОНИЯ ПИКРАТ УВЛАЖНЕННЫЙ с массовой долей воды не менее 10%";"404";"групповая";"52";"нет";"READY";""
"1312";"Борнеол";"402";"групповая";"19";"нет";"READY";""
"1313";"Кальция резинат";"404";"групповая";"52";"нет";"READY";""
"1314";"Кальция резинат расплавленный";"404";"групповая";"52";"нет";"READY";""
"1318";"Кобальта резинат осажденный";"404";"групповая";"52";"нет";"READY";""
"1320";"ДИНИТРОФЕНОЛ УВЛАЖНЕННЫЙ с массовой долей воды не менее 15%";"404";"групповая";"52";"нет";"READY";""
"1321";"ДИНИТРОФЕНОЛЯТЫ УВЛАЖНЕННЫЕ с массовой долей воды не менее 15%";"404";"групповая";"52";"нет";"READY";""
"1322";"ДИНИТРОРЕЗОРЦИН УВЛАЖНЕННЫЙ с массовой долей воды не менее 15%";"404";"групповая";"52";"нет";"READY";""
"1323";"Ферроцерий";"403";"групповая";"10";"нет";"READY";""
"1324";"КИНО- И ФОТОПЛЕНКА НА НИТРОЦЕЛЛЮЛОЗНОЙ ОСНОВЕ, покрытая желатином, исключая отходы";"402";"групповая";"19";"нет";"READY";""
"1325";"ВЕЩЕСТВО ТВЕРДОЕ ЛЕГКОВОСПЛАМЕНЯЮЩЕЕСЯ ОРГАНИЧЕСКОЕ, Н.У.К.";"401";"групповая";"5";"нет";"READY";""
"1325";"Генераторы огнетушащего аэрозоля типа ПАГ";"401";"групповая";"5";"нет";"READY";""
"1325";"Камфен, технический";"401";"групповая";"5";"нет";"READY";""
"1325";"Линт хлопковый";"401";"групповая";"5";"нет";"READY";""
"1325";"Модификаторы легковоспламеняющиеся твердые";"401";"групповая";"5";"нет";"READY";""
"1325";"Пенька чесаная";"401";"групповая";"5";"нет";"READY";""
"1325";"Хлопок-сырец";"401";"групповая";"5";"нет";"READY";""
"1325";"Циклододекан";"401";"групповая";"5";"нет";"READY";""
"1326";"ГАФНИЙ - ПОРОШОК УВЛАЖНЕННЫЙ с долей воды не менее 25%";"403";"групповая";"10";"нет";"READY";""
"1328";"Гексаметилентетрамин";"402";"групповая";"19";"нет";"READY";""
"1330";"Марганца резинат";"404";"групповая";"52";"нет";"READY";""
"1331";"Термоспички";"402";"групповая";"19";"нет";"READY";""
"1332";"Метальдегид";"402";"групповая";"19";"нет";"READY";""
"1333";"ЦЕРИЙ - пластинки, слитки или бруски";"403";"групповая";"10";"нет";"READY";""
"1334";"НАФТАЛИН СЫРОЙ или НАФТАЛИН ОЧИЩЕННЫЙ";"402";"групповая";"19";"нет";"READY";""
"1336";"НИТРОГУАНИДИН (ПИКРИТ) УВЛАЖНЕННЫЙ с массовой долей воды не менее 20%";"404";"групповая";"52";"нет";"READY";""
"1337";"НИТРОКРАХМАЛ УВЛАЖНЕННЫЙ с массовой долей воды не менее 20%";"404";"групповая";"52";"нет";"READY";""
"1338";"ФОСФОР АМОРФНЫЙ";"404";"групповая";"52";"нет";"READY";""
"1339";"ФОСФОРА ГЕПТАСУЛЬФИД, не содержащий желтого или белого фосфора";"404";"групповая";"52";"нет";"READY";""
"1340";"ФОСФОРА ПЕНТАСУЛЬФИД, не содержащий желтого или белого фосфора";"409";"групповая";"44";"нет";"READY";""
"1341";"ФОСФОРА СЕСКВИСУЛЬФИД, не содержащий желтого или белого фосфора";"404";"групповая";"52";"нет";"READY";""
"1343";"ФОСФОРА ТРИСУЛЬФИД, не содержащий желтого или белого фосфора";"404";"групповая";"52";"нет";"READY";""
"1344";"ТРИНИТРОФЕНОЛ УВЛАЖНЕННЫЙ с массовой долей воды не менее 30%";"404";"групповая";"52";"нет";"READY";""
"1345";"КАУЧУКА ОТХОДЫ или КАУЧУК РЕГЕНЕРИРОВАННЫЙ, порошок или гранулы размером не более 840 микрон с более 45% каучука";"402";"групповая";"19";"нет";"READY";""
"1346";"КРЕМНИЙ - ПОРОШОК АМОРФНЫЙ";"403";"групповая";"10";"нет";"READY";""
"1347";"СЕРЕБРА ПИКРАТ УВЛАЖНЕННЫЙ с массовой долей воды не менее 30%";"404";"групповая";"52";"нет";"READY";""
"1348";"НАТРИЯ ДИНИТРО-о-КРЕЗОЛЯТ УВЛАЖНЕННЫЙ с массовой долей воды не менее 15%";"404";"групповая";"52";"нет";"READY";""
"1349";"НАТРИЯ ПИКРАМАТ УВЛАЖНЕННЫЙ с массовой долей воды не менее 20%";"404";"групповая";"52";"нет";"READY";""
"1350";"Сера";"404";"групповая";"52";"нет";"READY";""
"1352";"ТИТАН - ПОРОШОК УВЛАЖНЕННЫЙ с долей воды не менее 25%";"403";"групповая";"10";"нет";"READY";""
"1353";"ВОЛОКНА или ТКАНИ, ПРОПИТАННЫЕ НИТРОЦЕЛЛЮЛОЗОЙ С НИЗКИМ СОДЕРЖАНИЕМ НИТРАТОВ, Н.У.К.";"402";"групповая";"19";"нет";"READY";""
"1353";"Гранитоль обувной на нитроцеллюлозной основе";"402";"групповая";"19";"нет";"READY";""
"1354";"ТРИНИТРОБЕНЗОЛ УВЛАЖНЕННЫЙ с массовой долей воды не менее 30%";"404";"групповая";"52";"нет";"READY";""
"1355";"КИСЛОТА ТРИНИТРОБЕНЗОЙНАЯ УВЛАЖНЕННАЯ с массовой долей воды не менее 30%";"404";"групповая";"52";"нет";"READY";""
"1356";"ТРИНИТРОТОЛУОЛ (ТНТ) УВЛАЖНЕННЫЙ с массовой долей воды не менее 30%";"404";"групповая";"52";"нет";"READY";""
"1357";"КАРБАМИДА НИТРАТ УВЛАЖНЕННЫЙ с массовой долей воды не менее 20%";"404";"групповая";"52";"нет";"READY";""
"1358";"ЦИРКОНИЙ - ПОРОШОК УВЛАЖНЕННЫЙ с долей воды не менее 25%";"403";"групповая";"10";"нет";"READY";""
"1360";"Кальция фосфид";"408";"групповая";"17";"нет";"READY";""
"1361";"УГОЛЬ или САЖА животного или растительного происхождения";"405";"групповая";"36";"нет";"READY";""
"1362";"Сульфоуголь";"405";"групповая";"36";"нет";"READY";""
"1362";"Уголь активированный";"405";"групповая";"36";"нет";"READY";""
"1363";"Копра";"405";"групповая";"36";"нет";"READY";""
"1364";"Отходы волокнистые хлопкоочистительных заводов";"405";"групповая";"36";"нет";"READY";""
"1364";"Отходы текстильные, промасленные";"405";"групповая";"36";"нет";"READY";""
"1364";"ХЛОПКА ОТХОДЫ, ПРОПИТАННЫЕ МАСЛОМ";"405";"групповая";"36";"нет";"READY";""
"1365";"Хлопок влажный";"405";"групповая";"36";"нет";"READY";""
"1369";"п-Нитрозодиметиланилин";"405";"групповая";"36";"нет";"READY";""
"1373";"ВОЛОКНА или ТКАНИ ЖИВОТНОГО или РАСТИТЕЛЬНОГО или СИНТЕТИЧЕСКОГО ПРОИСХОЖДЕНИЯ, Н.У.К., пропитанные маслом";"415";"групповая";"14";"нет";"READY";""
"1374";"МУКА РЫБНАЯ (РЫБНЫЕ ОТХОДЫ) НЕСТАБИЛИЗИРОВАННАЯ";"405";"групповая";"36";"нет";"READY";""
"1376";"ЖЕЛЕЗА ОКСИД ОТРАБОТАННЫЙ или ЖЕЛЕЗО ГУБЧАТОЕ - ОТХОДЫ, полученные при очистке каменноугольного газа";"405";"групповая";"36";"нет";"READY";""
"1378";"КАТАЛИЗАТОР МЕТАЛЛИЧЕСКИЙ УВЛАЖНЕННЫЙ с видимым избытком жидкости";"405";"групповая";"36";"нет";"READY";""
"1379";"БУМАГА, ОБРАБОТАННАЯ НЕНАСЫЩЕННЫМИ МАСЛАМИ, не полностью высушенная (включая бумагу копировальную)";"405";"групповая";"36";"нет";"READY";""
"1380";"Пентаборан";"407";"групповая";"5";"нет";"READY";""
"1381";"ФОСФОР БЕЛЫЙ (ЖЕЛТЫЙ) ПОД СЛОЕМ ВОДЫ или В РАСТВОРЕ";"406";"групповая";"4";"нет";"READY";""
"1381";"ФОСФОР БЕЛЫЙ (ЖЕЛТЫЙ) СУХОЙ";"406";"групповая";"4";"нет";"READY";""
"1382";"КАЛИЯ СУЛЬФИД БЕЗВОДНЫЙ или КАЛИЯ СУЛЬФИД с долей кристаллизационной воды менее 30%";"409";"групповая";"44";"нет";"READY";""
"1383";"МЕТАЛЛ ПИРОФОРНЫЙ, Н.У.К., или СПЛАВ ПИРОФОРНЫЙ, Н.У.К.";"415";"групповая";"14";"нет";"READY";""
"1384";"НАТРИЯ ДИТИОНИТ (НАТРИЯ ГИДРОСУЛЬФИТ)";"405";"групповая";"36";"нет";"READY";""
"1385";"НАТРИЯ СУЛЬФИД БЕЗВОДНЫЙ или НАТРИЯ СУЛЬФИД с долей кристаллизационной воды менее 30%";"409";"групповая";"44";"нет";"READY";""
"1386";"ЖМЫХ с массовой долей масла более 1,5% и влаги не более 11%";"405";"групповая";"36";"нет";"READY";""
"1389";"АМАЛЬГАМА ЩЕЛОЧНЫХ МЕТАЛЛОВ, ЖИДКАЯ";"421";"групповая";"12";"нет";"READY";""
"1390";"АМИДЫ ЩЕЛОЧНЫХ МЕТАЛЛОВ";"421";"групповая";"12";"нет";"READY";""
"1390";"Калия амид";"421";"групповая";"12";"нет";"READY";""
"1390";"Лития амид";"421";"групповая";"12";"нет";"READY";""
"1390";"Натрия амид";"421";"групповая";"12";"нет";"READY";""
"1391";"МЕТАЛЛ ЩЕЛОЧНОЙ ДИСПЕРГИРОВАННЫЙ или МЕТАЛЛ ЩЕЛОЧНОЗЕМЕЛЬНЫЙ ДИСПЕРГИРОВАННЫЙ";"409";"групповая";"44";"нет";"READY";""
"1392";"АМАЛЬГАМА ЩЕЛОЧНОЗЕМЕЛЬНЫХ МЕТАЛЛОВ, ЖИДКАЯ";"421";"групповая";"12";"нет";"READY";""
"1393";"Кальция сплавы";"421";"групповая";"12";"нет";"READY";""
"1393";"ЩЕЛОЧНОЗЕМЕЛЬНЫХ МЕТАЛЛОВ СПЛАВ, Н.У.К.";"421";"групповая";"12";"нет";"READY";""
"1394";"Алюминия карбид";"408";"групповая";"17";"нет";"READY";""
"1395";"Алюминий-ферросилиций - порошок";"408";"групповая";"17";"нет";"READY";""
"1396";"Алюминий - порошок непокрытый";"409";"групповая";"44";"нет";"READY";""
"1397";"Алюминия фосфид";"408";"групповая";"17";"нет";"READY";""
"1398";"АЛЮМИНИЯ СИЛИЦИД - ПОРОШОК НЕПОКРЫТЫЙ";"409";"групповая";"44";"нет";"READY";""
"1400";"Барий";"409";"групповая";"44";"нет";"READY";""
"1401";"Кальций";"409";"групповая";"44";"нет";"READY";""
"1402";"Кальция карбид";"408";"групповая";"17";"нет";"READY";""
"1403";"КАЛЬЦИЯ ЦИАНАМИД с массовой долей карбида кальция более 0,1%";"408";"групповая";"17";"нет";"READY";""
"1404";"Кальция гидрид";"408";"групповая";"17";"нет";"READY";""
"1405";"Кальция силицид";"408";"групповая";"17";"нет";"READY";""
"1407";"Цезий";"409";"групповая";"44";"нет";"READY";""
"1408";"ФЕРРОСИЛИЦИЙ с массовой долей кремния не менее 30%, но менее 90%";"408";"групповая";"17";"нет";"READY";""
"1409";"ГИДРИДЫ МЕТАЛЛОВ, РЕАГИРУЮЩИЕ С ВОДОЙ, Н.У.К.";"421";"групповая";"12";"нет";"READY";""
"1409";"Калия гидрид";"421";"групповая";"12";"нет";"READY";""
"1410";"Лития алюмогидрид";"409";"групповая";"44";"нет";"READY";""
"1411";"Лития алюмогидрид в эфире";"407";"групповая";"5";"нет";"READY";""
"1413";"Лития боргидрид";"409";"групповая";"44";"нет";"READY";""
"1414";"Лития гидрид";"409";"групповая";"44";"нет";"READY";""
"1415";"Литий";"409";"групповая";"44";"нет";"READY";""
"1417";"Лития силицид";"409";"групповая";"44";"нет";"READY";""
"1418";"МАГНИЙ - ПОРОШОК или МАГНИЯ СПЛАВЫ - ПОРОШОК";"409";"групповая";"44";"нет";"READY";""
"1419";"Магния-алюминия фосфид";"408";"групповая";"17";"нет";"READY";""
"1420";"КАЛИЯ МЕТАЛЛИЧЕСКИЕ СПЛАВЫ, ЖИДКИЕ";"409";"групповая";"44";"нет";"READY";""
"1421";"ЩЕЛОЧНЫХ МЕТАЛЛОВ СПЛАВ ЖИДКИЙ, Н.У.К.";"421";"групповая";"12";"нет";"READY";""
"1422";"КАЛИЯ - НАТРИЯ СПЛАВЫ, ЖИДКИЕ";"409";"групповая";"44";"нет";"READY";""
"1423";"Рубидий";"409";"групповая";"44";"нет";"READY";""
"1426";"Натрия боргидрид";"409";"групповая";"44";"нет";"READY";""
"1427";"Натрия гидрид";"409";"групповая";"44";"нет";"READY";""
"1428";"Натрий";"409";"групповая";"44";"нет";"READY";""
"1431";"Натрия метилат";"406";"групповая";"4";"нет";"READY";""
"1432";"Натрия фосфид";"408";"групповая";"17";"нет";"READY";""
"1433";"Олова фосфид";"408";"групповая";"17";"нет";"READY";""
"1435";"Шлак ЦИНКОВЫЙ";"409";"групповая";"44";"нет";"READY";""
"1436";"ЦИНК - ПОРОШОК или ЦИНК - ПЫЛЬ";"409";"групповая";"44";"нет";"READY";""
"1437";"Циркония гидрид";"409";"групповая";"44";"нет";"READY";""
"1438";"Алюминия нитрат";"501";"групповая";"76";"нет";"READY";""
"1439";"Аммония дихромат";"501";"групповая";"76";"нет";"READY";""
"1442";"Аммония перхлорат";"501";"групповая";"76";"нет";"READY";""
"1444";"Аммония персульфат";"501";"групповая";"76";"нет";"READY";""
"1445";"БАРИЯ ХЛОРАТ, ТВЕРДЫЙ";"503";"групповая";"13";"нет";"READY";""
"1446";"Бария нитрат";"503";"групповая";"13";"нет";"READY";""
"1447";"БАРИЯ ПЕРХЛОРАТ, ТВЕРДЫЙ";"503";"групповая";"13";"нет";"READY";""
"1448";"Бария перманганат";"503";"групповая";"13";"нет";"READY";""
"1449";"Бария пероксид";"503";"групповая";"13";"нет";"READY";""
"1450";"БРОМАТЫ НЕОРГАНИЧЕСКИЕ, Н.У.К.";"501";"групповая";"76";"нет";"READY";""
"1451";"Цезия нитрат";"501";"групповая";"76";"нет";"READY";""
"1452";"Кальция хлорат";"501";"групповая";"76";"нет";"READY";""
"1453";"Кальция хлорит";"501";"групповая";"76";"нет";"READY";""
"1454";"Кальция нитрат";"501";"групповая";"76";"нет";"READY";""
"1455";"Кальция перхлорат";"501";"групповая";"76";"нет";"READY";""
"1456";"Кальция перманганат";"501";"групповая";"76";"нет";"READY";""
"1457";"Кальция пероксид";"509";"групповая";"11";"нет";"READY";""
"1458";"ХЛОРАТА И БОРАТА СМЕСЬ";"501";"групповая";"76";"нет";"READY";""
"1459";"ХЛОРАТА И МАГНИЯ ХЛОРИДА СМЕСЬ, ТВЕРДАЯ";"501";"групповая";"76";"нет";"READY";""
"1461";"Хлораты неорганические, н.у.к.";"501";"групповая";"76";"нет";"READY";""
"1462";"Хлориты неорганические, н.у.к.";"501";"групповая";"76";"нет";"READY";""
"1463";"Хрома триоксид безводный";"502";"индивидуальная";"1";"нет";"READY";""
"1465";"Дидима нитрат";"501";"групповая";"76";"нет";"READY";""
"1466";"Железа нитрат";"501";"групповая";"76";"нет";"READY";""
"1467";"Гуанидина нитрат";"501";"групповая";"76";"нет";"READY";""
"1469";"Свинца нитрат";"503";"групповая";"13";"нет";"READY";""
"1470";"СВИНЦА ПЕРХЛОРАТ, ТВЕРДЫЙ";"503";"групповая";"13";"нет";"READY";""
"1471";"ЛИТИЯ ГИПОХЛОРИТ СУХОЙ или ЛИТИЯ ГИПОХЛОРИТА СМЕСЬ";"501";"групповая";"76";"нет";"READY";""
"1472";"Лития пероксид";"509";"групповая";"11";"нет";"READY";""
"1473";"Магния бромат";"501";"групповая";"76";"нет";"READY";""
"1474";"Магния нитрат";"501";"групповая";"76";"нет";"READY";""
"1475";"Магния перхлорат";"501";"групповая";"76";"нет";"READY";""
"1476";"Магния пероксид";"509";"групповая";"11";"нет";"READY";""
"1477";"Висмута (III) нитрат";"501";"групповая";"76";"нет";"READY";""
"1477";"Нитраты неорганические, н.у.к.";"501";"групповая";"76";"нет";"READY";""
"1479";"Аммония хромат";"501";"групповая";"76";"нет";"READY";""
"1479";"ВЕЩЕСТВО ТВЕРДОЕ ОКИСЛЯЮЩЕЕ, Н.У.К.";"501";"групповая";"76";"нет";"READY";""
"1479";"Гексахлормеламин, флегматизированный";"501";"групповая";"76";"нет";"READY";""
"1479";"Дихлорамины";"501";"групповая";"76";"нет";"READY";""
"1479";"Марганца (IV) оксид";"501";"групповая";"76";"нет";"READY";""
"1481";"Перхлораты неорганические, н.у.к.";"501";"групповая";"76";"нет";"READY";""
"1482";"Перманганаты неорганические, н.у.к.";"501";"групповая";"76";"нет";"READY";""
"1483";"Пероксиды неорганические, н.у.к.";"509";"групповая";"11";"нет";"READY";""
"1484";"Калия бромат";"501";"групповая";"76";"нет";"READY";""
"1485";"КАЛИЯ ХЛОРАТ";"501";"групповая";"76";"нет";"READY";""
"1486";"Калия нитрат";"501";"групповая";"76";"нет";"READY";""
"1487";"КАЛИЯ НИТРАТА И НАТРИЯ НИТРИТА СМЕСЬ";"501";"групповая";"76";"нет";"READY";""
"1488";"Калия нитрит";"501";"групповая";"76";"нет";"READY";""
"1489";"Калия перхлорат";"501";"групповая";"76";"нет";"READY";""
"1490";"Калия перманганат";"501";"групповая";"76";"нет";"READY";""
"1491";"Калия пероксид";"509";"групповая";"11";"нет";"READY";""
"1492";"Калия персульфат";"501";"групповая";"76";"нет";"READY";""
"1493";"Серебра нитрат";"501";"групповая";"76";"нет";"READY";""
"1494";"Натрия бромат";"501";"групповая";"76";"нет";"READY";""
"1495";"Натрия хлорат";"501";"групповая";"76";"нет";"READY";""
"1496";"Натрия хлорит";"501";"групповая";"76";"нет";"READY";""
"1498";"Натрия нитрат";"501";"групповая";"76";"нет";"READY";""
"1499";"НАТРИЯ НИТРАТА И КАЛИЯ НИТРАТА СМЕСЬ";"501";"групповая";"76";"нет";"READY";""
"1500";"Натрия нитрит";"503";"групповая";"13";"нет";"READY";""
"1502";"Натрия перхлорат";"501";"групповая";"76";"нет";"READY";""
"1503";"Натрия перманганат";"501";"групповая";"76";"нет";"READY";""
"1504";"Натрия пероксид";"509";"групповая";"11";"нет";"READY";""
"1505";"Натрия персульфат";"501";"групповая";"76";"нет";"READY";""
"1506";"Стронция хлорат";"501";"групповая";"76";"нет";"READY";""
"1507";"Стронция нитрат";"501";"групповая";"76";"нет";"READY";""
"1508";"Стронция перхлорат";"501";"групповая";"76";"нет";"READY";""
"1509";"Стронция пероксид";"509";"групповая";"11";"нет";"READY";""
"1510";"Тетранитрометан";"658";"индивидуальная";"1";"нет";"READY";""
"1511";"Карбамида и водорода пероксида комплекс";"507";"индивидуальная";"1";"нет";"READY";""
"1512";"Цинка-аммония нитрит";"501";"групповая";"76";"нет";"READY";""
"1513";"Цинка хлорат";"501";"групповая";"76";"нет";"READY";""
"1514";"Цинка нитрат";"501";"групповая";"76";"нет";"READY";""
"1515";"Цинка перманганат";"501";"групповая";"76";"нет";"READY";""
"1516";"Цинка пероксид";"509";"групповая";"11";"нет";"READY";""
"1517";"ЦИРКОНИЯ ПИКРАМАТ УВЛАЖНЕННЫЙ с массовой долей воды не менее 20%";"404";"групповая";"52";"нет";"READY";""
"1541";"Ацетонциангидрин стабилизированный";"602";"групповая";"5";"нет";"READY";""
"1544";"АЛКАЛОИДЫ ТВЕРДЫЕ, Н.У.К., или АЛКАЛОИДОВ СОЛИ ТВЕРДЫЕ, Н.У.К.";"620";"групповая";"18";"нет";"READY";""
"1544";"Анабазина сульфат, твердый";"620";"групповая";"18";"нет";"READY";""
"1544";"Цинхонин";"620";"групповая";"18";"нет";"READY";""
"1545";"АЛЛИЛИЗОТИОЦИАНАТ СТАБИЛИЗИРОВАННЫЙ *";"609";"групповая";"25";"нет";"READY";""
"1546";"Аммония арсенат";"603";"групповая";"61";"нет";"READY";""
"1547";"Анилин *";"608";"групповая";"78";"нет";"READY";""
"1548";"Анилина гидрохлорид ***";"616";"групповая";"38";"нет";"READY";""
"1549";"СУРЬМЫ СОЕДИНЕНИЕ НЕОРГАНИЧЕСКОЕ ТВЕРДОЕ, Н.У.К.";"630";"групповая";"36";"нет";"READY";""
"1550";"Сурьмы лактат";"620";"групповая";"18";"нет";"READY";""
"1551";"Сурьмы - калия тартрат";"620";"групповая";"18";"нет";"READY";""
"1553";"Кислота мышьяковая жидкая";"622";"групповая";"10";"нет";"READY";""
"1554";"Кислота мышьяковая твердая";"603";"групповая";"61";"нет";"READY";""
"1555";"Мышьяка бромид *";"603";"групповая";"61";"нет";"READY";""
"1556";"МЫШЬЯКА СОЕДИНЕНИЕ ЖИДКОЕ, Н.У.К., неорганическое, включая: Арсенаты, н.у.к., Арсениты, н.у.к., и Мышьяка сульфиды, н.у.к..";"630";"групповая";"36";"нет";"READY";""
"1556";"Мышьяково-содовый раствор";"630";"групповая";"36";"нет";"READY";""
"1557";"Кальция арсенит";"630";"групповая";"36";"нет";"READY";""
"1557";"МЫШЬЯКА СОЕДИНЕНИЕ ТВЕРДОЕ, Н.У.К., неорганическое, включая: Арсенаты, н.у.к., Арсениты, н.у.к., и Мышьяка сульфиды, н.у.к.";"630";"групповая";"36";"нет";"READY";""
"1557";"Олова арсенид";"630";"групповая";"36";"нет";"READY";""
"1558";"Мышьяк";"617";"групповая";"7";"нет";"READY";""
"1559";"Мышьяка пентаоксид";"603";"групповая";"61";"нет";"READY";""
"1560";"Мышьяка трихлорид";"622";"групповая";"10";"нет";"READY";""
"1561";"Мышьяка триоксид";"603";"групповая";"61";"нет";"READY";""
"1562";"Мышьяковая пыль";"617";"групповая";"7";"нет";"READY";""
"1564";"Бария бромид";"630";"групповая";"36";"нет";"READY";""
"1564";"Бария карбонат";"630";"групповая";"36";"нет";"READY";""
"1564";"БАРИЯ СОЕДИНЕНИЕ, Н.У.К.";"630";"групповая";"36";"нет";"READY";""
"1564";"Бария сульфид";"630";"групповая";"36";"нет";"READY";""
"1564";"Бария хлорид";"630";"групповая";"36";"нет";"READY";""
"1564";"Бария хромат";"630";"групповая";"36";"нет";"READY";""
"1564";"Смеси солей бария для термообработки (НТ-495, НТ-660, БМФ)";"630";"групповая";"36";"нет";"READY";""
"1564";"Сольбар";"630";"групповая";"36";"нет";"READY";""
"1565";"Бария цианид";"619";"групповая";"18";"нет";"READY";""
"1566";"БЕРИЛЛИЯ СОЕДИНЕНИЕ, Н.У.К.";"630";"групповая";"36";"нет";"READY";""
"1567";"БЕРИЛЛИЙ - ПОРОШОК";"617";"групповая";"7";"нет";"READY";""
"1569";"Бромацетон";"647";"групповая";"14";"нет";"READY";""
"1570";"Бруцин";"620";"групповая";"18";"нет";"READY";""
"1571";"БАРИЯ АЗИД УВЛАЖНЕННЫЙ с массовой долей воды не менее 50%";"404";"групповая";"52";"нет";"READY";""
"1572";"Кислота какодиловая";"603";"групповая";"61";"нет";"READY";""
"1573";"Кальция арсенат *";"603";"групповая";"61";"нет";"READY";""
"1574";"КАЛЬЦИЯ АРСЕНАТА И КАЛЬЦИЯ АРСЕНИТА СМЕСЬ ТВЕРДАЯ *";"603";"групповая";"61";"нет";"READY";""
"1575";"Кальция цианид";"619";"групповая";"18";"нет";"READY";""
"1577";"Хлординитробензолы жидкие *";"608";"групповая";"78";"нет";"READY";""
"1578";"ХЛОРНИТРОБЕНЗОЛЫ, ТВЕРДЫЕ ***";"616";"групповая";"38";"нет";"READY";""
"1579";"4-ХЛОР-о-ТОЛУИДИНГИДРОХЛОРИД, ТВЕРДЫЙ";"616";"групповая";"38";"нет";"READY";""
"1580";"Хлорпикрин";"624";"групповая";"4";"нет";"READY";""
"1581";"ХЛОРПИКРИНА И МЕТИЛБРОМИДА СМЕСЬ, содержащая более 2% хлорпикрина";"209";"групповая";"16";"нет";"READY";""
"1582";"Хлорпикрина и метилхлорида смесь";"209";"групповая";"16";"нет";"READY";""
"1583";"ХЛОРПИКРИНА СМЕСЬ, Н.У.К.";"624";"групповая";"4";"нет";"READY";""
"1585";"Меди ацетоарсенит *";"603";"групповая";"61";"нет";"READY";""
"1586";"Меди арсенит";"603";"групповая";"61";"нет";"READY";""
"1587";"Меди цианид";"619";"групповая";"18";"нет";"READY";""
"1588";"Кадмия цианид";"619";"групповая";"18";"нет";"READY";""
"1588";"ЦИАНИДЫ НЕОРГАНИЧЕСКИЕ ТВЕРДЫЕ, Н.У.К.";"619";"групповая";"18";"нет";"READY";""
"1588";"Цианплав";"619";"групповая";"18";"нет";"READY";""
"1589";"Хлорциан стабилизированный";"203";"групповая";"22";"нет";"READY";""
"1590";"Дихлоранилины жидкие ***";"608";"групповая";"78";"нет";"READY";""
"1591";"о-Дихлорбензол **";"608";"групповая";"78";"нет";"READY";""
"1593";"Дихлорметан";"605";"групповая";"25";"нет";"READY";""
"1594";"Диэтилсульфат *";"611";"групповая";"19";"нет";"READY";""
"1595";"Диметилсульфат *";"611";"групповая";"19";"нет";"READY";""
"1596";"Динитроанилины *";"608";"групповая";"78";"нет";"READY";""
"1597";"ДИНИТРОБЕНЗОЛЫ, ЖИДКИЕ *";"608";"групповая";"78";"нет";"READY";""
"1598";"ДИНИТРО-о-КРЕЗОЛ *";"608";"групповая";"78";"нет";"READY";""
"1599";"Динитрофенола раствор *";"608";"групповая";"78";"нет";"READY";""
"1600";"Динитротолуолы расплавленные *";"608";"групповая";"78";"нет";"READY";""
"1601";"СРЕДСТВО ДЕЗИНФИЦИРУЮЩЕЕ ТВЕРДОЕ ЯДОВИТОЕ, Н.У.К.";"634";"групповая";"5";"нет";"READY";""
"1602";"КРАСИТЕЛЬ ЖИДКИЙ ЯДОВИТЫЙ, Н.У.К., или ПОЛУПРОДУКТ СИНТЕЗА КРАСИТЕЛЕЙ ЖИДКИЙ ЯДОВИТЫЙ, Н.У.К.";"615";"групповая";"4";"нет";"READY";""
"1603";"Этилбромацетат";"647";"групповая";"14";"нет";"READY";""
"1604";"Этилендиамин *";"807";"групповая";"31";"нет";"READY";""
"1605";"Этилендибромид";"605";"групповая";"25";"нет";"READY";""
"1606";"Железа (III) арсенат *";"603";"групповая";"61";"нет";"READY";""
"1607";"ЖЕЛЕЗА (III) АРСЕНИТ *";"603";"групповая";"61";"нет";"READY";""
"1608";"Железа (II) арсенат *";"603";"групповая";"61";"нет";"READY";""
"1611";"ГЕКСАЭТИЛТЕТРАФОСФАТ # (р)";"614";"групповая";"10";"нет";"READY";""
"1612";"Гексаэтилтетрафосфата и газа сжатого смесь";"209";"групповая";"16";"нет";"READY";""
"1613";"КИСЛОТЫ ЦИАНИСТОВОДОРОДНОЙ ВОДНЫЙ РАСТВОР (ВОДОРОДА ЦИАНИДА ВОДНЫЙ РАСТВОР), содержащий не более 20% цианистого водорода";"602";"групповая";"5";"нет";"READY";""
"1614";"ВОДОРОДА ЦИАНИД СТАБИЛИЗИРОВАННЫЙ, содержащий менее 3% воды и абсорбированный пористым инертным материалом";"602";"групповая";"5";"нет";"READY";""
"1616";"Свинца ацетат";"620";"групповая";"18";"нет";"READY";""
"1617";"Свинца арсенаты *";"603";"групповая";"61";"нет";"READY";""
"1618";"Свинца арсениты *";"603";"групповая";"61";"нет";"READY";""
"1620";"Свинца цианид";"603";"групповая";"61";"нет";"READY";""
"1621";"Пурпур лондонский";"603";"групповая";"61";"нет";"READY";""
"1622";"Магния арсенат *";"603";"групповая";"61";"нет";"READY";""
"1623";"Ртути (II) арсенат";"603";"групповая";"61";"нет";"READY";""
"1624";"РТУТИ ДИХЛОРИД";"603";"групповая";"61";"нет";"READY";""
"1625";"Ртути (II) нитрат";"603";"групповая";"61";"нет";"READY";""
"1626";"ЦИАНИД РТУТНОКАЛИЕВЫЙ";"619";"групповая";"18";"нет";"READY";""
"1627";"Ртути (I) нитрат *";"603";"групповая";"61";"нет";"READY";""
"1629";"Ртути ацетат";"603";"групповая";"61";"нет";"READY";""
"1630";"Ртути (II) - аммония хлорид";"603";"групповая";"61";"нет";"READY";""
"1631";"Ртути (II) бензоат";"603";"групповая";"61";"нет";"READY";""
"1634";"Ртути бромиды";"603";"групповая";"61";"нет";"READY";""
"1636";"РТУТИ (II) ЦИАНИД";"619";"групповая";"18";"нет";"READY";""
"1637";"РТУТИ (II) ГЛЮКОНАТ";"603";"групповая";"61";"нет";"READY";""
"1638";"РТУТИ (II) ИОДИД";"603";"групповая";"61";"нет";"READY";""
"1639";"Ртути нуклеат";"603";"групповая";"61";"нет";"READY";""
"1640";"РТУТИ (II) ОЛЕАТ";"603";"групповая";"61";"нет";"READY";""
"1641";"Ртути оксид *";"603";"групповая";"61";"нет";"READY";""
"1642";"РТУТИ (II) ОКСИЦИАНИД ДЕСЕНСИБИЛИЗИРОВАННЫЙ";"619";"групповая";"18";"нет";"READY";""
"1643";"РТУТИ (II) - КАЛИЯ ИОДИД";"603";"групповая";"61";"нет";"READY";""
"1644";"Ртути салицилат";"603";"групповая";"61";"нет";"READY";""
"1645";"Ртути (II) сульфат *";"603";"групповая";"61";"нет";"READY";""
"1646";"Ртути (II) тиоцианат";"603";"групповая";"61";"нет";"READY";""
"1647";"МЕТИЛБРОМИДА И ЭТИЛЕНДИБРОМИДА СМЕСЬ ЖИДКАЯ";"605";"групповая";"25";"нет";"READY";""
"1648";"Ацетонитрил";"310";"групповая";"14";"нет";"READY";""
"1649";"Жидкость этиловая";"601";"групповая";"2";"нет";"READY";""
"1649";"ПРИСАДКА АНТИДЕТОНАЦИОННАЯ К МОТОРНОМУ ТОПЛИВУ";"601";"групповая";"2";"нет";"READY";""
"1650";"бета-Нафтиламин, твердый *";"608";"групповая";"78";"нет";"READY";""
"1651";"Нафтилтиомочевина";"612";"групповая";"6";"нет";"READY";""
"1652";"Нафтилмочевина *";"608";"групповая";"78";"нет";"READY";""
"1653";"Никеля цианид";"619";"групповая";"18";"нет";"READY";""
"1654";"Никотин";"620";"групповая";"18";"нет";"READY";""
"1655";"НИКОТИНА СОЕДИНЕНИЕ ТВЕРДОЕ, Н.У.К., или НИКОТИНА ПРЕПАРАТ ТВЕРДЫЙ, Н.У.К.";"620";"групповая";"18";"нет";"READY";""
"1656";"НИКОТИНА ГИДРОХЛОРИД, ЖИДКИЙ или НИКОТИНА ГИДРОХЛОРИДА РАСТВОР";"622";"групповая";"10";"нет";"READY";""
"1657";"Никотина салицилат";"620";"групповая";"18";"нет";"READY";""
"1658";"Никотина сульфата раствор";"622";"групповая";"10";"нет";"READY";""
"1659";"Никотина тартрат";"620";"групповая";"18";"нет";"READY";""
"1660";"АЗОТА (II) ОКСИД СЖАТЫЙ *";"203";"групповая";"22";"нет";"READY";""
"1661";"НИТРОАНИЛИНЫ (о-, м-, п-) *";"608";"групповая";"78";"нет";"READY";""
"1662";"Нитробензол *";"608";"групповая";"78";"нет";"READY";""
"1663";"НИТРОФЕНОЛЫ (о-, м-, п-) *";"616";"групповая";"38";"нет";"READY";""
"1664";"Нитротолуолы жидкие *";"608";"групповая";"78";"нет";"READY";""
"1665";"Нитроксилолы жидкие *";"608";"групповая";"78";"нет";"READY";""
"1669";"Пентахлорэтан";"605";"групповая";"25";"нет";"READY";""
"1670";"Перхлорметилмеркаптан";"612";"групповая";"6";"нет";"READY";""
"1671";"ФЕНОЛ ТВЕРДЫЙ (р)";"608";"групповая";"78";"нет";"READY";""
"1672";"Фенилкарбиламинохлорид ***";"616";"групповая";"38";"нет";"READY";""
"1673";"ФЕНИЛЕНДИАМИНЫ (о-, м-, п-) *";"608";"групповая";"78";"нет";"READY";""
"1674";"ФЕНИЛРТУТИ АЦЕТАТ";"619";"групповая";"18";"нет";"READY";""
"1677";"Калия арсенат";"603";"групповая";"61";"нет";"READY";""
"1678";"Калия арсенит";"603";"групповая";"61";"нет";"READY";""
"1679";"Калия тетрацианокупрат";"619";"групповая";"18";"нет";"READY";""
"1680";"КАЛИЯ ЦИАНИД, ТВЕРДЫЙ";"619";"групповая";"18";"нет";"READY";""
"1683";"Серебра арсенит *";"603";"групповая";"61";"нет";"READY";""
"1684";"Серебра цианид *";"603";"групповая";"61";"нет";"READY";""
"1685";"Натрия арсенат";"603";"групповая";"61";"нет";"READY";""
"1686";"Натрия арсенита водный раствор";"622";"групповая";"10";"нет";"READY";""
"1687";"Натрия азид";"619";"групповая";"18";"нет";"READY";""
"1688";"Натрия какодилат";"603";"групповая";"61";"нет";"READY";""
"1689";"НАТРИЯ ЦИАНИД, ТВЕРДЫЙ";"619";"групповая";"18";"нет";"READY";""
"1690";"НАТРИЯ ФТОРИД, ТВЕРДЫЙ";"603";"групповая";"61";"нет";"READY";""
"1691";"Стронция арсенит";"603";"групповая";"61";"нет";"READY";""
"1692";"СТРИХНИН или СТРИХНИНА СОЛИ";"620";"групповая";"18";"нет";"READY";""
"1693";"Вещество слезоточивое жидкое, Н.У.К.";"615";"групповая";"4";"нет";"READY";""
"1694";"Бромбензилцианиды жидкие ***";"616";"групповая";"38";"нет";"READY";""
"1695";"Хлорацетон стабилизированный";"606";"групповая";"9";"нет";"READY";""
"1697";"ХЛОРАЦЕТОФЕНОН, ТВЕРДЫЙ **";"616";"групповая";"38";"нет";"READY";""
"1698";"Дифениламинохлорарсин";"626";"групповая";"5";"нет";"READY";""
"1699";"Дифенилхлорарсин жидкий";"617";"групповая";"7";"нет";"READY";""
"1700";"Свечи газовые слезоточивые";"639";"групповая";"2";"нет";"READY";""
"1701";"КСИЛИЛБРОМИД, ЖИДКИЙ";"605";"групповая";"25";"нет";"READY";""
"1702";"Тетрахлорэтан";"605";"групповая";"25";"нет";"READY";""
"1704";"ТЕТРАЭТИЛДИТИОПИРОФОСФАТ **, # (р)";"614";"групповая";"10";"нет";"READY";""
"1707";"ТАЛЛИЯ СОЕДИНЕНИЕ, Н.У.К.";"630";"групповая";"36";"нет";"READY";""
"1708";"Толуидины жидкие *";"616";"групповая";"38";"нет";"READY";""
"1709";"2,4-Толуилендиамин твердый *";"608";"групповая";"78";"нет";"READY";""
"1710";"Трихлорэтилен";"605";"групповая";"25";"нет";"READY";""
"1711";"Ксилидины жидкие *";"608";"групповая";"78";"нет";"READY";""
"1712";"ЦИНКА АРСЕНАТ, ЦИНКА АРСЕНИТ * или ЦИНКА АРСЕНАТА И ЦИНКА АРСЕНИТА СМЕСЬ";"603";"групповая";"61";"нет";"READY";""
"1713";"Цинка цианид *";"603";"групповая";"61";"нет";"READY";""
"1714";"Цинка фосфид";"408";"групповая";"17";"нет";"READY";""
"1715";"Ангидрид уксусный $";"803";"групповая";"53";"нет";"READY";""
"1716";"Ацетилбромид **";"803";"групповая";"53";"нет";"READY";""
"1717";"Ацетилхлорид";"323";"групповая";"5";"нет";"READY";""
"1718";"Кислота бутилфосфорная ##";"803";"групповая";"53";"нет";"READY";""
"1719";"ЖИДКОСТЬ ЩЕЛОЧНАЯ ЕДКАЯ, Н.У.К.";"818";"групповая";"3";"нет";"READY";""
"1719";"Каустик отработанный";"818";"групповая";"3";"нет";"READY";""
"1719";"Щелочной сток производства капролактама (ЩСПК)";"818";"групповая";"3";"нет";"READY";""
"1722";"Аллилхлорформиат *";"611";"групповая";"19";"нет";"READY";""
"1723";"Аллилиодид";"323";"групповая";"5";"нет";"READY";""
"1724";"АЛЛИЛТРИХЛОРСИЛАН СТАБИЛИЗИРОВАННЫЙ $";"805";"групповая";"21";"нет";"READY";""
"1725";"Алюминия бромид безводный";"806";"групповая";"31";"нет";"READY";""
"1726";"Алюминия хлорид безводный";"806";"групповая";"31";"нет";"READY";""
"1727";"Аммония гидродифторид твердый";"806";"групповая";"31";"нет";"READY";""
"1728";"Амилтрихлорсилан";"805";"групповая";"21";"нет";"READY";""
"1729";"Анизоилхлорид **";"804";"групповая";"15";"нет";"READY";""
"1730";"Сурьмы пентахлорид жидкий";"801";"групповая";"42";"нет";"READY";""
"1731";"Сурьмы пентахлорида раствор";"801";"групповая";"42";"нет";"READY";""
"1732";"Сурьмы пентафторид *, **";"801";"групповая";"42";"нет";"READY";""
"1733";"Сурьмы трихлорид";"806";"групповая";"31";"нет";"READY";""
"1736";"Бензоилхлорид **";"804";"групповая";"15";"нет";"READY";""
"1737";"Бензилбромид";"647";"групповая";"14";"нет";"READY";""
"1738";"Бензилхлорид";"647";"групповая";"14";"нет";"READY";""
"1739";"Бензилхлорформиат";"814";"групповая";"2";"нет";"READY";""
"1740";"ГИДРОДИФТОРИДЫ, ТВЕРДЫЕ, Н.У.К.";"815";"групповая";"2";"нет";"READY";""
"1741";"Бора трихлорид";"203";"групповая";"22";"нет";"READY";""
"1742";"БОРА ТРИФТОРИД И КИСЛОТА УКСУСНАЯ - КОМПЛЕКС, ЖИДКИЙ **";"803";"групповая";"53";"нет";"READY";""
"1743";"БОРА ТРИФТОРИД И КИСЛОТА ПРОПИОНОВАЯ - КОМПЛЕКС, ЖИДКИЙ **";"803";"групповая";"53";"нет";"READY";""
"1744";"БРОМ или БРОМА РАСТВОР";"802";"групповая";"11";"нет";"READY";""
"1745";"Брома пентафторид";"504";"групповая";"3";"нет";"READY";""
"1746";"Брома трифторид";"504";"групповая";"3";"нет";"READY";""
"1747";"БУТИЛТРИХЛОРСИЛАН $";"805";"групповая";"21";"нет";"READY";""
"1748";"КАЛЬЦИЯ ГИПОХЛОРИТ СУХОЙ или КАЛЬЦИЯ ГИПОХЛОРИТА СМЕСЬ СУХАЯ, содержащая более 39% активного хлора (8,8% активного кислорода)";"501";"групповая";"76";"нет";"READY";""
"1749";"Хлора трифторид *";"203";"групповая";"22";"нет";"READY";""
"1750";"КИСЛОТЫ ХЛОРУКСУСНОЙ РАСТВОР *";"611";"групповая";"19";"нет";"READY";""
"1751";"Кислота хлоруксусная твердая *";"611";"групповая";"19";"нет";"READY";""
"1752";"Хлорацетилхлорид *";"611";"групповая";"19";"нет";"READY";""
"1753";"Хлорфенилтрихлорсилан";"805";"групповая";"21";"нет";"READY";""
"1754";"КИСЛОТА ХЛОРСУЛЬФОНОВАЯ (с серным ангидридом или без него)";"801";"групповая";"42";"нет";"READY";""
"1755";"КИСЛОТЫ ХРОМОВОЙ РАСТВОР";"801";"групповая";"42";"нет";"READY";""
"1756";"ХРОМА ФТОРИД ТВЕРДЫЙ";"806";"групповая";"31";"нет";"READY";""
"1757";"ХРОМА ФТОРИДА РАСТВОР **";"801";"групповая";"42";"нет";"READY";""
"1758";"Хрома оксихлорид";"801";"групповая";"42";"нет";"READY";""
"1759";"ВЕЩЕСТВО ТВЕРДОЕ КОРРОЗИОННОЕ, Н.У.К.";"822";"групповая";"3";"нет";"READY";""
"1759";"Калия борфторид";"822";"групповая";"3";"нет";"READY";""
"1759";"Меди (II) бромид";"822";"групповая";"3";"нет";"READY";""
"1760";"Аммиакат";"823";"групповая";"5";"нет";"READY";""
"1760";"Бактерициды марок СНПХ, ЛПЭ коррозионные жидкие";"823";"групповая";"5";"нет";"READY";""
"1760";"Диспергаторы коррозионные жидкие";"823";"групповая";"5";"нет";"READY";""
"1760";"ЖИДКОСТЬ КОРРОЗИОННАЯ, Н.У.К.";"823";"групповая";"5";"нет";"READY";""
"1760";"Закрепители коррозионные жидкие";"823";"групповая";"5";"нет";"READY";""
"1760";"Ингибитор солеотложений ""Дифалон""";"823";"групповая";"5";"нет";"READY";""
"1760";"Инкредол";"823";"групповая";"5";"нет";"READY";""
"1760";"Карбамол ЦЭМ";"823";"групповая";"5";"нет";"READY";""
"1760";"Катализаторы коррозионные жидкие";"823";"групповая";"5";"нет";"READY";""
"1760";"Кислота о,о-ди-н-пропилдитиофосфорная";"823";"групповая";"5";"нет";"READY";""
"1760";"Кислота о,о-диизопропилдитиофосфорная";"823";"групповая";"5";"нет";"READY";""
"1760";"Кислота о,о-диэтилдитиофосфорная";"823";"групповая";"5";"нет";"READY";""
"1760";"Натрия метилсиликоната водный раствор";"823";"групповая";"5";"нет";"READY";""
"1760";"Нафтоксол-7С";"823";"групповая";"5";"нет";"READY";""
"1760";"п-Хлорбензальхлорид";"823";"групповая";"5";"нет";"READY";""
"1760";"Реагент ПАФ-13А";"823";"групповая";"5";"нет";"READY";""
"1760";"Смола полиамидная";"823";"групповая";"5";"нет";"READY";""
"1760";"Соли аммонийные, раствор";"823";"групповая";"5";"нет";"READY";""
"1760";"Удобрения жидкие азотные, коррозионные";"823";"групповая";"5";"нет";"READY";""
"1760";"Удобрения жидкие коррозионные";"823";"групповая";"5";"нет";"READY";""
"1760";"Феноляты";"823";"групповая";"5";"нет";"READY";""
"1760";"Форммочевина";"823";"групповая";"5";"нет";"READY";""
"1760";"Хлорокс";"823";"групповая";"5";"нет";"READY";""
"1760";"Холинхлорид, водный раствор";"823";"групповая";"5";"нет";"READY";""
"1761";"МЕДИ ЭТИЛЕНДИАМИНА РАСТВОР";"807";"групповая";"31";"нет";"READY";""
"1762";"Циклогексенилтрихлорсилан";"805";"групповая";"21";"нет";"READY";""
"1763";"Циклогексилтрихлорсилан";"805";"групповая";"21";"нет";"READY";""
"1764";"Кислота дихлоруксусная **";"803";"групповая";"53";"нет";"READY";""
"1765";"Дихлорацетилхлорид **";"803";"групповая";"53";"нет";"READY";""
"1766";"Дихлорфенилтрихлорсилан";"805";"групповая";"21";"нет";"READY";""
"1767";"ДИЭТИЛДИХЛОРСИЛАН $";"805";"групповая";"21";"нет";"READY";""
"1768";"Кислота дифторфосфорная безводная";"806";"групповая";"31";"нет";"READY";""
"1769";"Дифенилдихлорсилан";"805";"групповая";"21";"нет";"READY";""
"1770";"ДИФЕНИЛМЕТИЛБРОМИД";"813";"групповая";"3";"нет";"READY";""
"1771";"Додецилтрихлорсилан";"805";"групповая";"21";"нет";"READY";""
"1773";"ЖЕЛЕЗА (III) ХЛОРИД БЕЗВОДНЫЙ";"806";"групповая";"31";"нет";"READY";""
"1774";"Заряд для огнетушителей, содержащий коррозионную жидкость";"823";"групповая";"5";"нет";"READY";""
"1775";"Кислота борфтористоводородная **";"801";"групповая";"42";"нет";"READY";""
"1776";"КИСЛОТА МОНОФТОРОФОСФОРНАЯ БЕЗВОДНАЯ";"806";"групповая";"31";"нет";"READY";""
"1777";"Кислота фторсульфоновая";"801";"групповая";"42";"нет";"READY";""
"1778";"Кислота кремнефтористоводородная **";"801";"групповая";"42";"нет";"READY";""
"1779";"КИСЛОТА МУРАВЬИНАЯ с массовой долей кислоты более 85%";"803";"групповая";"53";"нет";"READY";""
"1780";"Фумарилхлорид **";"803";"групповая";"53";"нет";"READY";""
"1781";"Гексадецилтрихлорсилан";"805";"групповая";"21";"нет";"READY";""
"1782";"Кислота гексафторфосфорная";"801";"групповая";"42";"нет";"READY";""
"1783";"Гексаметилендиамина раствор";"807";"групповая";"31";"нет";"READY";""
"1784";"Гексилтрихлорсилан";"805";"групповая";"21";"нет";"READY";""
"1786";"КИСЛОТЫ ФТОРИСТОВОДОРОДНОЙ И КИСЛОТЫ СЕРНОЙ СМЕСЬ **";"801";"групповая";"42";"нет";"READY";""
"1787";"Кислота йодистоводородная";"801";"групповая";"42";"нет";"READY";""
"1788";"Кислота бромистоводородная";"801";"групповая";"42";"нет";"READY";""
"1789";"КИСЛОТА ХЛОРИСТОВОДОРОДНАЯ";"801";"групповая";"42";"нет";"READY";""
"1790";"КИСЛОТЫ ФТОРИСТОВОДОРОДНОЙ раствор с содержанием фтористоводородной кислоты более 60%, но не более 85%";"801";"групповая";"42";"нет";"READY";""
"1790";"КИСЛОТЫ ФТОРИСТОВОДОРОДНОЙ раствор с содержанием фтористоводородной кислоты более 85%";"801";"групповая";"42";"нет";"READY";""
"1790";"КИСЛОТЫ ФТОРИСТОВОДОРОДНОЙ раствор с содержанием фтористоводородной кислоты не более 60%";"801";"групповая";"42";"нет";"READY";""
"1791";"ГИПОХЛОРИТА РАСТВОР";"816";"групповая";"4";"нет";"READY";""
"1791";"Натрия гипохлорит, раствор";"816";"групповая";"4";"нет";"READY";""
"1792";"ЙОДА МОНОХЛОРИД, ТВЕРДЫЙ";"802";"групповая";"11";"нет";"READY";""
"1793";"КИСЛОТА ИЗОПРОПИЛФОСФОРНАЯ ##";"803";"групповая";"53";"нет";"READY";""
"1794";"СВИНЦА СУЛЬФАТ, содержащий более 3% свободной кислоты";"801";"групповая";"42";"нет";"READY";""
"1796";"СМЕСЬ КИСЛОТНАЯ НИТРУЮЩАЯ с содержанием азотной кислоты более 50%";"802";"групповая";"11";"нет";"READY";""
"1796";"СМЕСЬ КИСЛОТНАЯ НИТРУЮЩАЯ с содержанием азотной кислоты не более 50%";"802";"групповая";"11";"нет";"READY";""
"1799";"Нонилтрихлорсилан";"805";"групповая";"21";"нет";"READY";""
"1800";"Октадецилтрихлорсилан";"805";"групповая";"21";"нет";"READY";""
"1801";"Октилтрихлорсилан";"805";"групповая";"21";"нет";"READY";""
"1802";"КИСЛОТА ХЛОРНАЯ с массовой долей кислоты не более 50%";"802";"групповая";"11";"нет";"READY";""
"1803";"Фенолсульфокислота жидкая #";"804";"групповая";"15";"нет";"READY";""
"1804";"Фенилтрихлорсилан";"805";"групповая";"21";"нет";"READY";""
"1805";"КИСЛОТЫ ФОСФОРНОЙ РАСТВОР";"802";"групповая";"11";"нет";"READY";""
"1806";"Фосфора пентахлорид";"806";"групповая";"31";"нет";"READY";""
"1807";"ФОСФОРА (V) ОКСИД";"806";"групповая";"31";"нет";"READY";""
"1808";"Фосфора трибромид *";"801";"групповая";"42";"нет";"READY";""
"1809";"ФОСФОРА ТРИХЛОРИД";"656";"групповая";"4";"нет";"READY";""
"1810";"ФОСФОРА ОКСИХЛОРИД";"656";"групповая";"4";"нет";"READY";""
"1811";"Калия гидродифторид, ТВЕРДЫЙ";"806";"групповая";"31";"нет";"READY";""
"1812";"КАЛИЯ ФТОРИД, ТВЕРДЫЙ";"603";"групповая";"61";"нет";"READY";""
"1813";"Калия гидроксид ТВЕРДЫЙ";"808";"групповая";"13";"нет";"READY";""
"1814";"Калия гидроксида раствор";"809";"групповая";"11";"нет";"READY";""
"1815";"Пропионилхлорид";"323";"групповая";"5";"нет";"READY";""
"1816";"ПРОПИЛТРИХЛОРСИЛАН $";"805";"групповая";"21";"нет";"READY";""
"1817";"Пиросульфурилхлорид **, #";"803";"групповая";"53";"нет";"READY";""
"1818";"Кремния тетрахлорид *";"801";"групповая";"42";"нет";"READY";""
"1819";"Натрия алюмината раствор";"809";"групповая";"11";"нет";"READY";""
"1823";"Натрия гидроксид ТВЕРДЫЙ";"808";"групповая";"13";"нет";"READY";""
"1824";"Натрия гидроксида раствор";"809";"групповая";"11";"да";"READY";""
"1825";"Натрия оксид";"808";"групповая";"13";"нет";"READY";""
"1826";"СМЕСЬ КИСЛОТНАЯ НИТРУЮЩАЯ ОТРАБОТАННАЯ с содержанием азотной кислоты более 50%";"802";"групповая";"11";"нет";"READY";""
"1826";"СМЕСЬ КИСЛОТНАЯ НИТРУЮЩАЯ ОТРАБОТАННАЯ с содержанием азотной кислоты не более 50%";"802";"групповая";"11";"нет";"READY";""
"1827";"Олова тетрахлорид безводный";"801";"групповая";"42";"нет";"READY";""
"1828";"Серы дихлорид **, #";"803";"групповая";"53";"нет";"READY";""
"1828";"Серы хлориды **, #";"803";"групповая";"53";"нет";"READY";""
"1828";"Сульфохлорид";"803";"групповая";"53";"нет";"READY";""
"1829";"СЕРЫ ТРИОКСИД СТАБИЛИЗИРОВАННЫЙ *";"801";"групповая";"42";"нет";"READY";""
"1830";"КИСЛОТА СЕРНАЯ, содержащая более 51% кислоты";"801";"групповая";"42";"нет";"READY";""
"1831";"Кислота серная дымящая";"802";"групповая";"11";"нет";"READY";""
"1832";"Кислота серная отработанная";"801";"групповая";"42";"нет";"READY";""
"1833";"Кислота сернистая";"801";"групповая";"42";"нет";"READY";""
"1834";"СУЛЬФУРИЛХЛОРИД";"656";"групповая";"4";"нет";"READY";""
"1835";"ТЕТРАМЕТИЛАММОНИЯ ГИДРОКСИДА ВОДНЫЙ РАСТВОР, содержащий более 2,5% и менее 25% тетраметиламмония гидроксида";"807";"групповая";"31";"нет";"READY";""
"1835";"ТЕТРАМЕТИЛАММОНИЯ ГИДРОКСИДА ВОДНЫЙ РАСТВОР, содержащий не более 2,5% тетраметиламмония гидроксида";"807";"групповая";"31";"нет";"READY";""
"1836";"Тионилхлорид **, #";"803";"групповая";"53";"нет";"READY";""
"1837";"Тиофосфорилхлорид **, #, ##";"803";"групповая";"53";"нет";"READY";""
"1838";"ТИТАНА ТЕТРАХЛОРИД";"656";"групповая";"4";"нет";"READY";""
"1839";"Кислота трихлоруксусная **";"803";"групповая";"53";"нет";"READY";""
"1840";"Цинка хлорида раствор";"801";"групповая";"42";"нет";"READY";""
"1841";"Ацетальдегидаммиак";"905";"групповая";"6";"нет";"READY_WITH_SOURCE_GAPS";"В официальной АК отсутствует раздел: mainProperties | В официальной АК отсутствует раздел: fireExplosionHazard | В официальной АК отсутствует раздел: humanHazard"
"1843";"АММОНИЯ ДИНИТРО-о-КРЕЗОЛЯТ, ТВЕРДЫЙ *";"608";"групповая";"78";"нет";"READY";""
"1846";"УГЛЕРОДА ТЕТРАХЛОРИД";"605";"групповая";"25";"нет";"READY";""
"1847";"КАЛИЯ СУЛЬФИДА КРИСТАЛЛОГИДРАТ с массовой долей кристаллизационной воды не менее 30%";"808";"групповая";"13";"нет";"READY";""
"1848";"КИСЛОТА ПРОПИОНОВАЯ с массовой долей кислоты не менее 10% и менее 90%";"803";"групповая";"53";"нет";"READY";""
"1849";"НАТРИЯ СУЛЬФИДА КРИСТАЛЛОГИДРАТ, содержащий не менее 30% кристаллизационной воды";"808";"групповая";"13";"нет";"READY";""
"1851";"ПРЕПАРАТ ЛЕКАРСТВЕННЫЙ ЖИДКИЙ ЯДОВИТЫЙ, Н.У.К.";"622";"групповая";"10";"нет";"READY";""
"1854";"Бария сплавы пирофорные";"405";"групповая";"36";"нет";"READY";""
"1855";"КАЛЬЦИЙ ПИРОФОРНЫЙ или КАЛЬЦИЯ СПЛАВЫ ПИРОФОРНЫЕ";"405";"групповая";"36";"нет";"READY";""
"1858";"ГЕКСАФТОРПРОПИЛЕН (ГАЗ РЕФРИЖЕРАТОРНЫЙ R 1216)";"201";"групповая";"45";"нет";"READY";""
"1859";"Кремния тетрафторид";"203";"групповая";"22";"нет";"READY";""
"1860";"Винилфторид стабилизированный";"205";"групповая";"14";"нет";"READY";""
"1862";"Этилкротонат";"306";"групповая";"53";"нет";"READY";""
"1863";"ТОПЛИВО АВИАЦИОННОЕ ДЛЯ ТУРБИННЫХ ДВИГАТЕЛЕЙ";"305";"групповая";"36";"нет";"READY";""
"1863";"ТОПЛИВО АВИАЦИОННОЕ ДЛЯ ТУРБИННЫХ ДВИГАТЕЛЕЙ (давление паров при 50 °C более 110 кПа)";"305";"групповая";"36";"нет";"READY";""
"1863";"ТОПЛИВО АВИАЦИОННОЕ ДЛЯ ТУРБИННЫХ ДВИГАТЕЛЕЙ (давление паров при 50 °C не более 110 кПа)";"305";"групповая";"36";"нет";"READY";""
"1863";"Топливо Т-1, Т-2, ТС-1, ТС-2";"305";"групповая";"36";"нет";"READY";""
"1865";"н-ПРОПИЛНИТРАТ (н)";"310";"групповая";"14";"нет";"READY";""
"1866";"Смола кремнийорганическая 134 - 276, раствор в толуоле или ксилоле или сольвент-нафте";"328";"групповая";"19";"нет";"READY";""
"1866";"Смола полиметилфенилсилоксановая, раствор в о-ксилоле";"328";"групповая";"19";"нет";"READY";""
"1866";"Смола фенолформальдегидная, жидкая, легковоспламеняющаяся";"328";"групповая";"19";"нет";"READY";""
"1866";"Смола фенолформальдегидная, растворы в ксилоле";"328";"групповая";"19";"нет";"READY";""
"1866";"Смолы акриловые, раствор в смеси изопропилового спирта и ацетона";"328";"групповая";"19";"нет";"READY";""
"1866";"Смолы алкидноакриловые, раствор в ксилоле";"328";"групповая";"19";"нет";"READY";""
"1866";"Смолы меламиноформальдегидные, раствор в бутаноле";"328";"групповая";"19";"нет";"READY";""
"1866";"Смолы мочевиноформальдегидные, раствор в бутаноле";"328";"групповая";"19";"нет";"READY";""
"1866";"Смолы полиэфирные, ненасыщенные, стирольные ""Камфэст""";"328";"групповая";"19";"нет";"READY";""
"1866";"СМОЛЫ РАСТВОР легковоспламеняющийся";"328";"групповая";"19";"нет";"READY";""
"1866";"СМОЛЫ РАСТВОР легковоспламеняющийся (давление паров при 50 °C более 110 кПа)";"328";"групповая";"19";"нет";"READY";""
"1866";"СМОЛЫ РАСТВОР легковоспламеняющийся (давление паров при 50 °C не более 110 кПа)";"328";"групповая";"19";"нет";"READY";""
"1866";"СМОЛЫ РАСТВОР легковоспламеняющийся (имеющий температуру вспышки ниже 23 °C и вязкий) (давление паров при 50 °C более 110 кПа, температура кипения более 35 °C)";"328";"групповая";"19";"нет";"READY";""
"1866";"СМОЛЫ РАСТВОР легковоспламеняющийся (имеющий температуру вспышки ниже 23 °C и вязкий) (давление паров при 50 °C не более 110 кПа)";"328";"групповая";"19";"нет";"READY";""
"1866";"СМОЛЫ РАСТВОР легковоспламеняющийся (имеющий температуру вспышки ниже 23 °C и вязкий) (температура кипения не более 35 °C)";"328";"групповая";"19";"нет";"READY";""
"1866";"СМОЛЫ РАСТВОР легковоспламеняющийся (невязкий)";"328";"групповая";"19";"нет";"READY";""
"1866";"Смолы эпоксидные, раствор в толуоле";"328";"групповая";"19";"нет";"READY";""
"1866";"Сополимер-5Б";"328";"групповая";"19";"нет";"READY";""
"1868";"Декаборан";"404";"групповая";"52";"нет";"READY";""
"1869";"МАГНИЙ или МАГНИЯ СПЛАВЫ, содержащие более 50% магния (гранулы, стружки или ленты)";"403";"групповая";"10";"нет";"READY";""
"1870";"Калия боргидрид";"409";"групповая";"44";"нет";"READY";""
"1871";"Титана гидрид";"409";"групповая";"44";"нет";"READY";""
"1872";"Свинца диоксид";"501";"групповая";"76";"нет";"READY";""
"1873";"КИСЛОТА ХЛОРНАЯ с массовой долей кислоты более 50%, но не более 72%";"505";"групповая";"11";"нет";"READY";""
"1884";"Бария оксид";"603";"групповая";"61";"нет";"READY";""
"1885";"Бензидин *";"608";"групповая";"78";"нет";"READY";""
"1886";"Бензилиденхлорид";"605";"групповая";"25";"нет";"READY";""
"1887";"Бромхлорметан";"605";"групповая";"25";"нет";"READY";""
"1888";"Хлороформ";"605";"групповая";"25";"нет";"READY";""
"1889";"ЦИАН БРОМИД";"626";"групповая";"5";"нет";"READY";""
"1891";"ЭТИЛБРОМИД";"312";"групповая";"27";"нет";"READY";""
"1892";"Этилдихлорарсин";"626";"групповая";"5";"нет";"READY";""
"1894";"Фенилртути гидроксид";"619";"групповая";"18";"нет";"READY";""
"1895";"Фенилртути нитрат";"619";"групповая";"18";"нет";"READY";""
"1897";"Тетрахлорэтилен";"605";"групповая";"25";"нет";"READY";""
"1898";"Ацетилйодид **";"803";"групповая";"53";"нет";"READY";""
"1902";"КИСЛОТА ДИИЗООКТИЛФОСФОРНАЯ ##";"803";"групповая";"53";"нет";"READY";""
"1903";"ЖИДКОСТЬ ДЕЗИНФИЦИРУЮЩАЯ КОРРОЗИОННАЯ, Н.У.К";"823";"групповая";"5";"нет";"READY";""
"1905";"Кислота селеновая";"806";"групповая";"31";"нет";"READY";""
"1906";"КИСЛОТА СЕРНАЯ, РЕГЕНЕРИРОВАННАЯ ИЗ КИСЛОГО ГУДРОНА";"801";"групповая";"42";"нет";"READY";""
"1907";"ИЗВЕСТЬ НАТРОННАЯ, содержащая более 4% натрия гидрооксида";"808";"групповая";"13";"нет";"READY";""
"1908";"ХЛОРИТА РАСТВОР";"816";"групповая";"4";"нет";"READY";""
"1910";"Кальция оксид";"808";"групповая";"13";"нет";"READY";""
"1911";"Диборан";"212";"индивидуальная";"1";"нет";"READY";""
"1912";"Метилхлорида и метиленхлорида смесь";"209";"групповая";"16";"нет";"READY";""
"1913";"Неон охлажденный жидкий *1)";"201";"групповая";"45";"нет";"READY";""
"1914";"Бутилпропионаты";"316";"групповая";"55";"нет";"READY";""
"1915";"Циклогексанон";"316";"групповая";"55";"нет";"READY";""
"1916";"Эфир 2,2'-дихлордиэтиловый";"606";"групповая";"9";"нет";"READY";""
"1917";"Этилакрилат стабилизированный";"306";"групповая";"53";"нет";"READY";""
"1918";"Изопропилбензол";"317";"групповая";"12";"нет";"READY";""
"1919";"Метилакрилат стабилизированный";"306";"групповая";"53";"нет";"READY";""
"1920";"Нонаны";"315";"групповая";"14";"нет";"READY";""
"1921";"Пропиленимин стабилизированный";"311";"групповая";"25";"нет";"READY";""
"1922";"Пирролидин";"311";"групповая";"25";"нет";"READY";""
"1923";"КАЛЬЦИЯ ДИТИОНИТ (КАЛЬЦИЯ ГИДРОСУЛЬФИТ)";"405";"групповая";"36";"нет";"READY";""
"1928";"МАГНИЯ МЕТИЛБРОМИД В ЭТИЛОВОМ ЭФИРЕ";"407";"групповая";"5";"нет";"READY";""
"1929";"КАЛИЯ ДИТИОНИТ (КАЛИЯ ГИДРОСУЛЬФИТ)";"405";"групповая";"36";"нет";"READY";""
"1931";"ЦИНКА ДИТИОНИТ (ЦИНКА ГИДРОСУЛЬФИТ)";"904";"групповая";"8";"нет";"READY_WITH_SOURCE_GAPS";"В официальной АК отсутствует раздел: mainProperties | В официальной АК отсутствует раздел: fireExplosionHazard | В официальной АК отсутствует раздел: humanHazard"
"1932";"ЦИРКОНИЯ ОТХОДЫ";"405";"групповая";"36";"нет";"READY";""
"1935";"ЦИАНИДА РАСТВОР, Н.У.К.";"630";"групповая";"36";"нет";"READY";""
"1938";"КИСЛОТЫ БРОМУКСУСНОЙ РАСТВОР **";"803";"групповая";"53";"нет";"READY";""
"1939";"Фосфора оксибромид";"806";"групповая";"31";"нет";"READY";""
"1940";"Кислота тиогликолевая #";"803";"групповая";"53";"нет";"READY";""
"1941";"Дибромдифторметан";"904";"групповая";"8";"нет";"READY_WITH_SOURCE_GAPS";"В официальной АК отсутствует раздел: mainProperties | В официальной АК отсутствует раздел: fireExplosionHazard | В официальной АК отсутствует раздел: humanHazard"
"1942";"АММОНИЯ НИТРАТ, содержащий не более 0,2% горючих веществ (включая любое органическое вещество, рассчитанное по углероду), исключая примеси любого другого вещества";"509";"групповая";"11";"нет";"READY";""
"1944";"СПИЧКИ БЕЗОПАСНЫЕ (в коробках, книжечках, картонках)";"402";"групповая";"19";"нет";"READY";""
"1945";"СПИЧКИ ПАРАФИНИРОВАННЫЕ ""ВЕСТА""";"402";"групповая";"19";"нет";"READY";""
"1950";"АЭРОЗОЛИ, коррозионные";"220";"групповая";"16";"нет";"READY";""
"1950";"АЭРОЗОЛИ, коррозионные, окисляющие";"220";"групповая";"16";"нет";"READY";""
"1950";"АЭРОЗОЛИ, легковоспламеняющиеся";"220";"групповая";"16";"нет";"READY";""
"1950";"АЭРОЗОЛИ, легковоспламеняющиеся, коррозионные";"220";"групповая";"16";"нет";"READY";""
"1950";"АЭРОЗОЛИ, окисляющие";"220";"групповая";"16";"нет";"READY";""
"1950";"АЭРОЗОЛИ, токсичные";"220";"групповая";"16";"нет";"READY";""
"1950";"АЭРОЗОЛИ, токсичные, коррозионные";"220";"групповая";"16";"нет";"READY";""
"1950";"АЭРОЗОЛИ, токсичные, легковоспламеняющиеся";"220";"групповая";"16";"нет";"READY";""
"1950";"АЭРОЗОЛИ, токсичные, легковоспламеняющиеся, коррозионные";"220";"групповая";"16";"нет";"READY";""
"1950";"АЭРОЗОЛИ, токсичные, окисляющие";"220";"групповая";"16";"нет";"READY";""
"1950";"АЭРОЗОЛИ, токсичные, окисляющие, коррозионные";"220";"групповая";"16";"нет";"READY";""
"1950";"АЭРОЗОЛИ, удушающие";"220";"групповая";"16";"нет";"READY";""
"1951";"Аргон охлажденный жидкий *";"201";"групповая";"45";"нет";"READY";""
"1952";"ЭТИЛЕНА ОКСИДА И УГЛЕРОДА ДИОКСИДА СМЕСЬ, содержащая не более 9% этилена оксида";"207";"групповая";"10";"нет";"READY";""
"1953";"ГАЗ СЖАТЫЙ ЯДОВИТЫЙ ВОСПЛАМЕНЯЮЩИЙСЯ, Н.У.К.";"219";"групповая";"6";"нет";"READY";""
"1953";"Смеси газовые моносилана с аргоном";"219";"групповая";"6";"нет";"READY";""
"1953";"Смеси газовые моносилана с водородом";"219";"групповая";"6";"нет";"READY";""
"1953";"Смесь ядовитых газов и водорода, сжатая";"219";"групповая";"6";"нет";"READY";""
"1953";"Углерода монооксида и водорода смесь сжатая";"219";"групповая";"6";"нет";"READY";""
"1954";"ГАЗ СЖАТЫЙ ВОСПЛАМЕНЯЮЩИЙСЯ, Н.У.К.";"218";"групповая";"6";"нет";"READY";""
"1955";"ГАЗ СЖАТЫЙ ЯДОВИТЫЙ, Н.У.К.";"220";"групповая";"16";"нет";"READY";""
"1955";"Смесь ядовитых газов и аргона, токсичная, сжатая";"220";"групповая";"16";"нет";"READY";""
"1956";"ГАЗ СЖАТЫЙ, Н.У.К.";"215";"групповая";"5";"нет";"READY";""
"1957";"Дейтерий сжатый";"204";"групповая";"13";"нет";"READY";""
"1958";"1,2-ДИХЛОР-1,1,2,2-ТЕТРАФТОРЭТАН (ГАЗ РЕФРИЖЕРАТОРНЫЙ R 114)";"201";"групповая";"45";"нет";"READY";""
"1959";"1,1-ДИФТОРЭТИЛЕН (ГАЗ РЕФРИЖЕРАТОРНЫЙ R 1132a) *";"205";"групповая";"14";"нет";"READY";""
"1961";"Этан охлажденный жидкий";"206";"групповая";"25";"нет";"READY";""
"1962";"Этилен";"204";"групповая";"13";"нет";"READY";""
"1963";"Гелий охлажденный жидкий *1)";"201";"групповая";"45";"нет";"READY";""
"1964";"Газов углеводородных смесь сжатая, н.у.к.";"206";"групповая";"25";"нет";"READY";""
"1965";"Бензин газовый, нестабильный";"206";"групповая";"25";"нет";"READY";""
"1965";"ГАЗОВ УГЛЕВОДОРОДНЫХ СМЕСЬ СЖИЖЕННАЯ, Н.У.К., такая как смеси A, A01, A02, A0, A1, B1, B2, B или C";"206";"групповая";"25";"нет";"READY";""
"1965";"Фракция бутан-бутиленовая";"206";"групповая";"25";"нет";"READY";""
"1965";"Фракция бутилен-амиленовая";"206";"групповая";"25";"нет";"READY";""
"1965";"Фракция бутилен-бутадиеновая";"206";"групповая";"25";"нет";"READY";""
"1965";"Фракция бутилен-изобутиленовая";"206";"групповая";"25";"нет";"READY";""
"1965";"Фракция бутиленовая";"206";"групповая";"25";"нет";"READY";""
"1965";"Фракция изобутан-изобутиленовая";"206";"групповая";"25";"нет";"READY";""
"1965";"Фракция изобутановая";"206";"групповая";"25";"нет";"READY";""
"1965";"Фракция нормального бутана";"206";"групповая";"25";"нет";"READY";""
"1965";"Фракция пропан-бутан-пентановая";"206";"групповая";"25";"нет";"READY";""
"1965";"Фракция пропан-бутановая";"206";"групповая";"25";"нет";"READY";""
"1965";"Фракция пропан-пропиленовая";"206";"групповая";"25";"нет";"READY";""
"1965";"Фракция широкая легких углеводородов (ШФЛУ)";"206";"групповая";"25";"нет";"READY";""
"1966";"Водород охлажденный жидкий";"204";"групповая";"13";"нет";"READY";""
"1967";"ГАЗ ИНСЕКТИЦИДНЫЙ ЯДОВИТЫЙ, Н.У.К.";"220";"групповая";"16";"нет";"READY";""
"1968";"Газ инсектицидный, н.у.к.";"215";"групповая";"5";"нет";"READY";""
"1969";"Изобутан";"206";"групповая";"25";"нет";"READY";""
"1970";"Криптон охлажденный жидкий *";"201";"групповая";"45";"нет";"READY";""
"1971";"МЕТАН СЖАТЫЙ или ГАЗ ПРИРОДНЫЙ СЖАТЫЙ с высоким содержанием метана";"204";"групповая";"13";"нет";"READY";""
"1972";"МЕТАН ОХЛАЖДЕННЫЙ ЖИДКИЙ или ГАЗ ПРИРОДНЫЙ ОХЛАЖДЕННЫЙ ЖИДКИЙ с высоким содержанием метана";"204";"групповая";"13";"да";"READY";""
"1973";"ХЛОРДИФТОРМЕТАНА И ХЛОРПЕНТАФТОРЭТАНА СМЕСЬ с постоянной температурой кипения, содержащая около 49% хлордифторметана (ГАЗ РЕФРИЖЕРАТОРНЫЙ R 502)";"201";"групповая";"45";"нет";"READY";""
"1974";"ХЛОРДИФТОРБРОММЕТАН (ГАЗ РЕФРИЖЕРАТОРНЫЙ R 12B1)";"201";"групповая";"45";"нет";"READY";""
"1975";"АЗОТА ОКСИДА И ДИАЗОТА ТЕТРАОКСИДА СМЕСЬ (АЗОТА ОКСИДА И АЗОТА ДИОКСИДА СМЕСЬ)";"211";"групповая";"6";"нет";"READY";""
"1976";"ОКТАФТОРЦИКЛОБУТАН (ГАЗ РЕФРИЖЕРАТОРНЫЙ RC 318)";"201";"групповая";"45";"нет";"READY";""
"1977";"Азот охлажденный жидкий *1)";"201";"групповая";"45";"нет";"READY";""
"1978";"Пропан";"206";"групповая";"25";"нет";"READY";""
"1982";"ТЕТРАФТОРМЕТАН (ГАЗ РЕФРИЖЕРАТОРНЫЙ R 14)";"201";"групповая";"45";"нет";"READY";""
"1983";"1-ХЛОР-2,2,2-ТРИФТОРЭТАН (ГАЗ РЕФРИЖЕРАТОРНЫЙ R 133a)";"201";"групповая";"45";"нет";"READY";""
"1984";"ТРИФТОРМЕТАН (ГАЗ РЕФРИЖЕРАТОРНЫЙ R 23)";"201";"групповая";"45";"нет";"READY";""
"1986";"Жидкость ""ТГФ-М""";"331";"групповая";"6";"нет";"READY";""
"1986";"Спирт денатурированный";"331";"групповая";"6";"нет";"READY";""
"1986";"СПИРТЫ ЛЕГКОВОСПЛАМЕНЯЮЩИЕСЯ ЯДОВИТЫЕ, Н.У.К.";"331";"групповая";"6";"нет";"READY";""
"1987";"Октанол-2";"331";"групповая";"6";"нет";"READY";""
"1987";"Спирт циклогексиловый";"331";"групповая";"6";"нет";"READY";""
"1987";"СПИРТЫ, Н.У.К.";"331";"групповая";"6";"нет";"READY";""
"1987";"СПИРТЫ, Н.У.К. (давление паров при 50 °C более 110 кПа)";"331";"групповая";"6";"нет";"READY";""
"1987";"СПИРТЫ, Н.У.К. (давление паров при 50 °C не более 110 кПа)";"331";"групповая";"6";"нет";"READY";""
"1988";"АЛЬДЕГИДЫ ЛЕГКОВОСПЛАМЕНЯЮЩИЕСЯ ЯДОВИТЫЕ, Н.У.К.";"331";"групповая";"6";"нет";"READY";""
"1989";"АЛЬДЕГИДЫ, Н.У.К.";"331";"групповая";"6";"нет";"READY";""
"1989";"АЛЬДЕГИДЫ, Н.У.К. (давление паров при 50 °C более 110 кПа)";"331";"групповая";"6";"нет";"READY";""
"1989";"АЛЬДЕГИДЫ, Н.У.К. (давление паров при 50 °C не более 110 кПа)";"331";"групповая";"6";"нет";"READY";""
"1990";"Бензальдегид";"901";"индивидуальная";"1";"нет";"READY_WITH_SOURCE_GAPS";"В официальной АК отсутствует раздел: mainProperties | В официальной АК отсутствует раздел: fireExplosionHazard | В официальной АК отсутствует раздел: humanHazard"
"1991";"Хлоропрен стабилизированный";"312";"групповая";"27";"нет";"READY";""
"1992";"2,6-цис-Диметилморфолин";"319";"групповая";"3";"нет";"READY";""
"1992";"Деэмульгатор ""Десеканафт-20"" (ДСН-20)";"319";"групповая";"3";"нет";"READY";""
"1992";"Деэмульгаторы легковоспламеняющиеся, ядовитые";"319";"групповая";"3";"нет";"READY";""
"1992";"Деэмульгаторы типа РЕКОД, содержание метилового спирта 15% (по массе) и более, легковоспламеняющиеся, ядовитые";"319";"групповая";"3";"нет";"READY";""
"1992";"Деэмульгаторы типа СНПХ, содержащие метилового спирта 15% (по массе) и более, легковоспламеняющиеся, ядовитые";"319";"групповая";"3";"нет";"READY";""
"1992";"Дипроксамин, раствор в метаноле";"319";"групповая";"3";"нет";"READY";""
"1992";"Диран-А *";"319";"групповая";"3";"нет";"READY";""
"1992";"Добавка высокооктановая беззольная (на основе N-метиланилина) *";"319";"групповая";"3";"нет";"READY";""
"1992";"Жидкие продукты пиролиза";"319";"групповая";"3";"нет";"READY";""
"1992";"Жидкость ""ИМ""";"319";"групповая";"3";"нет";"READY";""
"1992";"Жидкость ""НИИСС-4""";"319";"групповая";"3";"нет";"READY";""
"1992";"Жидкость ""Холод-40""";"319";"групповая";"3";"нет";"READY";""
"1992";"ЖИДКОСТЬ ЛЕГКОВОСПЛАМЕНЯЮЩАЯСЯ ЯДОВИТАЯ, Н.У.К.";"319";"групповая";"3";"нет";"READY";""
"1992";"Ингибитор коррозии ""Антик-1""";"319";"групповая";"3";"нет";"READY";""
"1992";"Ингибитор коррозии ""Викор""";"319";"групповая";"3";"нет";"READY";""
"1992";"Ингибитор коррозии ""Нефтегаз-1""";"319";"групповая";"3";"нет";"READY";""
"1992";"Ингибитор коррозии ГИПХ-4, ГИПХ-3-Б, ГИПХ-6";"319";"групповая";"3";"нет";"READY";""
"1992";"Ингибитор коррозии марки ""Корексит""";"319";"групповая";"3";"нет";"READY";""
"1992";"Ингибиторы коррозии, легковоспламеняющиеся, ядовитые";"319";"групповая";"3";"нет";"READY";""
"1992";"Многофункциональная добавка на основе эфира метил-трет-бутиловаго и N-метиланилина";"319";"групповая";"3";"нет";"READY";""
"1992";"Многофункциональная добавка на основе N-метиланилина";"319";"групповая";"3";"нет";"READY";""
"1992";"Модификатор ЖКС";"319";"групповая";"3";"нет";"READY";""
"1992";"Отходы легковоспламеняющиеся, ядовитые, жидкие";"319";"групповая";"3";"нет";"READY";""
"1992";"Отходы производства хлоропрена";"319";"групповая";"3";"нет";"READY";""
"1992";"Проксамин, раствор в воде и метаноле";"319";"групповая";"3";"нет";"READY";""
"1992";"Проксанол, раствор в воде и метаноле";"319";"групповая";"3";"нет";"READY";""
"1992";"Растворители легковоспламеняющиеся, ядовитые";"319";"групповая";"3";"нет";"READY";""
"1992";"Растворители ядовитые";"319";"групповая";"3";"нет";"READY";""
"1992";"Растворитель Децилин";"319";"групповая";"3";"нет";"READY";""
"1992";"Реапон";"319";"групповая";"3";"нет";"READY";""
"1992";"Самин";"319";"групповая";"3";"нет";"READY";""
"1992";"Синтин";"319";"групповая";"3";"нет";"READY";""
"1992";"Флюс жидкий БМ-1";"319";"групповая";"3";"нет";"READY";""
"1992";"Фракция ароматическая коксохимического производства";"319";"групповая";"3";"нет";"READY";""
"1992";"Фракция полиалкилбензольная";"319";"групповая";"3";"нет";"READY";""
"1992";"Фтион";"319";"групповая";"3";"нет";"READY";""
"1993";"1,2-Дибромпропан";"328";"групповая";"19";"нет";"READY";""
"1993";"4-Пентенол";"328";"групповая";"19";"нет";"READY";""
"1993";"Агидол-12";"328";"групповая";"19";"нет";"READY";""
"1993";"Амиленит";"328";"групповая";"19";"нет";"READY";""
"1993";"Бактерициды марок СНПХ легковоспламеняющиеся жидкие";"328";"групповая";"19";"нет";"READY";""
"1993";"Бустиран";"328";"групповая";"19";"нет";"READY";""
"1993";"Гидролизат диметилдихлорсилана";"328";"групповая";"19";"нет";"READY";""
"1993";"Гидрофобизатор ГФК-1";"328";"групповая";"19";"нет";"READY";""
"1993";"Деэмульгатор-ингибитор АМ-7";"328";"групповая";"19";"нет";"READY";""
"1993";"Деэмульгаторы легковоспламеняющиеся";"328";"групповая";"19";"нет";"READY";""
"1993";"Деэмульгаторы типа РЕКОД, содержание метилового спирта менее 15% (по массе), легковоспламеняющиеся";"328";"групповая";"19";"нет";"READY";""
"1993";"Деэмульгаторы типа СНПХ, содержащие метилового спирта менее 15% (по массе), легковоспламеняющиеся";"328";"групповая";"19";"нет";"READY";""
"1993";"Диметилвинилкарбинол, стабилизированный";"328";"групповая";"19";"нет";"READY";""
"1993";"Диметилсульфит";"328";"групповая";"19";"нет";"READY";""
"1993";"Диоксанол-растворитель";"328";"групповая";"19";"нет";"READY";""
"1993";"Диэтилгидроксиламин (марок А, Б)";"328";"групповая";"19";"нет";"READY";""
"1993";"Добавка высокооктановая";"328";"групповая";"19";"нет";"READY";""
"1993";"Добавка смазочная ЭКОС-Б";"328";"групповая";"19";"нет";"READY";""
"1993";"Жидкости гидротормозные, легковоспламеняющиеся";"328";"групповая";"19";"нет";"READY";""
"1993";"Жидкости кремнийорганические, легковоспламеняющиеся";"328";"групповая";"19";"нет";"READY";""
"1993";"Жидкость испытательная ИЖ-Л, ИЖ-З";"328";"групповая";"19";"нет";"READY";""
"1993";"ЖИДКОСТЬ ЛЕГКОВОСПЛАМЕНЯЮЩАЯСЯ, Н.У.К.";"328";"групповая";"19";"нет";"READY";""
"1993";"ЖИДКОСТЬ ЛЕГКОВОСПЛАМЕНЯЮЩАЯСЯ, Н.У.К. (давление паров при 50 °C более 110 кПа)";"328";"групповая";"19";"нет";"READY";""
"1993";"ЖИДКОСТЬ ЛЕГКОВОСПЛАМЕНЯЮЩАЯСЯ, Н.У.К. (давление паров при 50 °C не более 110 кПа)";"328";"групповая";"19";"нет";"READY";""
"1993";"ЖИДКОСТЬ ЛЕГКОВОСПЛАМЕНЯЮЩАЯСЯ, Н.У.К. (имеющая температуру вспышки ниже 23 °C и вязкая) (давление паров при 50 °C более 110 кПа, температура кипения более 35 °C)";"328";"групповая";"19";"нет";"READY";""
"1993";"ЖИДКОСТЬ ЛЕГКОВОСПЛАМЕНЯЮЩАЯСЯ, Н.У.К. (имеющая температуру вспышки ниже 23 °C и вязкая) (давление паров при 50 °C не более 110 кПа)";"328";"групповая";"19";"нет";"READY";""
"1993";"ЖИДКОСТЬ ЛЕГКОВОСПЛАМЕНЯЮЩАЯСЯ, Н.У.К. (имеющая температуру вспышки ниже 23 °C и вязкая) (температура кипения не более 35 °C)";"328";"групповая";"19";"нет";"READY";""
"1993";"ЖИДКОСТЬ ЛЕГКОВОСПЛАМЕНЯЮЩАЯСЯ, Н.У.К. (невязкая)";"328";"групповая";"19";"нет";"READY";""
"1993";"Ингибитор коррозии ""Альпан""";"328";"групповая";"19";"нет";"READY";""
"1993";"Ингибитор коррозии ""Амфикор""";"328";"групповая";"19";"нет";"READY";""
"1993";"Ингибитор коррозии ""Олазол""";"328";"групповая";"19";"нет";"READY";""
"1993";"Ингибитор коррозии Д-4-3, Д-4-3К";"328";"групповая";"19";"нет";"READY";""
"1993";"Ингибиторы коррозии Амдор ИК-1, Амдор ИК-2, Амдор ИК-3";"328";"групповая";"19";"нет";"READY";""
"1993";"Ингибиторы коррозии типа РЕКОД";"328";"групповая";"19";"нет";"READY";""
"1993";"Ингибиторы коррозии типа СНПХ";"328";"групповая";"19";"нет";"READY";""
"1993";"Ингибиторы коррозии, легковоспламеняющиеся";"328";"групповая";"19";"нет";"READY";""
"1993";"Ингибиторы парафиноотложений марок СНПХ-7401, СНПХ-7214, СНПХ-7215, СНПХ-7410";"328";"групповая";"19";"нет";"READY";""
"1993";"Ингибиторы парафиноотложений типа СНПХ";"328";"групповая";"19";"нет";"READY";""
"1993";"Ингибиторы парафиноотложений, легковоспламеняющиеся";"328";"групповая";"19";"нет";"READY";""
"1993";"Ингибиторы солеотложений типа СНПХ, легковоспламеняющиеся";"328";"групповая";"19";"нет";"READY";""
"1993";"Карпатол-3П";"328";"групповая";"19";"нет";"READY";""
"1993";"Каучук синтетический пипериленовый (СКОП)";"328";"групповая";"19";"нет";"READY";""
"1993";"Компаунды, жидкие";"328";"групповая";"19";"нет";"READY";""
"1993";"Композиция этоксисиланов ""Продукт 119-296Т""";"328";"групповая";"19";"нет";"READY";""
"1993";"Концентрат цикленов";"328";"групповая";"19";"нет";"READY";""
"1993";"Кремнийорганический реагент ВТОКС";"328";"групповая";"19";"нет";"READY";""
"1993";"Крепители стержневые КО, УСК-1";"328";"групповая";"19";"нет";"READY";""
"1993";"Мастика битумная противошумная БПМ-1";"328";"групповая";"19";"нет";"READY";""
"1993";"Материалы полимерные АКОР Б-100";"328";"групповая";"19";"нет";"READY";""
"1993";"Нефтенол НЗ";"328";"групповая";"19";"нет";"READY";""
"1993";"Остатки нефтяные типа К-1";"328";"групповая";"19";"нет";"READY";""
"1993";"Пат жемчужный";"328";"групповая";"19";"нет";"READY";""
"1993";"Пенореагент";"328";"групповая";"19";"нет";"READY";""
"1993";"Присадка депрессорная реологическая ВЭС-503М, ДМН-2005";"328";"групповая";"19";"нет";"READY";""
"1993";"Продукт Т-185";"328";"групповая";"19";"нет";"READY";""
"1993";"Растворители легковоспламеняющиеся на основе спирта этилового";"328";"групповая";"19";"нет";"READY";""
"1993";"Растворители, легковоспламеняющиеся";"328";"групповая";"19";"нет";"READY";""
"1993";"Растворитель ""Пральт""";"328";"групповая";"19";"нет";"READY";""
"1993";"Растворитель СФПК";"328";"групповая";"19";"нет";"READY";""
"1993";"Растворитель технический ""Органол""";"328";"групповая";"19";"нет";"READY";""
"1993";"Растворитель технический ДЭГИ";"328";"групповая";"19";"нет";"READY";""
"1993";"Реагент для флотации углей";"328";"групповая";"19";"нет";"READY";""
"1993";"Реагент кремнеорганический ВТОКС";"328";"групповая";"19";"нет";"READY";""
"1993";"Рефлюкс";"328";"групповая";"19";"нет";"READY";""
"1993";"Рецептура РД-2";"328";"групповая";"19";"нет";"READY";""
"1993";"Связующее ГС";"328";"групповая";"19";"нет";"READY";""
"1993";"Смеси отработанных нефтепродуктов (СНО)";"328";"групповая";"19";"нет";"READY";""
"1993";"Смесь жидкая многокомпонентная, техническая";"328";"групповая";"19";"нет";"READY";""
"1993";"Сополимер БМС-86, раствор в смеси растворителей";"328";"групповая";"19";"нет";"READY";""
"1993";"Сополимер ВБМ, раствор в толуоле";"328";"групповая";"19";"нет";"READY";""
"1993";"Спиртовая фракция производства капролактама";"328";"групповая";"19";"нет";"READY";""
"1993";"Средства чистящие универсальные на основе спирта этилового технического (""Универсал"", ""Чистый"" и др.)";"328";"групповая";"19";"нет";"READY";""
"1993";"Стиромаль, раствор в бутаноле";"328";"групповая";"19";"нет";"READY";""
"1993";"Сульфенамид БТ";"328";"групповая";"19";"нет";"READY";""
"1993";"Тетран";"328";"групповая";"19";"нет";"READY";""
"1993";"Тетраэтоксисилана и олигоэтоксисиланов смесь сложная";"328";"групповая";"19";"нет";"READY";""
"1993";"Удалитель парафиноотложений типа СНПХ";"328";"групповая";"19";"нет";"READY";""
"1993";"Флицид";"328";"групповая";"19";"нет";"READY";""
"1993";"Флотореагент нефтеуглехимический марки ФНУ";"328";"групповая";"19";"нет";"READY";""
"1993";"Фракция бензол-толуольная";"328";"групповая";"19";"нет";"READY";""
"1993";"Фракция инденкумароновая";"328";"групповая";"19";"нет";"READY";""
"1993";"Фракция пипериленовая";"328";"групповая";"19";"нет";"READY";""
"1993";"Фракция эфироальдегидная";"328";"групповая";"19";"нет";"READY";""
"1993";"Электролит для химических источников тока";"328";"групповая";"19";"нет";"READY";""
"1993";"Эмульгатор Ринго ЭМ";"328";"групповая";"19";"нет";"READY";""
"1993";"Эмульгаторы ОП-7, ОП-3Э";"328";"групповая";"19";"нет";"READY";""
"1993";"Этилиденнорборнен";"328";"групповая";"19";"нет";"READY";""
"1994";"Железа пентакарбонил";"647";"групповая";"14";"нет";"READY";""
"1999";"ГУДРОНЫ ЖИДКИЕ, включая дорожный асфальт и масла, битум и разбавленные нефтепродукты (давление паров при 50 °C более 110 кПа)";"328";"групповая";"19";"нет";"READY";""
"1999";"ГУДРОНЫ ЖИДКИЕ, включая дорожный асфальт и масла, битум и разбавленные нефтепродукты (давление паров при 50 °C не более 110 кПа)";"328";"групповая";"19";"нет";"READY";""
"1999";"ГУДРОНЫ ЖИДКИЕ, включая дорожный асфальт и масла, битум и разбавленные нефтепродукты (имеющие температуру вспышки ниже 23 °C и вязкие) (давление паров при 50 °C более 110 кПа, температура кипения более 35 °C)";"328";"групповая";"19";"нет";"READY";""
"1999";"ГУДРОНЫ ЖИДКИЕ, включая дорожный асфальт и масла, битум и разбавленные нефтепродукты (имеющие температуру вспышки ниже 23 °C и вязкие) (давление паров при 50 °C не более 110 кПа)";"328";"групповая";"19";"нет";"READY";""
"1999";"ГУДРОНЫ ЖИДКИЕ, включая дорожный асфальт и масла, битум и разбавленные нефтепродукты (имеющие температуру вспышки ниже 23 °C и вязкие) (температура кипения не более 35 °C)";"328";"групповая";"19";"нет";"READY";""
"1999";"ГУДРОНЫ ЖИДКИЕ, включая дорожный асфальт и масла, битум и разбавленные нефтепродукты (невязкие)";"328";"групповая";"19";"нет";"READY";""
"2000";"ЦЕЛЛУЛОИД - блоки, стружки, гранулы, ленты, трубки и т.д., исключая отходы";"402";"групповая";"19";"нет";"READY";""
"2001";"КОБАЛЬТА НАФТЕНАТЫ - ПОРОШОК";"404";"групповая";"52";"нет";"READY";""
"2002";"Целлулоида отходы";"405";"групповая";"36";"нет";"READY";""
"2004";"МАГНИЯ ДИАМИД";"405";"групповая";"36";"нет";"READY";""
"2006";"ПЛАСТМАССА НА НИТРОЦЕЛЛЮЛОЗНОЙ ОСНОВЕ САМОНАГРЕВАЮЩАЯСЯ, Н.У.К.";"405";"групповая";"36";"нет";"READY";""
"2008";"ЦИРКОНИЙ - ПОРОШОК СУХОЙ";"405";"групповая";"36";"нет";"READY";""
"2009";"ЦИРКОНИЙ СУХОЙ в виде обработанных листов, полос или змеевиков из проволоки в бухтах";"405";"групповая";"36";"нет";"READY";""
"2010";"Магния гидрид";"409";"групповая";"44";"нет";"READY";""
"2011";"Магния фосфид";"408";"групповая";"17";"нет";"READY";""
"2012";"Калия фосфид";"408";"групповая";"17";"нет";"READY";""
"2013";"Стронция фосфид";"408";"групповая";"17";"нет";"READY";""
"2014";"ВОДОРОДА ПЕРОКСИДА ВОДНЫЙ РАСТВОР, содержащий не менее 20%, но не более 60% водорода пероксида (стабилизированный, если необходимо)";"505";"групповая";"11";"нет";"READY";""
"2015";"ВОДОРОДА ПЕРОКСИД СТАБИЛИЗИРОВАННЫЙ или ВОДОРОДА ПЕРОКСИДА ВОДНЫЙ РАСТВОР СТАБИЛИЗИРОВАННЫЙ, содержащий более 70% водорода пероксида";"505";"групповая";"11";"нет";"READY";""
"2015";"ВОДОРОДА ПЕРОКСИДА ВОДНЫЙ РАСТВОР, содержащий более 60% и не более 70% водорода пероксида";"505";"групповая";"11";"нет";"READY";""
"2016";"БОЕПРИПАСЫ С ОТРАВЛЯЮЩИМИ ВЕЩЕСТВАМИ НЕВЗРЫВЧАТЫЕ без разрывного или вышибного заряда и взрывателя";"634";"групповая";"5";"нет";"READY";""
"2017";"БОЕПРИПАСЫ СЛЕЗОТОЧИВЫЕ НЕВЗРЫВЧАТЫЕ без разрывного или вышибного заряда и взрывателя";"639";"групповая";"2";"нет";"READY";""
"2018";"Хлоранилины твердые ***";"608";"групповая";"78";"нет";"READY";""
"2019";"Хлоранилины жидкие ***";"608";"групповая";"78";"нет";"READY";""
"2020";"ХЛОРФЕНОЛЫ ТВЕРДЫЕ ** (р)";"608";"групповая";"78";"нет";"READY";""
"2021";"ХЛОРФЕНОЛЫ ЖИДКИЕ ** (р)";"608";"групповая";"78";"нет";"READY";""
"2022";"Кислота крезиловая";"640";"групповая";"11";"нет";"READY";""
"2023";"Эпихлоргидрин";"647";"групповая";"14";"нет";"READY";""
"2024";"РТУТИ СОЕДИНЕНИЕ ЖИДКОЕ, Н.У.К.";"630";"групповая";"36";"нет";"READY";""
"2025";"Ртути (II) сульфид";"630";"групповая";"36";"нет";"READY";""
"2025";"РТУТИ СОЕДИНЕНИЕ ТВЕРДОЕ, Н.У.К.";"630";"групповая";"36";"нет";"READY";""
"2026";"ФЕНИЛРТУТИ СОЕДИНЕНИЕ, Н.У.К.";"630";"групповая";"36";"нет";"READY";""
"2027";"Натрия арсенит твердый";"603";"групповая";"61";"нет";"READY";""
"2028";"БОМБЫ ДЫМОВЫЕ НЕВЗРЫВЧАТЫЕ без инициирующего устройства, содержащие едкие жидкости";"836";"групповая";"2";"нет";"READY";""
"2029";"Гидразин безводный *";"807";"групповая";"31";"нет";"READY";""
"2030";"ГИДРАЗИН-ГИДРАТ или ГИДРАЗИНА ВОДНЫЙ РАСТВОР с массовой долей гидразина не менее 37%";"807";"групповая";"31";"нет";"READY";""
"2030";"ГИДРАЗИНА ВОДНЫЙ РАСТВОР с массовой долей гидразина не менее 37%";"807";"групповая";"31";"нет";"READY";""
"2031";"КИСЛОТА АЗОТНАЯ, кроме красной дымящей, с содержанием азотной кислоты более 70%";"802";"групповая";"11";"нет";"READY";""
"2031";"КИСЛОТА АЗОТНАЯ, кроме красной дымящей, с содержанием азотной кислоты менее 65%";"802";"групповая";"11";"нет";"READY";""
"2031";"КИСЛОТА АЗОТНАЯ, кроме красной дымящей, с содержанием азотной кислоты не менее 65%, но не более 70%";"802";"групповая";"11";"нет";"READY";""
"2032";"Кислота азотная красная дымящая";"802";"групповая";"11";"нет";"READY";""
"2033";"КАЛИЯ МОНООКСИД";"808";"групповая";"13";"нет";"READY";""
"2034";"Водорода и метана смесь сжатая";"204";"групповая";"13";"нет";"READY";""
"2035";"1,1,1-ТРИФТОРЭТАН (ГАЗ РЕФРИЖЕРАТОРНЫЙ R 143a) *";"205";"групповая";"14";"нет";"READY";""
"2036";"КСЕНОН";"201";"групповая";"45";"нет";"READY";""
"2037";"ЕМКОСТИ МАЛЫЕ, СОДЕРЖАЩИЕ ГАЗ (ГАЗОВЫЕ БАЛЛОНЧИКИ), не снабженные выпускным устройством, непригодные для повторного использования";"220";"групповая";"16";"нет";"READY";""
"2038";"Динитротолуолы жидкие *";"608";"групповая";"78";"нет";"READY";""
"2044";"2,2-Диметилпропан";"206";"групповая";"25";"нет";"READY";""
"2045";"ИЗОБУТИРАЛЬДЕГИД (АЛЬДЕГИД ИЗОМАСЛЯНЫЙ)";"307";"групповая";"20";"нет";"READY";""
"2046";"Цимолы";"317";"групповая";"12";"нет";"READY";""
"2047";"Дихлорпропены *";"312";"групповая";"27";"нет";"READY";""
"2048";"Дициклопентадиен";"320";"групповая";"5";"нет";"READY";""
"2049";"Диэтилбензол";"317";"групповая";"12";"нет";"READY";""
"2050";"ДИИЗОБУТИЛЕН - СМЕСИ ИЗОМЕРОВ";"305";"групповая";"36";"нет";"READY";""
"2051";"2-Диметиламиноэтанол *";"807";"групповая";"31";"нет";"READY";""
"2052";"Дипентен";"317";"групповая";"12";"нет";"READY";""
"2053";"Метилизобутилкарбинол";"316";"групповая";"55";"нет";"READY";""
"2054";"Морфолин *";"807";"групповая";"31";"нет";"READY";""
"2055";"СТИРОЛ - МОНОМЕР СТАБИЛИЗИРОВАННЫЙ";"317";"групповая";"12";"нет";"READY";""
"2056";"ТЕТРАГИДРОФУРАН (р)";"301";"групповая";"15";"нет";"READY";""
"2057";"Трипропилен";"305";"групповая";"36";"нет";"READY";""
"2058";"ВАЛЕРАЛЬДЕГИД (н)";"307";"групповая";"20";"нет";"READY";""
"2059";"Коллодий";"328";"групповая";"19";"нет";"READY";""
"2059";"НИТРОЦЕЛЛЮЛОЗЫ РАСТВОР ЛЕГКОВОСПЛАМЕНЯЮЩИЙСЯ, содержащий не более 12,6% азота (на сухую массу) и не более 55% нитроцеллюлозы";"328";"групповая";"19";"нет";"READY";""
"2059";"НИТРОЦЕЛЛЮЛОЗЫ РАСТВОР ЛЕГКОВОСПЛАМЕНЯЮЩИЙСЯ, содержащий не более 12,6% азота (на сухую массу) и не более 55% нитроцеллюлозы (давление паров при 50 °C более 110 кПа)";"328";"групповая";"19";"нет";"READY";""
"2059";"НИТРОЦЕЛЛЮЛОЗЫ РАСТВОР ЛЕГКОВОСПЛАМЕНЯЮЩИЙСЯ, содержащий не более 12,6% азота (на сухую массу) и не более 55% нитроцеллюлозы (давление паров при 50 °C не более 110 кПа)";"328";"групповая";"19";"нет";"READY";""
"2067";"УДОБРЕНИЯ АММИАЧНО-НИТРАТНЫЕ";"501";"групповая";"76";"нет";"READY";""
"2073";"АММИАКА РАСТВОР в воде с относительной плотностью менее 0,880 при температуре 15 °C, содержащие более 35%, но не более 50% аммиака";"208";"групповая";"9";"нет";"READY";""
"2074";"АКРИЛАМИД, ТВЕРДЫЙ * (р)";"608";"групповая";"78";"нет";"READY";""
"2075";"Хлораль безводный стабилизированный";"605";"групповая";"25";"нет";"READY";""
"2076";"Крезолы ЖИДКИЕ";"608";"групповая";"78";"нет";"READY";""
"2077";"альфа-НАФТИЛАМИН *";"608";"групповая";"78";"нет";"READY";""
"2078";"ТОЛУИЛЕНДИИЗОЦИАНАТ";"609";"групповая";"25";"нет";"READY";""
"2079";"Диэтилентриамин";"807";"групповая";"31";"нет";"READY";""
"2187";"Углерода диоксид охлажденный жидкий *";"201";"групповая";"45";"нет";"READY";""
"2188";"Арсин";"209";"групповая";"16";"нет";"READY";""
"2189";"ДИХЛОРСИЛАН";"210";"групповая";"2";"нет";"READY";""
"2190";"Кислорода дифторид сжатый";"211";"групповая";"6";"нет";"READY";""
"2191";"Сульфурилфторид";"209";"групповая";"16";"нет";"READY";""
"2192";"ГЕРМАН";"209";"групповая";"16";"нет";"READY";""
"2193";"ГЕКСАФТОРЭТАН СЖАТЫЙ (ГАЗ РЕФРИЖЕРАТОРНЫЙ R 116)";"201";"групповая";"45";"нет";"READY";""
"2194";"Селена гексафторид";"203";"групповая";"22";"нет";"READY";""
"2195";"Теллура гексафторид";"203";"групповая";"22";"нет";"READY";""
"2196";"Вольфрама гексафторид";"203";"групповая";"22";"нет";"READY";""
"2197";"ВОДОРОДА ИОДИД БЕЗВОДНЫЙ";"203";"групповая";"22";"нет";"READY";""
"2198";"Фосфора пентафторид";"203";"групповая";"22";"нет";"READY";""
"2199";"ФОСФИН";"209";"групповая";"16";"нет";"READY";""
"2200";"Пропадиен стабилизированный";"206";"групповая";"25";"нет";"READY";""
"2201";"Азота гемиоксид охлажденный жидкий";"202";"групповая";"6";"нет";"READY";""
"2202";"Водорода селенид безводный";"209";"групповая";"16";"нет";"READY";""
"2203";"Силан";"206";"групповая";"25";"нет";"READY";""
"2204";"Карбонилсульфид";"209";"групповая";"16";"нет";"READY";""
"2205";"АДИПОНИТРИЛ * (р)";"608";"групповая";"78";"нет";"READY";""
"2206";"ИЗОЦИАНАТЫ ЯДОВИТЫЕ, Н.У.К., или ИЗОЦИАНАТА РАСТВОР ЯДОВИТЫЙ, Н.У.К.";"632";"групповая";"3";"нет";"READY";""
"2206";"Композиции изоцианатные";"632";"групповая";"3";"нет";"READY";""
"2206";"Компоненты изоцианатные для производства пенопластов";"632";"групповая";"3";"нет";"READY";""
"2206";"Полиизоцианаты";"632";"групповая";"3";"нет";"READY";""
"2208";"Известь хлорная";"501";"групповая";"76";"нет";"READY";""
"2208";"КАЛЬЦИЯ ГИПОХЛОРИТА СМЕСЬ СУХАЯ, содержащая более 10%, но не более 39% активного хлора";"501";"групповая";"76";"нет";"READY";""
"2209";"ФОРМАЛЬДЕГИДА РАСТВОР, содержащий не менее 25% формальдегида";"807";"групповая";"31";"нет";"READY";""
"2210";"МАНЕБ или МАНЕБА ПРЕПАРАТ, содержащий не менее 60% манеба";"405";"групповая";"36";"нет";"READY";""
"2211";"ПОЛИМЕР ВСПЕНИВАЮЩИЙСЯ ГРАНУЛИРОВАННЫЙ, выделяющий воспламеняющиеся пары";"902";"групповая";"3";"нет";"READY_WITH_SOURCE_GAPS";"В официальной АК отсутствует раздел: mainProperties | В официальной АК отсутствует раздел: fireExplosionHazard | В официальной АК отсутствует раздел: humanHazard"
"2212";"АСБЕСТ АМФИБОЛОВЫЙ (амозит, тремолит, актинолит, антофиллит, крокидолит)";"904";"групповая";"8";"нет";"READY_WITH_SOURCE_GAPS";"В официальной АК отсутствует раздел: mainProperties | В официальной АК отсутствует раздел: fireExplosionHazard | В официальной АК отсутствует раздел: humanHazard"
"2213";"Параформальдегид";"402";"групповая";"19";"нет";"READY";""
"2214";"АНГИДРИД ФТАЛЕВЫЙ, содержащий более 0,05% малеинового ангидрида";"804";"групповая";"15";"нет";"READY";""
"2215";"Ангидрид малеиновый";"803";"групповая";"53";"нет";"READY";""
"2215";"Ангидрид малеиновый расплавленный";"803";"групповая";"53";"нет";"READY";""
"2217";"ЖМЫХ с массовой долей растительного масла не более 1,5% и влаги не более 11%";"405";"групповая";"36";"нет";"READY";""
"2218";"Кислота акриловая стабилизированная $";"803";"групповая";"53";"нет";"READY";""
"2219";"ЭФИР АЛЛИЛГЛИЦИДИЛОВЫЙ (р)";"316";"групповая";"55";"нет";"READY";""
"2222";"Анизол";"316";"групповая";"55";"нет";"READY";""
"2224";"Бензонитрил *";"608";"групповая";"78";"нет";"READY";""
"2225";"Бензолсульфонилхлорид **, #";"804";"групповая";"15";"нет";"READY";""
"2226";"Бензотрихлорид **";"804";"групповая";"15";"нет";"READY";""
"2227";"н-Бутилметакрилат стабилизированный";"316";"групповая";"55";"нет";"READY";""
"2232";"2-ХЛОРЭТАНАЛЬ";"625";"групповая";"8";"нет";"READY";""
"2233";"Хлоранизидины ***";"616";"групповая";"38";"нет";"READY";""
"2234";"Хлорбензотрифториды";"318";"групповая";"4";"нет";"READY";""
"2235";"ХЛОРБЕНЗИЛХЛОРИДЫ, ЖИДКИЕ **";"616";"групповая";"38";"нет";"READY";""
"2236";"3-ХЛОР-4-МЕТИЛФЕНИЛИЗОЦИАНАТ ЖИДКИЙ";"609";"групповая";"25";"нет";"READY";""
"2237";"Хлорнитроанилины ***";"608";"групповая";"78";"нет";"READY";""
"2238";"Хлортолуолы";"318";"групповая";"4";"нет";"READY";""
"2239";"Хлортолуидины ТВЕРДЫЕ ***";"616";"групповая";"38";"нет";"READY";""
"2240";"Кислота хромсерная";"802";"групповая";"11";"нет";"READY";""
"2241";"Циклогептан";"305";"групповая";"36";"нет";"READY";""
"2242";"Циклогептен";"305";"групповая";"36";"нет";"READY";""
"2243";"Циклогексилацетат";"316";"групповая";"55";"нет";"READY";""
"2244";"Циклопентанол";"316";"групповая";"55";"нет";"READY";""
"2245";"Циклопентанон";"316";"групповая";"55";"нет";"READY";""
"2246";"Циклопентен";"301";"групповая";"15";"нет";"READY";""
"2247";"н-Декан";"315";"групповая";"14";"нет";"READY";""
"2248";"ДИ-н-БУТИЛАМИН *";"807";"групповая";"31";"нет";"READY";""
"2250";"ДИХЛОРФЕНИЛИЗОЦИАНАТЫ";"609";"групповая";"25";"нет";"READY";""
"2251";"БИЦИКЛО[2,2,1]ГЕПТА-2,5-ДИЕН СТАБИЛИЗИРОВАННЫЙ (2,5-НОРБОРНАДИЕН СТАБИЛИЗИРОВАННЫЙ)";"305";"групповая";"36";"нет";"READY";""
"2252";"1,2-ДИМЕТОКСИЭТАН (р)";"306";"групповая";"53";"нет";"READY";""
"2253";"N,N-Диметиланилин *";"608";"групповая";"78";"нет";"READY";""
"2254";"Спички саперные";"402";"групповая";"19";"нет";"READY";""
"2256";"Циклогексен";"305";"групповая";"36";"нет";"READY";""
"2257";"Калий";"409";"групповая";"44";"нет";"READY";""
"2258";"1,2-Пропилендиамин *";"807";"групповая";"31";"нет";"READY";""
"2259";"Триэтилентетрамин";"807";"групповая";"31";"нет";"READY";""
"2260";"Трипропиламин";"325";"групповая";"7";"нет";"READY";""
"2261";"КСИЛЕНОЛЫ ТВЕРДЫЕ";"616";"групповая";"38";"нет";"READY";""
"2262";"Диметилкарбамилхлорид **";"803";"групповая";"53";"нет";"READY";""
"2263";"Диметилциклогексаны";"305";"групповая";"36";"нет";"READY";""
"2264";"N,N-Диметилциклогексиламин *";"807";"групповая";"31";"нет";"READY";""
"2265";"N,N-Диметилформамид *";"311";"групповая";"25";"нет";"READY";""
"2266";"Диметил-N-пропиламин";"311";"групповая";"25";"нет";"READY";""
"2267";"Диметилтиофосфорилхлорид *, #, ##";"611";"групповая";"19";"нет";"READY";""
"2269";"3,3'-Иминодипропиламин";"807";"групповая";"31";"нет";"READY";""
"2270";"ЭТИЛАМИНА ВОДНЫЙ РАСТВОР с массовой долей этиламина не менее 50%, но не более 70%";"303";"групповая";"4";"нет";"READY";""
"2271";"Этиламилкетон";"316";"групповая";"55";"нет";"READY";""
"2272";"N-Этиланилин *";"608";"групповая";"78";"нет";"READY";""
"2273";"2-Этиланилин";"608";"групповая";"78";"нет";"READY";""
"2274";"N-Этил-N-бензиланилин *";"608";"групповая";"78";"нет";"READY";""
"2275";"2-Этилбутанол";"316";"групповая";"55";"нет";"READY";""
"2276";"2-Этилгексиламин";"325";"групповая";"7";"нет";"READY";""
"2277";"Этилметакрилат стабилизированный";"306";"групповая";"53";"нет";"READY";""
"2278";"н-Гептен";"305";"групповая";"36";"нет";"READY";""
"2279";"Гексахлорбутадиен";"606";"групповая";"9";"нет";"READY";""
"2280";"Гексаметилендиамин твердый";"807";"групповая";"31";"нет";"READY";""
"2281";"ГЕКСАМЕТИЛЕНДИИЗОЦИАНАТ";"609";"групповая";"25";"нет";"READY";""
"2282";"Гексанолы";"316";"групповая";"55";"нет";"READY";""
"2283";"Изобутилметакрилат стабилизированный";"316";"групповая";"55";"нет";"READY";""
"2284";"ИЗОБУТИРОНИТРИЛ (н)";"310";"групповая";"14";"нет";"READY";""
"2285";"ИЗОЦИАНАТОБЕНЗОТРИФТОРИДЫ *";"609";"групповая";"25";"нет";"READY";""
"2286";"Пентаметилгептан";"315";"групповая";"14";"нет";"READY";""
"2287";"Изогептен";"305";"групповая";"36";"нет";"READY";""
"2288";"Изогексен";"305";"групповая";"36";"нет";"READY";""
"2289";"Изофорондиамин";"807";"групповая";"31";"нет";"READY";""
"2290";"ИЗОФОРОНДИИЗОЦИАНАТ";"609";"групповая";"25";"нет";"READY";""
"2291";"СВИНЦА СОЕДИНЕНИЕ РАСТВОРИМОЕ, Н.У.К.";"630";"групповая";"36";"нет";"READY";""
"2291";"Свинца стеарат";"630";"групповая";"36";"нет";"READY";""
"2293";"4-МЕТОКСИ-4-МЕТИЛПЕНТАНОН-2 (р)";"316";"групповая";"55";"нет";"READY";""
"2294";"N-Метиланилин *";"608";"групповая";"78";"нет";"READY";""
"2295";"Метилхлорацетат";"647";"групповая";"14";"нет";"READY";""
"2296";"Метилциклогексан";"305";"групповая";"36";"нет";"READY";""
"2297";"МЕТИЛЦИКЛОГЕКСАНОН (р)";"316";"групповая";"55";"нет";"READY";""
"2298";"Метилциклопентан";"305";"групповая";"36";"нет";"READY";""
"2299";"Метилдихлорацетат";"606";"групповая";"9";"нет";"READY";""
"2300";"2-Метил-5-этилпиридин *";"608";"групповая";"78";"нет";"READY";""
"2301";"2-МЕТИЛФУРАН";"306";"групповая";"53";"нет";"READY";""
"2302";"5-Метилгексанон-2";"316";"групповая";"55";"нет";"READY";""
"2303";"Изопропенилбензол";"314";"групповая";"3";"нет";"READY";""
"2304";"Нафталин расплавленный";"402";"групповая";"19";"нет";"READY";""
"2305";"Кислота нитробензолсульфоновая *, #";"804";"групповая";"15";"нет";"READY";""
"2306";"Нитробензотрифториды жидкие ***";"608";"групповая";"78";"нет";"READY";""
"2307";"3-Нитро-4-хлорбензотрифторид ***";"608";"групповая";"78";"нет";"READY";""
"2308";"Кислота нитрозилсерная жидкая";"801";"групповая";"42";"нет";"READY";""
"2309";"Октадиен";"305";"групповая";"36";"нет";"READY";""
"2310";"Пентандион-2,4";"320";"групповая";"5";"нет";"READY";""
"2311";"Фенетидины *";"608";"групповая";"78";"нет";"READY";""
"2312";"ФЕНОЛ РАСПЛАВЛЕННЫЙ (р)";"608";"групповая";"78";"нет";"READY";""
"2313";"Пиколины *";"311";"групповая";"25";"нет";"READY";""
"2315";"Полихлордифенилы жидкие";"904";"групповая";"8";"нет";"READY_WITH_SOURCE_GAPS";"В официальной АК отсутствует раздел: mainProperties | В официальной АК отсутствует раздел: fireExplosionHazard | В официальной АК отсутствует раздел: humanHazard"
"2316";"НАТРИЯ КУПРОЦИАНИД ТВЕРДЫЙ";"619";"групповая";"18";"нет";"READY";""
"2317";"НАТРИЯ КУПРОЦИАНИДА РАСТВОР";"622";"групповая";"10";"нет";"READY";""
"2318";"НАТРИЯ ГИДРОСУЛЬФИД, содержащий менее 25% кристаллизационной воды";"405";"групповая";"36";"нет";"READY";""
"2319";"Углеводороды терпеновые, н.у.к.";"315";"групповая";"14";"нет";"READY";""
"2320";"Тетраэтиленпентамин";"807";"групповая";"31";"нет";"READY";""
"2321";"Трихлорбензолы жидкие **";"608";"групповая";"78";"нет";"READY";""
"2322";"Трихлорбутен";"605";"групповая";"25";"нет";"READY";""
"2323";"Триэтилфосфит **";"327";"групповая";"6";"нет";"READY";""
"2324";"Триизобутилен";"315";"групповая";"14";"нет";"READY";""
"2325";"1,3,5-Триметилбензол";"317";"групповая";"12";"нет";"READY";""
"2326";"Триметилциклогексиламин";"807";"групповая";"31";"нет";"READY";""
"2327";"Триметилгексаметилендиамины";"807";"групповая";"31";"нет";"READY";""
"2328";"ТРИМЕТИЛГЕКСАМЕТИЛЕНДИИЗОЦИАНАТ";"609";"групповая";"25";"нет";"READY";""
"2329";"Триметилфосфит **";"327";"групповая";"6";"нет";"READY";""
"2330";"Ундекан";"315";"групповая";"14";"нет";"READY";""
"2331";"Цинка хлорид безводный";"806";"групповая";"31";"нет";"READY";""
"2332";"Ацетальдоксим";"326";"групповая";"7";"нет";"READY";""
"2333";"Аллилацетат";"313";"групповая";"6";"нет";"READY";""
"2334";"Аллиламин";"648";"групповая";"5";"нет";"READY";""
"2335";"Эфир аллилэтиловый";"313";"групповая";"6";"нет";"READY";""
"2336";"Аллилформиат";"313";"групповая";"6";"нет";"READY";""
"2337";"ФЕНИЛМЕРКАПТАН **";"609";"групповая";"25";"нет";"READY";""
"2338";"Бензотрифторид";"312";"групповая";"27";"нет";"READY";""
"2339";"2-Бромбутан";"312";"групповая";"27";"нет";"READY";""
"2340";"Эфир 2-бромэтилэтиловый";"312";"групповая";"27";"нет";"READY";""
"2341";"1-Бром-3-метилбутан";"324";"групповая";"3";"нет";"READY";""
"2342";"Бромметилпропаны";"312";"групповая";"27";"нет";"READY";""
"2343";"2-Бромпентан *";"312";"групповая";"27";"нет";"READY";""
"2344";"Бромпропаны *";"312";"групповая";"27";"нет";"READY";""
"2345";"3-Бромпропин";"312";"групповая";"27";"нет";"READY";""
"2346";"Бутандион";"307";"групповая";"20";"нет";"READY";""
"2347";"БУТИЛМЕРКАПТАН *";"304";"групповая";"15";"нет";"READY";""
"2348";"Бутилакрилаты стабилизированные";"316";"групповая";"55";"нет";"READY";""
"2350";"ЭФИР БУТИЛМЕТИЛОВЫЙ (р)";"306";"групповая";"53";"нет";"READY";""
"2351";"Бутилнитриты";"310";"групповая";"14";"нет";"READY";""
"2352";"Эфир бутилвиниловый стабилизированный";"306";"групповая";"53";"нет";"READY";""
"2353";"Бутирилхлорид";"323";"групповая";"5";"нет";"READY";""
"2354";"Эфир хлорметилэтиловый";"312";"групповая";"27";"нет";"READY";""
"2356";"ХЛОРПРОПАН **";"304";"групповая";"15";"нет";"READY";""
"2357";"Циклогексиламин *";"807";"групповая";"31";"нет";"READY";""
"2358";"Циклооктатетраен";"305";"групповая";"36";"нет";"READY";""
"2359";"Диаллиламин";"311";"групповая";"25";"нет";"READY";""
"2360";"Эфир диаллиловый";"306";"групповая";"53";"нет";"READY";""
"2361";"Диизобутиламин";"325";"групповая";"7";"нет";"READY";""
"2362";"1,1-Дихлорэтан";"312";"групповая";"27";"нет";"READY";""
"2363";"ЭТИЛМЕРКАПТАН *";"304";"групповая";"15";"нет";"READY";""
"2364";"н-Пропилбензол";"317";"групповая";"12";"нет";"READY";""
"2366";"Диэтилкарбонат";"316";"групповая";"55";"нет";"READY";""
"2367";"альфа-Метилвалеральдегид";"307";"групповая";"20";"нет";"READY";""
"2368";"альфа-Пинен";"317";"групповая";"12";"нет";"READY";""
"2370";"Гексен-1";"305";"групповая";"36";"нет";"READY";""
"2371";"ИЗОПЕНТЕНЫ";"301";"групповая";"15";"нет";"READY";""
"2372";"1,2-Ди-(диметиламино)-этан";"310";"групповая";"14";"нет";"READY";""
"2373";"ДИЭТОКСИМЕТАН (р)";"306";"групповая";"53";"нет";"READY";""
"2374";"3,3-ДИЭТОКСИПРОПЕН (р)";"306";"групповая";"53";"нет";"READY";""
"2375";"ДИЭТИЛСУЛЬФИД *";"304";"групповая";"15";"нет";"READY";""
"2376";"2,3-Дигидропиран";"306";"групповая";"53";"нет";"READY";""
"2377";"1,1-ДИМЕТОКСИЭТАН (р)";"306";"групповая";"53";"нет";"READY";""
"2378";"2-ДИМЕТИЛАМИНОАЦЕТОНИТРИЛ (н)";"310";"групповая";"14";"нет";"READY";""
"2379";"1,3-Диметилбутиламин";"311";"групповая";"25";"нет";"READY";""
"2380";"ДИМЕТИЛДИЭТОКСИСИЛАН (р)";"306";"групповая";"53";"нет";"READY";""
"2381";"ДИМЕТИЛДИСУЛЬФИД *";"304";"групповая";"15";"нет";"READY";""
"2382";"Диметилгидразин симметричный";"648";"групповая";"5";"нет";"READY";""
"2383";"Дипропиламин";"311";"групповая";"25";"нет";"READY";""
"2384";"ЭФИР ДИ-н-ПРОПИЛОВЫЙ";"306";"групповая";"53";"нет";"READY";""
"2385";"Этилизобутират";"306";"групповая";"53";"нет";"READY";""
"2386";"1-Этилпиперидин";"311";"групповая";"25";"нет";"READY";""
"2387";"Фторбензол";"312";"групповая";"27";"нет";"READY";""
"2388";"Фтортолуолы";"312";"групповая";"27";"нет";"READY";""
"2389";"Фуран";"301";"групповая";"15";"нет";"READY";""
"2390";"2-Йодбутан *";"312";"групповая";"27";"нет";"READY";""
"2391";"Йодметилпропаны";"312";"групповая";"27";"нет";"READY";""
"2392";"Йодпропаны";"324";"групповая";"3";"нет";"READY";""
"2393";"Изобутилформиат";"306";"групповая";"53";"нет";"READY";""
"2394";"Изобутилпропионат";"306";"групповая";"53";"нет";"READY";""
"2395";"Изобутирилхлорид";"323";"групповая";"5";"нет";"READY";""
"2396";"Альдегид метакриловый стабилизированный";"313";"групповая";"6";"нет";"READY";""
"2397";"3-Метилбутанон-2";"307";"групповая";"20";"нет";"READY";""
"2398";"ЭФИР МЕТИЛ-трет-БУТИЛОВЫЙ (р)";"301";"групповая";"15";"нет";"READY";""
"2399";"1-Метилпиперидин";"311";"групповая";"25";"нет";"READY";""
"2400";"Метилизовалерат";"306";"групповая";"53";"нет";"READY";""
"2401";"Пиперидин *";"807";"групповая";"31";"нет";"READY";""
"2402";"ПРОПАНТИОЛЫ *";"304";"групповая";"15";"нет";"READY";""
"2403";"Изопропенилацетат";"306";"групповая";"53";"нет";"READY";""
"2404";"Пропионитрил";"310";"групповая";"14";"нет";"READY";""
"2405";"Изопропилбутират";"316";"групповая";"55";"нет";"READY";""
"2406";"Изопропилизобутират";"306";"групповая";"53";"нет";"READY";""
"2407";"Изопропилхлорформиат *";"611";"групповая";"19";"нет";"READY";""
"2409";"Изопропилпропионат";"306";"групповая";"53";"нет";"READY";""
"2410";"1,2,3,6-Тетрагидропиридин";"310";"групповая";"14";"нет";"READY";""
"2411";"БУТИРОНИТРИЛ (н)";"310";"групповая";"14";"нет";"READY";""
"2412";"ТЕТРАГИДРОТИОФЕН *";"304";"групповая";"15";"нет";"READY";""
"2413";"Тетрапропилортотитанат";"316";"групповая";"55";"нет";"READY";""
"2414";"ТИОФЕН *";"304";"групповая";"15";"нет";"READY";""
"2416";"ТРИМЕТИЛБОРАТ (р)";"306";"групповая";"53";"нет";"READY";""
"2417";"Карбонилфторид";"203";"групповая";"22";"нет";"READY";""
"2418";"Серы тетрафторид";"203";"групповая";"22";"нет";"READY";""
"2419";"Бромтрифторэтилен";"206";"групповая";"25";"нет";"READY";""
"2420";"Гексафторацетон";"203";"групповая";"22";"нет";"READY";""
"2422";"ОКТАФТОРБУТЕН-2 (ГАЗ РЕФРИЖЕРАТОРНЫЙ R 1318)";"201";"групповая";"45";"нет";"READY";""
"2424";"ОКТАФТОРПРОПАН (ГАЗ РЕФРИЖЕРАТОРНЫЙ R 218)";"201";"групповая";"45";"нет";"READY";""
"2426";"АММОНИЯ НИТРАТ ЖИДКИЙ, горячий концентрированный раствор, концентрации более 80%, но не более 93%";"505";"групповая";"11";"нет";"READY";""
"2427";"КАЛИЯ ХЛОРАТА ВОДНЫЙ РАСТВОР";"505";"групповая";"11";"нет";"READY";""
"2428";"НАТРИЯ ХЛОРАТА ВОДНЫЙ РАСТВОР";"505";"групповая";"11";"нет";"READY";""
"2429";"КАЛЬЦИЯ ХЛОРАТА ВОДНЫЙ РАСТВОР";"505";"групповая";"11";"нет";"READY";""
"2430";"АЛКИЛФЕНОЛЫ ТВЕРДЫЕ, Н.У.К. (включая C2 - C12 гомологи)";"804";"групповая";"15";"нет";"READY";""
"2431";"Анизидины *";"616";"групповая";"38";"нет";"READY";""
"2432";"N,N-Диэтиланилин *";"608";"групповая";"78";"нет";"READY";""
"2433";"Хлорнитротолуолы жидкие ***";"616";"групповая";"38";"нет";"READY";""
"2434";"Дибензилдихлорсилан";"805";"групповая";"21";"нет";"READY";""
"2435";"Этилфенилдихлорсилан";"805";"групповая";"21";"нет";"READY";""
"2436";"КИСЛОТА ТИОУКСУСНАЯ *";"304";"групповая";"15";"нет";"READY";""
"2437";"Метилфенилдихлорсилан";"805";"групповая";"21";"нет";"READY";""
"2438";"Триметилацетилхлорид *";"611";"групповая";"19";"нет";"READY";""
"2439";"Натрия гидродифторид";"806";"групповая";"31";"нет";"READY";""
"2440";"ОЛОВА ТЕТРАХЛОРИДА ПЕНТАГИДРАТ";"806";"групповая";"31";"нет";"READY";""
"2441";"ТИТАНА ТРИХЛОРИД ПИРОФОРНЫЙ или ТИТАНА ТРИХЛОРИДА СМЕСЬ ПИРОФОРНАЯ";"406";"групповая";"4";"нет";"READY";""
"2442";"Трихлорацетилхлорид **";"803";"групповая";"53";"нет";"READY";""
"2443";"Ванадия окситрихлорид";"801";"групповая";"42";"нет";"READY";""
"2444";"Ванадия тетрахлорид";"801";"групповая";"42";"нет";"READY";""
"2446";"Нитрокрезолы твердые *";"608";"групповая";"78";"нет";"READY";""
"2447";"ФОСФОР БЕЛЫЙ РАСПЛАВЛЕННЫЙ";"406";"групповая";"4";"нет";"READY";""
"2448";"Сера расплавленная";"404";"групповая";"52";"нет";"READY";""
"2451";"Азота трифторид";"202";"групповая";"6";"нет";"READY";""
"2452";"Этилацетилен стабилизированный";"206";"групповая";"25";"нет";"READY";""
"2453";"ЭТИЛФТОРИД (ГАЗ РЕФРИЖЕРАТОРНЫЙ R 161) *";"205";"групповая";"14";"нет";"READY";""
"2454";"МЕТИЛФТОРИД (ГАЗ РЕФРИЖЕРАТОРНЫЙ R 41) *";"205";"групповая";"14";"нет";"READY";""
"2456";"ХЛОРПРОПЕН **";"304";"групповая";"15";"нет";"READY";""
"2457";"2,3-Диметилбутан";"305";"групповая";"36";"нет";"READY";""
"2458";"ГЕКСАДИЕНЫ";"305";"групповая";"36";"нет";"READY";""
"2459";"2-Метилбутен-1";"301";"групповая";"15";"нет";"READY";""
"2460";"2-Метилбутен-2";"305";"групповая";"36";"нет";"READY";""
"2461";"Метилпентадиен";"305";"групповая";"36";"нет";"READY";""
"2463";"Алюминия гидрид";"409";"групповая";"44";"нет";"READY";""
"2464";"Бериллия нитрат";"503";"групповая";"13";"нет";"READY";""
"2465";"КИСЛОТА ДИХЛОРИЗОЦИАНУРОВАЯ СУХАЯ или КИСЛОТЫ ДИХЛОРИЗОЦИАНУРОВОЙ СОЛИ";"501";"групповая";"76";"нет";"READY";""
"2466";"КАЛИЯ СУПЕРОКСИД";"509";"групповая";"11";"нет";"READY";""
"2468";"Кислота трихлоризоциануровая сухая";"501";"групповая";"76";"нет";"READY";""
"2469";"Цинка бромат";"501";"групповая";"76";"нет";"READY";""
"2470";"Фенилацетонитрил жидкий *";"608";"групповая";"78";"нет";"READY";""
"2471";"Осмия тетраоксид *";"603";"групповая";"61";"нет";"READY";""
"2473";"Натрия арсанилат";"626";"групповая";"5";"нет";"READY";""
"2474";"Тиофосген";"612";"групповая";"6";"нет";"READY";""
"2475";"Ванадия трихлорид";"806";"групповая";"31";"нет";"READY";""
"2477";"МЕТИЛИЗОТИОЦИАНАТ *";"609";"групповая";"25";"нет";"READY";""
"2478";"ИЗОЦИАНАТЫ ЛЕГКОВОСПЛАМЕНЯЮЩИЕСЯ ЯДОВИТЫЕ, Н.У.К. или ИЗОЦИАНАТА РАСТВОР ЛЕГКОВОСПЛАМЕНЯЮЩИЙСЯ ЯДОВИТЫЙ, Н.У.К.";"333";"групповая";"2";"нет";"READY";""
"2480";"МЕТИЛИЗОЦИАНАТ #";"609";"групповая";"25";"нет";"READY";""
"2481";"ЭТИЛИЗОЦИАНАТ #";"609";"групповая";"25";"нет";"READY";""
"2482";"н-ПРОПИЛИЗОЦИАНАТ #";"609";"групповая";"25";"нет";"READY";""
"2483";"ИЗОПРОПИЛИЗОЦИАНАТ #";"609";"групповая";"25";"нет";"READY";""
"2484";"трет-БУТИЛИЗОЦИАНАТ #";"609";"групповая";"25";"нет";"READY";""
"2485";"н-БУТИЛИЗОЦИАНАТ #";"609";"групповая";"25";"нет";"READY";""
"2486";"ИЗОБУТИЛИЗОЦИАНАТ #";"609";"групповая";"25";"нет";"READY";""
"2487";"ФЕНИЛИЗОЦИАНАТ";"609";"групповая";"25";"нет";"READY";""
"2488";"ЦИКЛОГЕКСИЛИЗОЦИАНАТ";"609";"групповая";"25";"нет";"READY";""
"2490";"Эфир дихлорДИизопропиловый";"606";"групповая";"9";"нет";"READY";""
"2491";"ЭТАНОЛАМИН или ЭТАНОЛАМИНА РАСТВОР";"807";"групповая";"31";"нет";"READY";""
"2493";"Гексаметиленимин";"311";"групповая";"25";"нет";"READY";""
"2495";"Йода пентафторид";"504";"групповая";"3";"нет";"READY";""
"2496";"Ангидрид пропионовый";"803";"групповая";"53";"нет";"READY";""
"2498";"1,2,3,6-ТЕТРАГИДРОБЕНЗАЛЬДЕГИД (т)";"316";"групповая";"55";"нет";"READY";""
"2501";"ТРЕТ(1-АЗИРИДИНИЛ) ФОСФИНОКСИДА РАСТВОР (р)";"614";"групповая";"10";"нет";"READY";""
"2502";"Валерилхлорид **, $";"803";"групповая";"53";"нет";"READY";""
"2503";"Циркония тетрахлорид";"806";"групповая";"31";"нет";"READY";""
"2504";"Тетрабромэтан";"605";"групповая";"25";"нет";"READY";""
"2505";"Аммония фторид";"603";"групповая";"61";"нет";"READY";""
"2506";"Аммония гидросульфат";"806";"групповая";"31";"нет";"READY";""
"2507";"КИСЛОТА ХЛОРПЛАТИНОВАЯ ТВЕРДАЯ";"806";"групповая";"31";"нет";"READY";""
"2508";"Молибдена пентахлорид";"806";"групповая";"31";"нет";"READY";""
"2509";"Калия гидросульфат";"806";"групповая";"31";"нет";"READY";""
"2511";"Кислота 2-хлорпропионовая **";"803";"групповая";"53";"нет";"READY";""
"2512";"АМИНОФЕНОЛЫ (о-, м-, п-) *";"616";"групповая";"38";"нет";"READY";""
"2513";"Бромацетилбромид **";"803";"групповая";"53";"нет";"READY";""
"2514";"Бромбензол";"318";"групповая";"4";"нет";"READY";""
"2515";"Бромоформ";"605";"групповая";"25";"нет";"READY";""
"2516";"Углерода тетрабромид";"605";"групповая";"25";"нет";"READY";""
"2517";"1-ХЛОР-1,1-ДИФТОРЭТАН (ГАЗ РЕФРИЖЕРАТОРНЫЙ R 142b) *";"205";"групповая";"14";"нет";"READY";""
"2518";"1,5,9-ЦИКЛОДОДЕКАТРИЕН";"614";"групповая";"10";"нет";"READY";""
"2520";"Циклооктадиены";"315";"групповая";"14";"нет";"READY";""
"2521";"Дикетен стабилизированный";"650";"групповая";"5";"нет";"READY";""
"2522";"2-ДИМЕТИЛАМИНОЭТИЛМЕТАКРИЛАТ СТАБИЛИЗИРОВАННЫЙ";"614";"групповая";"10";"нет";"READY";""
"2524";"Этилортоформиат";"316";"групповая";"55";"нет";"READY";""
"2525";"ЭТИЛОКСАЛАТ (н)";"607";"групповая";"7";"нет";"READY";""
"2526";"ФУРФУРИЛАМИН (р)";"325";"групповая";"7";"нет";"READY";""
"2527";"Изобутилакрилат СТАБИЛИЗИРОВАННЫЙ";"316";"групповая";"55";"нет";"READY";""
"2528";"Изобутилизобутират";"316";"групповая";"55";"нет";"READY";""
"2529";"Кислота изомасляная";"320";"групповая";"5";"нет";"READY";""
"2531";"Кислота метакриловая стабилизированная";"803";"групповая";"53";"нет";"READY";""
"2533";"Метилтрихлорацетат";"606";"групповая";"9";"нет";"READY";""
"2534";"МЕТИЛХЛОРСИЛАН";"210";"групповая";"2";"нет";"READY";""
"2535";"4-МЕТИЛМОРФОЛИН (N-МЕТИЛМОРФОЛИН)";"311";"групповая";"25";"нет";"READY";""
"2536";"Метилтетрагидрофуран";"306";"групповая";"53";"нет";"READY";""
"2538";"Нитронафталин";"404";"групповая";"52";"нет";"READY";""
"2541";"Терпинолен";"317";"групповая";"12";"нет";"READY";""
"2542";"ТРИБУТИЛАМИН *";"614";"групповая";"10";"нет";"READY";""
"2545";"Гафний - порошок сухой";"405";"групповая";"36";"нет";"READY";""
"2546";"Титан - порошок сухой";"405";"групповая";"36";"нет";"READY";""
"2547";"НАТРИЯ СУПЕРОКСИД";"509";"групповая";"11";"нет";"READY";""
"2548";"Хлора пентафторид";"211";"групповая";"6";"нет";"READY";""
"2552";"Гексафторацетонгидрат ЖИДКИЙ";"625";"групповая";"8";"нет";"READY";""
"2554";"Метилаллилхлорид";"312";"групповая";"27";"нет";"READY";""
"2555";"НИТРОЦЕЛЛЮЛОЗА, СОДЕРЖАЩАЯ ВОДУ (с массовой долей воды не менее 25%)";"402";"групповая";"19";"нет";"READY";""
"2556";"НИТРОЦЕЛЛЮЛОЗА, СОДЕРЖАЩАЯ СПИРТ (с массовой долей спирта не менее 25% и азота не более 12,6% на сухую массу)";"402";"групповая";"19";"нет";"READY";""
"2557";"НИТРОЦЕЛЛЮЛОЗА с массовой долей азота не более 12,6% на сухую массу - СМЕСЬ С или БЕЗ ПЛАСТИФИЦИРУЮЩЕГО ВЕЩЕСТВА или СМЕСЬ С или БЕЗ ПИГМЕНТА";"402";"групповая";"19";"нет";"READY";""
"2557";"Паста суховальцованная для нитроэмали";"402";"групповая";"19";"нет";"READY";""
"2557";"Этрол нитроцеллюлозный";"402";"групповая";"19";"нет";"READY";""
"2558";"Эпибромгидрин";"647";"групповая";"14";"нет";"READY";""
"2560";"2-Метилпентанол-2";"316";"групповая";"55";"нет";"READY";""
"2561";"3-Метилбутен-1";"301";"групповая";"15";"нет";"READY";""
"2564";"Кислоты трихлоруксусной раствор **";"803";"групповая";"53";"нет";"READY";""
"2565";"Дициклогексиламин";"807";"групповая";"31";"нет";"READY";""
"2567";"Натрия пентахлорфенолят";"620";"групповая";"18";"нет";"READY";""
"2570";"КАДМИЯ СОЕДИНЕНИЕ";"630";"групповая";"36";"нет";"READY";""
"2571";"Кислота этилсерная #";"803";"групповая";"53";"нет";"READY";""
"2571";"Кислоты алкилсерные #";"803";"групповая";"53";"нет";"READY";""
"2572";"ФЕНИЛГИДРАЗИН (к) *";"616";"групповая";"38";"нет";"READY";""
"2573";"ТАЛЛИЯ (I) ХЛОРАТ";"503";"групповая";"13";"нет";"READY";""
"2574";"ТРИКРЕЗИЛФОСФАТ, содержащий более 3% ортоизомера #";"614";"групповая";"10";"нет";"READY";""
"2576";"Фосфора оксибромид расплавленный *";"801";"групповая";"42";"нет";"READY";""
"2577";"Фенилацетилхлорид **";"804";"групповая";"15";"нет";"READY";""
"2578";"Фосфора триоксид";"806";"групповая";"31";"нет";"READY";""
"2579";"Пиперазин";"807";"групповая";"31";"нет";"READY";""
"2580";"Алюминия бромида раствор";"801";"групповая";"42";"нет";"READY";""
"2581";"Алюминия оксихлорид, коагулянт";"801";"групповая";"42";"нет";"READY";""
"2581";"Алюминия хлорида раствор";"801";"групповая";"42";"нет";"READY";""
"2582";"ЖЕЛЕЗА (III) ХЛОРИДА РАСТВОР";"801";"групповая";"42";"нет";"READY";""
"2583";"АЛКИЛСУЛЬФОКИСЛОТЫ ТВЕРДЫЕ или АРИЛСУЛЬФОКИСЛОТЫ ТВЕРДЫЕ, содержащие более 5% свободной серной кислоты #";"803";"групповая";"53";"нет";"READY";""
"2583";"Бензолсульфокислота, содержащая более 5% свободной серной кислоты #";"803";"групповая";"53";"нет";"READY";""
"2584";"АЛКИЛСУЛЬФОКИСЛОТЫ ЖИДКИЕ или АРИЛСУЛЬФОКИСЛОТЫ ЖИДКИЕ, содержащие более 5% свободной серной кислоты #";"803";"групповая";"53";"нет";"READY";""
"2584";"Толуолсульфокислоты, содержащая более 5% свободной серной кислоты #";"803";"групповая";"53";"нет";"READY";""
"2585";"АЛКИЛСУЛЬФОКИСЛОТЫ ТВЕРДЫЕ или АРИЛСУЛЬФОКИСЛОТЫ ТВЕРДЫЕ, содержащие не более 5% свободной серной кислоты #";"803";"групповая";"53";"нет";"READY";""
"2586";"Алкилбензосульфокислота, содержащая не более 5% свободной серной кислоты";"803";"групповая";"53";"нет";"READY";""
"2586";"АЛКИЛСУЛЬФОКИСЛОТЫ ЖИДКИЕ или АРИЛСУЛЬФОКИСЛОТЫ ЖИДКИЕ, содержащие не более 5% свободной серной кислоты #";"803";"групповая";"53";"нет";"READY";""
"2586";"Бензолсульфокислота, содержащая не более 5% свободной серной кислоты #";"803";"групповая";"53";"нет";"READY";""
"2586";"Метансульфокислота #";"803";"групповая";"53";"нет";"READY";""
"2587";"Бензохинон";"616";"групповая";"38";"нет";"READY";""
"2588";"ПЕСТИЦИД ТВЕРДЫЙ ЯДОВИТЫЙ, Н.У.К.";"613";"групповая";"16";"нет";"READY";""
"2589";"Винилхлорацетат";"647";"групповая";"14";"нет";"READY";""
"2590";"АСБЕСТ ХРИЗОТИЛОВЫЙ";"904";"групповая";"8";"нет";"READY_WITH_SOURCE_GAPS";"В официальной АК отсутствует раздел: mainProperties | В официальной АК отсутствует раздел: fireExplosionHazard | В официальной АК отсутствует раздел: humanHazard"
"2591";"Ксенон охлажденный жидкий *";"201";"групповая";"45";"нет";"READY";""
"2599";"ТРИФТОРХЛОРМЕТАНА И ФТОРОФОРМА АЗЕОТРОПНАЯ СМЕСЬ, содержащая приблизительно 60% трифторхлорметана (ГАЗ РЕФРИЖЕРАТОРНЫЙ R 503)";"201";"групповая";"45";"нет";"READY";""
"2601";"Циклобутан";"206";"групповая";"25";"нет";"READY";""
"2602";"ДИХЛОРДИФТОРМЕТАНА И ДИФТОРЭТАНА АЗЕОТРОПНАЯ СМЕСЬ, содержащая приблизительно 74% дихлордифторметана (ГАЗ РЕФРИЖЕРАТОРНЫЙ R 500)";"201";"групповая";"45";"нет";"READY";""
"2603";"Циклогептатриен";"313";"групповая";"6";"нет";"READY";""
"2604";"ЭФИР БОРТРИФТОРДИЭТИЛОВЫЙ";"812";"индивидуальная";"1";"нет";"READY";""
"2605";"МЕТОКСИМЕТИЛИЗОЦИАНАТ #";"609";"групповая";"25";"нет";"READY";""
"2606";"Метилортосиликат";"607";"групповая";"7";"нет";"READY";""
"2607";"АКРОЛЕИНА ДИМЕР СТАБИЛИЗИРОВАННЫЙ (т)";"316";"групповая";"55";"нет";"READY";""
"2608";"Нитропропаны";"326";"групповая";"7";"нет";"READY";""
"2609";"Триаллилборат";"626";"групповая";"5";"нет";"READY";""
"2610";"Триаллиламин";"325";"групповая";"7";"нет";"READY";""
"2611";"ПРОПИЛЕНХЛОРГИДРИН";"647";"групповая";"14";"нет";"READY";""
"2612";"ЭФИР МЕТИЛПРОПИЛОВЫЙ (р)";"306";"групповая";"53";"нет";"READY";""
"2614";"СПИРТ МЕТАЛЛИЛОВЫЙ (р)";"316";"групповая";"55";"нет";"READY";""
"2615";"ЭФИР ЭТИЛПРОПИЛОВЫЙ (р)";"306";"групповая";"53";"нет";"READY";""
"2616";"Триизопропилборат";"306";"групповая";"53";"нет";"READY";""
"2617";"МЕТИЛЦИКЛОГЕКСАНОЛЫ легковоспламеняющиеся";"316";"групповая";"55";"нет";"READY";""
"2618";"Винилтолуолы стабилизированные";"317";"групповая";"12";"нет";"READY";""
"2619";"ДИМЕТИЛБЕНЗИЛАМИН *";"807";"групповая";"31";"нет";"READY";""
"2620";"Амилбутираты";"316";"групповая";"55";"нет";"READY";""
"2621";"Ацетилметилкарбинол";"316";"групповая";"55";"нет";"READY";""
"2622";"Глицидальдегид";"313";"групповая";"6";"нет";"READY";""
"2623";"ПРИСПОСОБЛЕНИЕ ЗАЖИГАТЕЛЬНОЕ ТВЕРДОЕ, содержащее легковоспламеняющуюся жидкость";"410";"групповая";"2";"нет";"READY";""
"2624";"Магния силицид";"409";"групповая";"44";"нет";"READY";""
"2626";"КИСЛОТЫ ХЛОРНОВАТОЙ ВОДНЫЙ РАСТВОР, содержащий не более 10% хлорноватой кислоты";"505";"групповая";"11";"нет";"READY";""
"2627";"Нитриты неорганические, н.у.к.";"501";"групповая";"76";"нет";"READY";""
"2628";"Калия фторацетат";"620";"групповая";"18";"нет";"READY";""
"2629";"Натрия фторацетат";"620";"групповая";"18";"нет";"READY";""
"2630";"СЕЛЕНАТЫ или СЕЛЕНИТЫ";"630";"групповая";"36";"нет";"READY";""
"2642";"Кислота фторуксусная";"625";"групповая";"8";"нет";"READY";""
"2643";"Метилбромацетат";"606";"групповая";"9";"нет";"READY";""
"2644";"МетилИодид";"605";"групповая";"25";"нет";"READY";""
"2645";"ФЕНАЦИЛБРОМИД";"616";"групповая";"38";"нет";"READY";""
"2646";"Гексахлорциклопентадиен";"605";"групповая";"25";"нет";"READY";""
"2647";"МАЛОНОНИТРИЛ * (р)";"608";"групповая";"78";"нет";"READY";""
"2648";"1,2-Дибромбутанон-3";"606";"групповая";"9";"нет";"READY";""
"2649";"1,3-Дихлорацетон";"625";"групповая";"8";"нет";"READY";""
"2650";"1,1-Дихлор-1-нитроэтан";"624";"групповая";"4";"нет";"READY";""
"2651";"4,4'-Диаминодифенилметан *";"608";"групповая";"78";"нет";"READY";""
"2653";"БензилИодид";"605";"групповая";"25";"нет";"READY";""
"2655";"КАЛИЯ ФТОРОСИЛИКАТ";"603";"групповая";"61";"нет";"READY";""
"2656";"ХИНОЛИН * (р)";"608";"групповая";"78";"нет";"READY";""
"2657";"Селена дисульфид";"617";"групповая";"7";"нет";"READY";""
"2659";"Натрия хлорацетат";"620";"групповая";"18";"нет";"READY";""
"2660";"НИТРОТОЛУИДИНЫ (МОНО-) *";"608";"групповая";"78";"нет";"READY";""
"2661";"Гексахлорацетон";"625";"групповая";"8";"нет";"READY";""
"2664";"Дибромметан";"605";"групповая";"25";"нет";"READY";""
"2667";"Бутилтолуолы";"616";"групповая";"38";"нет";"READY";""
"2668";"ХЛОРАЦЕТОНИТРИЛ *, #";"609";"групповая";"25";"нет";"READY";""
"2669";"Хлоркрезолов раствор **";"616";"групповая";"38";"нет";"READY";""
"2670";"Цианурхлорид *, **";"803";"групповая";"53";"нет";"READY";""
"2671";"АМИНОПИРИДИНЫ (о-, м-, п-) * (р)";"608";"групповая";"78";"нет";"READY";""
"2672";"АММИАКА РАСТВОР в воде с относительной плотностью от 0,880 до 0,957 при температуре 15 °C, содержащий более 10%, но не более 35% аммиака <1>";"809";"групповая";"11";"нет";"READY";""
"2673";"2-Амино-4-хлорфенол ***";"616";"групповая";"38";"нет";"READY";""
"2674";"Натрия фторсиликат";"619";"групповая";"18";"нет";"READY";""
"2676";"Стибин";"209";"групповая";"16";"нет";"READY";""
"2677";"Рубидия гидроксида раствор";"809";"групповая";"11";"нет";"READY";""
"2678";"Рубидия гидроксид";"808";"групповая";"13";"нет";"READY";""
"2679";"Лития гидроксида раствор";"809";"групповая";"11";"нет";"READY";""
"2680";"Лития гидроксид";"808";"групповая";"13";"нет";"READY";""
"2681";"Цезия гидроксида раствор";"809";"групповая";"11";"нет";"READY";""
"2682";"Цезия гидроксид";"808";"групповая";"13";"нет";"READY";""
"2683";"Аммония сульфида раствор";"809";"групповая";"11";"нет";"READY";""
"2684";"3-ДИЭТИЛАМИНОПРОПИЛАМИН (р)";"325";"групповая";"7";"нет";"READY";""
"2685";"N,N-Диэтилэтилендиамин *";"807";"групповая";"31";"нет";"READY";""
"2686";"2-Диэтилэтаноламин *";"807";"групповая";"31";"нет";"READY";""
"2687";"ДИЦИКЛОГЕКСИЛАММОНИЯ НИТРИТ";"404";"групповая";"52";"нет";"READY";""
"2688";"1-БРОМ-3-ХЛОРПРОПАН";"605";"групповая";"25";"нет";"READY";""
"2689";"ГЛИЦЕРИНА альфа-ХЛОРГИДРИН";"625";"групповая";"8";"нет";"READY";""
"2690";"N,h-Бутилимидазол *";"608";"групповая";"78";"нет";"READY";""
"2691";"Фосфора пентабромид";"806";"групповая";"31";"нет";"READY";""
"2692";"Бора трибромид";"801";"групповая";"42";"нет";"READY";""
"2693";"БИСУЛЬФИТОВ ВОДНЫЙ РАСТВОР, Н.У.К.";"816";"групповая";"4";"нет";"READY";""
"2698";"АНГИДРИДЫ ТЕТРАГИДРОФТАЛЕВЫЕ, содержащие более 0,05% малеинового ангидрида";"804";"групповая";"15";"нет";"READY";""
"2699";"Кислота трифторуксусная **";"803";"групповая";"53";"нет";"READY";""
"2705";"Пентол-1";"803";"групповая";"53";"нет";"READY";""
"2707";"ДИМЕТИЛДИОКСАНЫ (р)";"316";"групповая";"55";"нет";"READY";""
"2709";"Бутилбензолы";"317";"групповая";"12";"нет";"READY";""
"2710";"Дипропилкетон";"316";"групповая";"55";"нет";"READY";""
"2713";"Акридин *";"608";"групповая";"78";"нет";"READY";""
"2714";"Цинка резинат";"404";"групповая";"52";"нет";"READY";""
"2715";"Алюминия резинат";"404";"групповая";"52";"нет";"READY";""
"2716";"БУТИНДИОЛ-1,4";"607";"групповая";"7";"нет";"READY";""
"2717";"КАМФАРА синтетическая";"402";"групповая";"19";"нет";"READY";""
"2719";"Бария бромат";"503";"групповая";"13";"нет";"READY";""
"2720";"Хрома (III) нитрат";"501";"групповая";"76";"нет";"READY";""
"2721";"МЕДИ (III) ХЛОРАТ";"501";"групповая";"76";"нет";"READY";""
"2722";"Лития нитрат";"501";"групповая";"76";"нет";"READY";""
"2723";"Магния хлорат";"501";"групповая";"76";"нет";"READY";""
"2724";"Марганца (II) нитрат";"501";"групповая";"76";"нет";"READY";""
"2725";"Никеля (II) нитрат";"501";"групповая";"76";"нет";"READY";""
"2726";"Никеля (II) нитрит";"501";"групповая";"76";"нет";"READY";""
"2727";"Таллия (I) нитрат";"657";"групповая";"2";"нет";"READY";""
"2728";"Циркония нитрат";"501";"групповая";"76";"нет";"READY";""
"2729";"Гексахлорбензол **";"616";"групповая";"38";"нет";"READY";""
"2730";"Нитроанизолы жидкие *";"616";"групповая";"38";"нет";"READY";""
"2732";"Нитробромбензолы жидкие ***";"608";"групповая";"78";"нет";"READY";""
"2733";"АМИНЫ ЛЕГКОВОСПЛАМЕНЯЮЩИЕСЯ КОРРОЗИОННЫЕ, Н.У.К. или ПОЛИАМИНЫ ЛЕГКОВОСПЛАМЕНЯЮЩИЕСЯ КОРРОЗИОННЫЕ, Н.У.К.";"330";"индивидуальная";"1";"нет";"READY";""
"2734";"АМИНЫ ЖИДКИЕ КОРРОЗИОННЫЕ ЛЕГКОВОСПЛАМЕНЯЮЩИЕСЯ, Н.У.К., или ПОЛИАМИНЫ ЖИДКИЕ КОРРОЗИОННЫЕ ЛЕГКОВОСПЛАМЕНЯЮЩИЕСЯ, Н.У.К.";"821";"групповая";"2";"нет";"READY";""
"2734";"Ди-фтор-бутиламин";"821";"групповая";"2";"нет";"READY";""
"2735";"АМИНЫ ЖИДКИЕ КОРРОЗИОННЫЕ, Н.У.К., или ПОЛИАМИНЫ ЖИДКИЕ КОРРОЗИОННЫЕ, Н.У.К.";"821";"групповая";"2";"нет";"READY";""
"2735";"Амины C10 - C14, первичные";"821";"групповая";"2";"нет";"READY";""
"2735";"Полиэтиленполиамины";"821";"групповая";"2";"нет";"READY";""
"2738";"N-Бутиланилин *";"608";"групповая";"78";"нет";"READY";""
"2739";"Ангидрид масляный";"803";"групповая";"53";"нет";"READY";""
"2740";"н-Пропилхлорформиат *";"611";"групповая";"19";"нет";"READY";""
"2741";"БАРИЯ ГИПОХЛОРИТ, содержащий более 22% активного хлора";"503";"групповая";"13";"нет";"READY";""
"2742";"ХЛОРФОРМИАТЫ ЯДОВИТЫЕ КОРРОЗИОННЫЕ ЛЕГКОВОСПЛАМЕНЯЮЩИЕСЯ, Н.У.К.";"637";"групповая";"2";"нет";"READY";""
"2743";"н-Бутилхлорформиат *";"611";"групповая";"19";"нет";"READY";""
"2744";"Циклобутилхлорформиат *";"611";"групповая";"19";"нет";"READY";""
"2745";"Хлорметилхлорформиат *";"611";"групповая";"19";"нет";"READY";""
"2746";"Фенилхлорформиат *";"611";"групповая";"19";"нет";"READY";""
"2747";"трет-Бутилциклогексилхлорформиат *";"611";"групповая";"19";"нет";"READY";""
"2748";"2-Этилгексилхлорформиат *";"611";"групповая";"19";"нет";"READY";""
"2749";"ТЕТРАМЕТИЛСИЛАН";"304";"групповая";"15";"нет";"READY";""
"2750";"1,3-Дихлорпропанол-2";"606";"групповая";"9";"нет";"READY";""
"2751";"Диэтилтиофосфорилхлорид #, ##";"803";"групповая";"53";"нет";"READY";""
"2752";"1,2-Эпокси-3-этоксипропан";"316";"групповая";"55";"нет";"READY";""
"2753";"N-Этилбензилтолуидины жидкие *";"608";"групповая";"78";"нет";"READY";""
"2754";"N-Этилтолуидины *";"608";"групповая";"78";"нет";"READY";""
"2757";"ПЕСТИЦИД НА ОСНОВЕ КАРБАМАТОВ ТВЕРДЫЙ ЯДОВИТЫЙ";"613";"групповая";"16";"нет";"READY";""
"2758";"ПЕСТИЦИД НА ОСНОВЕ КАРБАМАТОВ ЖИДКИЙ ЛЕГКОВОСПЛАМЕНЯЮЩИЙСЯ ЯДОВИТЫЙ с температурой вспышки менее 23 °C";"336";"групповая";"15";"нет";"READY";""
"2759";"ПЕСТИЦИД МЫШЬЯКСОДЕРЖАЩИЙ ТВЕРДЫЙ ЯДОВИТЫЙ";"613";"групповая";"16";"нет";"READY";""
"2760";"ПЕСТИЦИД МЫШЬЯКСОДЕРЖАЩИЙ ЖИДКИЙ ЛЕГКОВОСПЛАМЕНЯЮЩИЙСЯ ЯДОВИТЫЙ с температурой вспышки менее 23 °C";"336";"групповая";"15";"нет";"READY";""
"2761";"ПЕСТИЦИД ХЛОРОРГАНИЧЕСКИЙ ТВЕРДЫЙ ЯДОВИТЫЙ";"613";"групповая";"16";"нет";"READY";""
"2761";"Полихлорбутан-80";"613";"групповая";"16";"нет";"READY";""
"2762";"ПЕСТИЦИД ХЛОРОРГАНИЧЕСКИЙ ЖИДКИЙ ЛЕГКОВОСПЛАМЕНЯЮЩИЙСЯ ЯДОВИТЫЙ с температурой вспышки менее 23 °C";"336";"групповая";"15";"нет";"READY";""
"2763";"ПЕСТИЦИД НА ОСНОВЕ ТРИАЗИНОВ ТВЕРДЫЙ ЯДОВИТЫЙ";"613";"групповая";"16";"нет";"READY";""
"2764";"ПЕСТИЦИД НА ОСНОВЕ ТРИАЗИНОВ ЖИДКИЙ ЛЕГКОВОСПЛАМЕНЯЮЩИЙСЯ ЯДОВИТЫЙ с температурой вспышки менее 23 °C";"336";"групповая";"15";"нет";"READY";""
"2771";"ПЕСТИЦИД НА ОСНОВЕ ТИОКАРБАМАТОВ ТВЕРДЫЙ ЯДОВИТЫЙ";"613";"групповая";"16";"нет";"READY";""
"2772";"ПЕСТИЦИД НА ОСНОВЕ ТИОКАРБАМАТОВ ЖИДКИЙ ЛЕГКОВОСПЛАМЕНЯЮЩИЙСЯ ЯДОВИТЫЙ с температурой вспышки менее 23 °C";"336";"групповая";"15";"нет";"READY";""
"2775";"Меди (II) оксихлорид";"613";"групповая";"16";"нет";"READY";""
"2775";"ПЕСТИЦИД МЕДЬСОДЕРЖАЩИЙ ТВЕРДЫЙ ЯДОВИТЫЙ";"613";"групповая";"16";"нет";"READY";""
"2776";"ПЕСТИЦИД МЕДЬСОДЕРЖАЩИЙ ЖИДКИЙ ЛЕГКОВОСПЛАМЕНЯЮЩИЙСЯ ЯДОВИТЫЙ с температурой вспышки менее 23 °C";"336";"групповая";"15";"нет";"READY";""
"2777";"ПЕСТИЦИД РТУТЬСОДЕРЖАЩИЙ ТВЕРДЫЙ ЯДОВИТЫЙ";"613";"групповая";"16";"нет";"READY";""
"2778";"ПЕСТИЦИД РТУТЬСОДЕРЖАЩИЙ ЖИДКИЙ ЛЕГКОВОСПЛАМЕНЯЮЩИЙСЯ ЯДОВИТЫЙ с температурой вспышки менее 23 °C";"336";"групповая";"15";"нет";"READY";""
"2779";"ПЕСТИЦИД - ПРОИЗВОДНЫЙ НИТРОФЕНОЛА ТВЕРДЫЙ ЯДОВИТЫЙ";"613";"групповая";"16";"нет";"READY";""
"2780";"ПЕСТИЦИД - ПРОИЗВОДНЫЙ НИТРОФЕНОЛА ЖИДКИЙ ЛЕГКОВОСПЛАМЕНЯЮЩИЙСЯ ЯДОВИТЫЙ с температурой вспышки менее 23 °C";"336";"групповая";"15";"нет";"READY";""
"2781";"ПЕСТИЦИД - ПРОИЗВОДНЫЙ ДИПИРИДИЛА ТВЕРДЫЙ ЯДОВИТЫЙ";"613";"групповая";"16";"нет";"READY";""
"2782";"ПЕСТИЦИД - ПРОИЗВОДНЫЙ ДИПИРИДИЛА ЖИДКИЙ ЛЕГКОВОСПЛАМЕНЯЮЩИЙСЯ ЯДОВИТЫЙ с температурой вспышки менее 23 °C";"336";"групповая";"15";"нет";"READY";""
"2783";"Диметоат";"613";"групповая";"16";"нет";"READY";""
"2783";"ПЕСТИЦИД ФОСФОРОРГАНИЧЕСКИЙ ТВЕРДЫЙ ЯДОВИТЫЙ";"613";"групповая";"16";"нет";"READY";""
"2784";"ПЕСТИЦИД ФОСФОРОРГАНИЧЕСКИЙ ЖИДКИЙ ЛЕГКОВОСПЛАМЕНЯЮЩИЙСЯ ЯДОВИТЫЙ с температурой вспышки менее 23 °C";"336";"групповая";"15";"нет";"READY";""
"2785";"4-Тиопентаналь";"612";"групповая";"6";"нет";"READY";""
"2786";"ПЕСТИЦИД ОЛОВООРГАНИЧЕСКИЙ ТВЕРДЫЙ ЯДОВИТЫЙ";"613";"групповая";"16";"нет";"READY";""
"2787";"ПЕСТИЦИД ОЛОВООРГАНИЧЕСКИЙ ЖИДКИЙ ЛЕГКОВОСПЛАМЕНЯЮЩИЙСЯ ЯДОВИТЫЙ с температурой вспышки менее 23 °C";"336";"групповая";"15";"нет";"READY";""
"2788";"СОЕДИНЕНИЕ ОЛОВООРГАНИЧЕСКОЕ ЖИДКОЕ, Н.У.К.";"630";"групповая";"36";"нет";"READY";""
"2789";"КИСЛОТА УКСУСНАЯ ЛЕДЯНАЯ или КИСЛОТЫ УКСУСНОЙ РАСТВОР с массовой долей кислоты более 80% $";"803";"групповая";"53";"нет";"READY";""
"2790";"КИСЛОТЫ УКСУСНОЙ РАСТВОР с массовой долей кислоты более 10% и менее 50% *";"801";"групповая";"42";"нет";"READY";""
"2790";"КИСЛОТЫ УКСУСНОЙ РАСТВОР с массовой долей кислоты не менее 50%, но не более 80%";"801";"групповая";"42";"нет";"READY";""
"2793";"СТРУЖКА, ОПИЛКИ или ОБРЕЗКИ ЧЕРНЫХ МЕТАЛЛОВ, подверженные самонагреванию";"405";"групповая";"36";"нет";"READY";""
"2794";"БАТАРЕИ ЖИДКОСТНЫЕ КИСЛОТНЫЕ электрические аккумуляторные";"834";"индивидуальная";"1";"нет";"READY";""
"2795";"БАТАРЕИ ЖИДКОСТНЫЕ ЩЕЛОЧНЫЕ электрические аккумуляторные";"835";"групповая";"3";"нет";"READY";""
"2796";"КИСЛОТА СЕРНАЯ, содержащая не более 51% кислоты, или ЖИДКОСТЬ АККУМУЛЯТОРНАЯ КИСЛОТНАЯ";"801";"групповая";"42";"нет";"READY";""
"2797";"Жидкость аккумуляторная щелочная";"809";"групповая";"11";"нет";"READY";""
"2798";"Фенилфосфордихлорид **, ##";"804";"групповая";"15";"нет";"READY";""
"2799";"Фенилфосфортиодихлорид **, #, ##";"804";"групповая";"15";"нет";"READY";""
"2800";"БАТАРЕИ ЖИДКОСТНЫЕ НЕПРОЛИВАЮЩИЕСЯ электрические, аккумуляторные";"836";"групповая";"2";"нет";"READY";""
"2801";"КРАСИТЕЛЬ ЖИДКИЙ КОРРОЗИОННЫЙ, Н.У.К., или ПОЛУПРОДУКТ СИНТЕЗА КРАСИТЕЛЕЙ ЖИДКИЙ КОРРОЗИОННЫЙ, Н.У.К.";"823";"групповая";"5";"нет";"READY";""
"2802";"Меди хлорид";"806";"групповая";"31";"нет";"READY";""
"2803";"Галлий";"813";"групповая";"3";"нет";"READY";""
"2805";"ЛИТИЯ ГИДРИД - ПЛАВ ТВЕРДЫЙ";"409";"групповая";"44";"нет";"READY";""
"2806";"Лития нитрид";"409";"групповая";"44";"нет";"READY";""
"2809";"Ртуть";"811";"групповая";"2";"нет";"READY";""
"2810";"1,2,3-Трихлорпропан";"615";"групповая";"4";"нет";"READY";""
"2810";"2-Фенилэтанол";"615";"групповая";"4";"нет";"READY";""
"2810";"2-Хлор-6-фторбензилхлорид";"615";"групповая";"4";"нет";"READY";""
"2810";"Аэрофлоты токсичные жидкие";"615";"групповая";"4";"нет";"READY";""
"2810";"Бутилцеллозольв";"615";"групповая";"4";"нет";"READY";""
"2810";"Глицедол";"615";"групповая";"4";"нет";"READY";""
"2810";"Ди-(2-этил)гексиловый эфир метилфосфоновой кислоты";"615";"групповая";"4";"нет";"READY";""
"2810";"Дитолилметан";"615";"групповая";"4";"нет";"READY";""
"2810";"ЖИДКОСТЬ ЯДОВИТАЯ ОРГАНИЧЕСКАЯ, Н.У.К.";"615";"групповая";"4";"нет";"READY";""
"2810";"Ингибитор коррозии ГИПХ-3-А";"615";"групповая";"4";"нет";"READY";""
"2810";"Ингибитор коррозии КХО-1";"615";"групповая";"4";"нет";"READY";""
"2810";"Ингибитор ПБ-5";"615";"групповая";"4";"нет";"READY";""
"2810";"Ингибиторы коррозии ядовитые, жидкие";"615";"групповая";"4";"нет";"READY";""
"2810";"Компонент пластифицирующих материалов";"615";"групповая";"4";"нет";"READY";""
"2810";"Кубовые остатки производства трихлорэтилена";"615";"групповая";"4";"нет";"READY";""
"2810";"Кубовый остаток системы ректификации этиленгликоля";"615";"групповая";"4";"нет";"READY";""
"2810";"Лаки каменноугольные";"615";"групповая";"4";"нет";"READY";""
"2810";"Латекс-наирит";"615";"групповая";"4";"нет";"READY";""
"2810";"Масло тунговое";"615";"групповая";"4";"нет";"READY";""
"2810";"Мономеры фурфурольноацетоновые ФА и ФАМ";"615";"групповая";"4";"нет";"READY";""
"2810";"Остатки кубовые концентрата винипола";"615";"групповая";"4";"нет";"READY";""
"2810";"Отвердитель полиоксипропиленаминный";"615";"групповая";"4";"нет";"READY";""
"2810";"Пек нефтяной жидкий";"615";"групповая";"4";"нет";"READY";""
"2810";"Пластификатор Диалкилфталат-789";"615";"групповая";"4";"нет";"READY";""
"2810";"Пластификатор Дикаприлфталат";"615";"групповая";"4";"нет";"READY";""
"2810";"Пластификаторы фосфатные";"615";"групповая";"4";"нет";"READY";""
"2810";"Поверхностно-активная добавка СПД";"615";"групповая";"4";"нет";"READY";""
"2810";"Полиур БТ";"615";"групповая";"4";"нет";"READY";""
"2810";"Полихлориды бензола";"615";"групповая";"4";"нет";"READY";""
"2810";"Препарат КЭАМ";"615";"групповая";"4";"нет";"READY";""
"2810";"Присадки к котельному топливу ""ВНИИНП-106"", ""Полифен""";"615";"групповая";"4";"нет";"READY";""
"2810";"Пронит";"615";"групповая";"4";"нет";"READY";""
"2810";"Пылеподавитель";"615";"групповая";"4";"нет";"READY";""
"2810";"Растворитель ЛТИ";"615";"групповая";"4";"нет";"READY";""
"2810";"Смолы сланцевые";"615";"групповая";"4";"нет";"READY";""
"2810";"Смолы фенолформальдегидные вспенивающиеся";"615";"групповая";"4";"нет";"READY";""
"2810";"Совтол-10";"615";"групповая";"4";"нет";"READY";""
"2810";"Состав огнегасительный ОГС N 7";"615";"групповая";"4";"нет";"READY";""
"2810";"Спирт гептиловый";"615";"групповая";"4";"нет";"READY";""
"2810";"Сырье коксохимическое для производства технического углерода, ядовитое жирное";"615";"групповая";"4";"нет";"READY";""
"2810";"Сырье нефтяное для производства технического углерода, ядовитое жирное";"615";"групповая";"4";"нет";"READY";""
"2810";"Тетрахлорпентан";"615";"групповая";"4";"нет";"READY";""
"2810";"Тетрахлорпропан";"615";"групповая";"4";"нет";"READY";""
"2810";"Тосолы";"615";"групповая";"4";"нет";"READY";""
"2810";"Трихлорэтилфосфат";"615";"групповая";"4";"нет";"READY";""
"2810";"Фенолоспирты";"615";"групповая";"4";"нет";"READY";""
"2810";"Фракция фенольная";"615";"групповая";"4";"нет";"READY";""
"2810";"Экстракт ароматический фенольный";"615";"групповая";"4";"нет";"READY";""
"2810";"Энит";"615";"групповая";"4";"нет";"READY";""
"2810";"Эфир диметиловый перфторадипиновой кислоты";"615";"групповая";"4";"нет";"READY";""
"2810";"Эфир диметиловый перфторпробковой кислоты";"615";"групповая";"4";"нет";"READY";""
"2810";"Эфир моногексиловый этиленгликоля";"615";"групповая";"4";"нет";"READY";""
"2811";"ВЕЩЕСТВО ТВЕРДОЕ ЯДОВИТОЕ ОРГАНИЧЕСКОЕ, Н.У.К.";"634";"групповая";"5";"нет";"READY";""
"2811";"Ингибиторы коррозии ядовитые, твердые";"634";"групповая";"5";"нет";"READY";""
"2811";"Кислота пикраминовая, паста, с содержанием воды не менее 43%";"634";"групповая";"5";"нет";"READY";""
"2811";"Пек нефтяной, ядовитый";"634";"групповая";"5";"нет";"READY";""
"2813";"ВЕЩЕСТВО ТВЕРДОЕ, РЕАГИРУЮЩЕЕ С ВОДОЙ, Н.У.К.";"421";"групповая";"12";"нет";"READY";""
"2813";"Катализатор ЦН";"421";"групповая";"12";"нет";"READY";""
"2813";"Натрия сплавы";"421";"групповая";"12";"нет";"READY";""
"2814";"ВЕЩЕСТВО ИНФЕКЦИОННОЕ, ОПАСНОЕ ДЛЯ ЛЮДЕЙ";"623";"групповая";"8";"нет";"READY";""
"2814";"ВЕЩЕСТВО ИНФЕКЦИОННОЕ, ОПАСНОЕ ДЛЯ ЛЮДЕЙ (только туши животных)";"623";"групповая";"8";"нет";"READY";""
"2814";"ВЕЩЕСТВО ИНФЕКЦИОННОЕ, ОПАСНОЕ ДЛЯ ЛЮДЕЙ, в охлажденном жидком азоте";"623";"групповая";"8";"нет";"READY";""
"2815";"N-Аминоэтилпиперазин";"807";"групповая";"31";"нет";"READY";""
"2817";"Аммония гидродифторида раствор **";"801";"групповая";"42";"нет";"READY";""
"2818";"Аммония полисульфида раствор";"809";"групповая";"11";"нет";"READY";""
"2819";"Амилфосфат ##";"803";"групповая";"53";"нет";"READY";""
"2820";"Кислота масляная";"803";"групповая";"53";"нет";"READY";""
"2821";"ФЕНОЛА РАСТВОР (р)";"608";"групповая";"78";"нет";"READY";""
"2822";"2-ХЛОРПИРИДИН ***";"608";"групповая";"78";"нет";"READY";""
"2823";"Кислота кротоновая, твердая";"803";"групповая";"53";"нет";"READY";""
"2826";"Этилхлортиоформиат";"814";"групповая";"2";"нет";"READY";""
"2829";"Кислота капроновая";"803";"групповая";"53";"нет";"READY";""
"2830";"Литий-ферросилиций";"409";"групповая";"44";"нет";"READY";""
"2831";"1,1,1-Трихлорэтан";"605";"групповая";"25";"нет";"READY";""
"2834";"Кислота фосфористая";"806";"групповая";"31";"нет";"READY";""
"2835";"Натрия алюмогидрид";"409";"групповая";"44";"нет";"READY";""
"2837";"БИСУЛЬФАТОВ ВОДНЫЙ РАСТВОР";"801";"групповая";"42";"нет";"READY";""
"2838";"Винилбутират стабилизированный";"306";"групповая";"53";"нет";"READY";""
"2839";"Альдоль";"607";"групповая";"7";"нет";"READY";""
"2840";"Бутиральдоксим";"326";"групповая";"7";"нет";"READY";""
"2841";"ДИ-н-АМИЛАМИН";"325";"групповая";"7";"нет";"READY";""
"2842";"Нитроэтан";"326";"групповая";"7";"нет";"READY";""
"2844";"КАЛЬЦИЯ-МАРГАНЦА СИЛИЦИД";"408";"групповая";"17";"нет";"READY";""
"2845";"ЖИДКОСТЬ ПИРОФОРНАЯ ОРГАНИЧЕСКАЯ, Н.У.К.";"424";"групповая";"10";"нет";"READY";""
"2846";"ВЕЩЕСТВО ТВЕРДОЕ ПИРОФОРНОЕ ОРГАНИЧЕСКОЕ, Н.У.К.";"415";"групповая";"14";"нет";"READY";""
"2849";"3-Хлорпропанол-1";"625";"групповая";"8";"нет";"READY";""
"2850";"Пропилена тетрамер";"315";"групповая";"14";"нет";"READY";""
"2851";"Бора трифторида-дигидрат **";"801";"групповая";"42";"нет";"READY";""
"2852";"ДИПИКРИЛСУЛЬФИД УВЛАЖНЕННЫЙ с массовой долей воды не менее 10%";"404";"групповая";"52";"нет";"READY";""
"2853";"Магния фторсиликат";"603";"групповая";"61";"нет";"READY";""
"2854";"Аммония фторосиликат";"603";"групповая";"61";"нет";"READY";""
"2855";"ЦИНКА ФТОРОСИЛИКАТ";"619";"групповая";"18";"нет";"READY";""
"2856";"Кальция фторосиликат";"630";"групповая";"36";"нет";"READY";""
"2856";"Фторосиликаты, н.у.к.";"630";"групповая";"36";"нет";"READY";""
"2857";"УСТАНОВКИ РЕФРИЖЕРАТОРНЫЕ, содержащие невоспламеняющиеся нетоксичные газы или раствор аммиака (N ООН 2672)";"213";"групповая";"3";"нет";"READY";""
"2858";"ЦИРКОНИЙ СУХОЙ в виде спиралей из проволоки, обработанных металлических листов, полос (тоньше 254 микрон, но не тоньше 18 микрон)";"403";"групповая";"10";"нет";"READY";""
"2859";"Аммония метаванадат";"603";"групповая";"61";"нет";"READY";""
"2861";"Аммония поливанадат *";"603";"групповая";"61";"нет";"READY";""
"2862";"ВАНАДИЯ ПЕНТАОКСИД неплавленный";"603";"групповая";"61";"нет";"READY";""
"2863";"Натрия-аммония ванадат";"603";"групповая";"61";"нет";"READY";""
"2864";"Калия метаванадат";"603";"групповая";"61";"нет";"READY";""
"2865";"Гидроксиламина сульфат";"806";"групповая";"31";"нет";"READY";""
"2869";"Титана трихлорида смесь";"806";"групповая";"31";"нет";"READY";""
"2870";"Алюминия боргидрид";"409";"групповая";"44";"нет";"READY";""
"2870";"Алюминия боргидрид в устройствах";"409";"групповая";"44";"нет";"READY";""
"2871";"СУРЬМА - ПОРОШОК";"617";"групповая";"7";"нет";"READY";""
"2872";"Дибромхлорпропаны";"605";"групповая";"25";"нет";"READY";""
"2873";"ДИБУТИЛАМИНОЭТАНОЛ *";"614";"групповая";"10";"нет";"READY";""
"2874";"Спирт фурфуриловый";"607";"групповая";"7";"нет";"READY";""
"2875";"Гексахлорофен **";"616";"групповая";"38";"нет";"READY";""
"2876";"Резорцин";"620";"групповая";"18";"нет";"READY";""
"2878";"ТИТАН - ПОРИСТЫЕ ГРАНУЛЫ или ТИТАН - ПОРИСТЫЕ ПОРОШКИ";"403";"групповая";"10";"нет";"READY";""
"2879";"Селеноксихлорид";"801";"групповая";"42";"нет";"READY";""
"2880";"КАЛЬЦИЯ ГИПОХЛОРИТ ГИДРАТИРОВАННЫЙ или КАЛЬЦИЯ ГИПОХЛОРИТА ГИДРАТИРОВАННАЯ СМЕСЬ с содержанием воды не менее 5,5%, но не более 16%";"501";"групповая";"76";"нет";"READY";""
"2881";"Катализатор металлический сухой";"405";"групповая";"36";"нет";"READY";""
"2900";"ВЕЩЕСТВО ИНФЕКЦИОННОЕ, ОПАСНОЕ только ДЛЯ ЖИВОТНЫХ";"623";"групповая";"8";"нет";"READY";""
"2900";"ВЕЩЕСТВО ИНФЕКЦИОННОЕ, ОПАСНОЕ только ДЛЯ ЖИВОТНЫХ (только туши животных и отходы)";"623";"групповая";"8";"нет";"READY";""
"2900";"ВЕЩЕСТВО ИНФЕКЦИОННОЕ, ОПАСНОЕ только ДЛЯ ЖИВОТНЫХ, в охлажденном жидком азоте";"623";"групповая";"8";"нет";"READY";""
"2901";"Брома хлорид";"211";"групповая";"6";"нет";"READY";""
"2902";"ПЕСТИЦИД ЖИДКИЙ, ЯДОВИТЫЙ, Н.У.К.";"604";"групповая";"15";"нет";"READY";""
"2903";"ПЕСТИЦИД ЖИДКИЙ ЯДОВИТЫЙ ЛЕГКОВОСПЛАМЕНЯЮЩИЙСЯ, Н.У.К., с температурой вспышки не менее 23 °C";"610";"групповая";"15";"нет";"READY";""
"2904";"ХЛОРФЕНОЛЯТЫ ЖИДКИЕ или ФЕНОЛЯТЫ ЖИДКИЕ **";"804";"групповая";"15";"нет";"READY";""
"2905";"ХЛОРФЕНОЛЯТЫ ТВЕРДЫЕ или ФЕНОЛЯТЫ ТВЕРДЫЕ **";"804";"групповая";"15";"нет";"READY";""
"2907";"ИЗОСОРБИДДИНИТРАТА СМЕСЬ, содержащая не менее 60% лактозы, маннозы, крахмала или гидрофосфата кальция";"404";"групповая";"52";"нет";"READY";""
"2920";"Жидкость гидрофобизирующая ГКЖ-11Н";"825";"групповая";"2";"нет";"READY";""
"2920";"ЖИДКОСТЬ КОРРОЗИОННАЯ ЛЕГКОВОСПЛАМЕНЯЮЩАЯСЯ, Н.У.К.";"825";"групповая";"2";"нет";"READY";""
"2920";"Триметиламмония гидроксид";"825";"групповая";"2";"нет";"READY";""
"2921";"ВЕЩЕСТВО ТВЕРДОЕ КОРРОЗИОННОЕ ЛЕГКОВОСПЛАМЕНЯЮЩЕЕСЯ, Н.У.К.";"824";"индивидуальная";"1";"нет";"READY";""
"2922";"ЖИДКОСТЬ КОРРОЗИОННАЯ ЯДОВИТАЯ, Н.У.К.";"833";"индивидуальная";"1";"нет";"READY";""
"2922";"Композиция ДН-9010";"833";"индивидуальная";"1";"нет";"READY";""
"2922";"Лизол санитарный ""Алкилин""";"833";"индивидуальная";"1";"нет";"READY";""
"2922";"Натрия сульфгидрат, раствор";"833";"индивидуальная";"1";"нет";"READY";""
"2922";"Оксихлор";"833";"индивидуальная";"1";"нет";"READY";""
"2922";"Основания пиридиновые тяжелые каменноугольные";"833";"индивидуальная";"1";"нет";"READY";""
"2922";"п-Хлорбензотрихлорид";"833";"индивидуальная";"1";"нет";"READY";""
"2922";"Пиридиновые основания, тяжелые";"833";"индивидуальная";"1";"нет";"READY";""
"2922";"Славсилан";"833";"индивидуальная";"1";"нет";"READY";""
"2922";"Смесь фтористоводородных и хлористоводородных кислот";"833";"индивидуальная";"1";"нет";"READY";""
"2923";"Бария гидроксид";"832";"групповая";"2";"нет";"READY";""
"2923";"ВЕЩЕСТВО ТВЕРДОЕ КОРРОЗИОННОЕ ЯДОВИТОЕ, Н.У.К.";"832";"групповая";"2";"нет";"READY";""
"2923";"Гидразин-сульфат";"832";"групповая";"2";"нет";"READY";""
"2923";"Трифенилхлорсилан";"832";"групповая";"2";"нет";"READY";""
"2923";"Хрома (III) сульфат основной (дубитель хромовый сухой)";"832";"групповая";"2";"нет";"READY";""
"2924";"Ангидрид изомасляный";"328";"групповая";"19";"нет";"READY";""
"2924";"Бактерициды марок СНПХ легковоспламеняющиеся коррозионные жидкие";"328";"групповая";"19";"нет";"READY";""
"2924";"Диметилхлорсилан";"328";"групповая";"19";"нет";"READY";""
"2924";"ЖИДКОСТЬ ЛЕГКОВОСПЛАМЕНЯЮЩАЯСЯ КОРРОЗИОННАЯ, Н.У.К.";"328";"групповая";"19";"нет";"READY";""
"2924";"Пиридиновые основания, легкие";"328";"групповая";"19";"нет";"READY";""
"2925";"ВЕЩЕСТВО ТВЕРДОЕ ЛЕГКОВОСПЛАМЕНЯЮЩЕЕСЯ КОРРОЗИОННОЕ ОРГАНИЧЕСКОЕ, Н.У.К.";"414";"групповая";"2";"нет";"READY";""
"2926";"ВЕЩЕСТВО ТВЕРДОЕ ЛЕГКОВОСПЛАМЕНЯЮЩЕЕСЯ ЯДОВИТОЕ ОРГАНИЧЕСКОЕ, Н.У.К.";"413";"групповая";"2";"нет";"READY";""
"2927";"2,3-Дибромпропанол-1";"640";"групповая";"11";"нет";"READY";""
"2927";"Акванит";"640";"групповая";"11";"нет";"READY";""
"2927";"Альдегид глутаровый (25 - 50% водный раствор)";"640";"групповая";"11";"нет";"READY";""
"2927";"ЖИДКОСТЬ ЯДОВИТАЯ КОРРОЗИОННАЯ ОРГАНИЧЕСКАЯ, Н.У.К.";"640";"групповая";"11";"нет";"READY";""
"2927";"Масло креозотное";"640";"групповая";"11";"нет";"READY";""
"2927";"Смола фенольная";"640";"групповая";"11";"нет";"READY";""
"2928";"ВЕЩЕСТВО ТВЕРДОЕ ЯДОВИТОЕ КОРРОЗИОННОЕ ОРГАНИЧЕСКОЕ, Н.У.К.";"640";"групповая";"11";"нет";"READY";""
"2928";"Фракция антраценовая";"640";"групповая";"11";"нет";"READY";""
"2929";"ЖИДКОСТЬ ЯДОВИТАЯ ЛЕГКОВОСПЛАМЕНЯЮЩАЯСЯ ОРГАНИЧЕСКАЯ, Н.У.К.";"636";"групповая";"3";"нет";"READY";""
"2930";"ВЕЩЕСТВО ТВЕРДОЕ ЯДОВИТОЕ ЛЕГКОВОСПЛАМЕНЯЮЩЕЕСЯ ОРГАНИЧЕСКОЕ, Н.У.К.";"644";"групповая";"2";"нет";"READY";""
"2931";"Ванадилсульфат";"603";"групповая";"61";"нет";"READY";""
"2933";"Метил-2-хлорпропионат *";"327";"групповая";"6";"нет";"READY";""
"2934";"Изопропил-2-хлорпропионат *";"327";"групповая";"6";"нет";"READY";""
"2935";"Этил-2-хлорпропионат *";"327";"групповая";"6";"нет";"READY";""
"2936";"Кислота тиомолочная";"612";"групповая";"6";"нет";"READY";""
"2937";"СПИРТ альфа-МЕТИЛБЕНЗИЛОВЫЙ, ЖИДКИЙ (н)";"607";"групповая";"7";"нет";"READY";""
"2940";"9-ФОСФАБИЦИКЛОНОНАНЫ (ЦИКЛООКТАДИЕНФОСФИНЫ)";"405";"групповая";"36";"нет";"READY";""
"2941";"Фторанилины ***";"608";"групповая";"78";"нет";"READY";""
"2942";"2-Трифторметиланилин ***";"608";"групповая";"78";"нет";"READY";""
"2943";"Тетрагидрофурфуриламин";"326";"групповая";"7";"нет";"READY";""
"2945";"N-Метилбутиламин";"311";"групповая";"25";"нет";"READY";""
"2946";"2-АМИНО-5-ДИЭТИЛАМИНОПЕНТАН *";"614";"групповая";"10";"нет";"READY";""
"2947";"Изопропилхлорацетат *";"327";"групповая";"6";"нет";"READY";""
"2948";"3-Трифторметиланилин ***";"616";"групповая";"38";"нет";"READY";""
"2949";"НАТРИЯ ГИДРОСУЛЬФИД ГИДРАТИРОВАННЫЙ, содержащий не менее 25% кристаллизационной воды";"808";"групповая";"13";"нет";"READY";""
"2950";"МАГНИЙ В ГРАНУЛАХ ПОКРЫТЫХ, размер частиц не менее 149 микрон";"409";"групповая";"44";"нет";"READY";""
"2956";"5-трет-БУТИЛ-2,4,6-ТРИНИТРО-м-КСИЛОЛ (КСИЛОЛ МУСКУСНЫЙ)";"404";"групповая";"52";"нет";"READY";""
"2965";"ЭФИР БОРТРИФТОРДИМЕТИЛОВЫЙ";"407";"групповая";"5";"нет";"READY";""
"2966";"Тиогликоль";"612";"групповая";"6";"нет";"READY";""
"2967";"Кислота сульфаминовая";"806";"групповая";"31";"нет";"READY";""
"2968";"МАНЕБ СТАБИЛИЗИРОВАННЫЙ или МАНЕБА ПРЕПАРАТ СТАБИЛИЗИРОВАННЫЙ против самонагревания";"409";"групповая";"44";"нет";"READY";""
"2969";"БОБЫ КАСТОРОВЫЕ или МУКА КАСТОРОВАЯ или ЖМЫХ КАСТОРОВЫЙ или ХЛОПЬЯ КАСТОРОВЫЕ";"902";"групповая";"3";"нет";"READY_WITH_SOURCE_GAPS";"В официальной АК отсутствует раздел: mainProperties | В официальной АК отсутствует раздел: fireExplosionHazard | В официальной АК отсутствует раздел: humanHazard"
"2983";"ЭТИЛЕНА ОКСИДА И ПРОПИЛЕНА ОКСИДА СМЕСЬ, содержащая не более 30% этилена оксида";"302";"групповая";"2";"нет";"READY";""
"2984";"ВОДОРОДА ПЕРОКСИДА ВОДНЫЙ РАСТВОР, содержащий не менее 8%, но менее 20% водорода пероксида (стабилизированный, если необходимо)";"505";"групповая";"11";"нет";"READY";""
"2985";"Диметилхлорметилхлорсилан";"321";"групповая";"6";"нет";"READY";""
"2985";"Метилвинилдихлорсилан";"321";"групповая";"6";"нет";"READY";""
"2985";"Метилхлорметилдихлорсилан";"321";"групповая";"6";"нет";"READY";""
"2985";"Триэтилхлорсилан *";"321";"групповая";"6";"нет";"READY";""
"2985";"Хлорсиланы легковоспламеняющиеся коррозионные, Н.У.К.";"321";"групповая";"6";"нет";"READY";""
"2986";"Хлорсиланы коррозионные легковоспламеняющиеся, н.у.к.";"805";"групповая";"21";"нет";"READY";""
"2987";"Метил-(2-цианэтил)-дихлорсилан $";"817";"индивидуальная";"1";"нет";"READY";""
"2987";"Метилдифенилхлорсилан";"817";"индивидуальная";"1";"нет";"READY";""
"2987";"Хлорсиланы коррозионные, н.у.к.";"817";"индивидуальная";"1";"нет";"READY";""
"2987";"Цианэтилтрихлорсилан";"817";"индивидуальная";"1";"нет";"READY";""
"2988";"Фенилхлорсилан";"431";"групповая";"4";"нет";"READY";""
"2988";"Хлорсиланы, реагирующие с водой, легковоспламеняющиеся коррозионные, н.у.к.";"431";"групповая";"4";"нет";"READY";""
"2988";"Этилхлорсилан";"431";"групповая";"4";"нет";"READY";""
"2989";"СВИНЦА ФОСФИТ ДВУЗАМЕЩЕННЫЙ";"404";"групповая";"52";"нет";"READY";""
"2990";"СРЕДСТВА СПАСАТЕЛЬНЫЕ САМОНАДУВНЫЕ";"907";"групповая";"3";"нет";"READY_WITH_SOURCE_GAPS";"В официальной АК отсутствует раздел: mainProperties"
"2991";"ПЕСТИЦИД НА ОСНОВЕ КАРБАМАТОВ ЖИДКИЙ ЯДОВИТЫЙ ЛЕГКОВОСПЛАМЕНЯЮЩИЙСЯ с температурой вспышки не менее 23 °C";"610";"групповая";"15";"нет";"READY";""
"2992";"ПЕСТИЦИД НА ОСНОВЕ КАРБАМАТОВ ЖИДКИЙ ЯДОВИТЫЙ";"604";"групповая";"15";"нет";"READY";""
"2993";"ПЕСТИЦИД МЫШЬЯКСОДЕРЖАЩИЙ ЖИДКИЙ ЯДОВИТЫЙ ЛЕГКОВОСПЛАМЕНЯЮЩИЙСЯ с температурой вспышки не менее 23 °C";"610";"групповая";"15";"нет";"READY";""
"2994";"ПЕСТИЦИД МЫШЬЯКСОДЕРЖАЩИЙ ЖИДКИЙ ЯДОВИТЫЙ";"604";"групповая";"15";"нет";"READY";""
"2995";"ПЕСТИЦИД ХЛОРОРГАНИЧЕСКИЙ ЖИДКИЙ ЯДОВИТЫЙ ЛЕГКОВОСПЛАМЕНЯЮЩИЙСЯ с температурой вспышки не менее 23 °C";"610";"групповая";"15";"нет";"READY";""
"2996";"ПЕСТИЦИД ХЛОРОРГАНИЧЕСКИЙ ЖИДКИЙ ЯДОВИТЫЙ";"604";"групповая";"15";"нет";"READY";""
"2996";"Хлорхолинхлорид, раствор";"604";"групповая";"15";"нет";"READY";""
"2997";"ПЕСТИЦИД НА ОСНОВЕ ТРИАЗИНОВ ЖИДКИЙ ЯДОВИТЫЙ ЛЕГКОВОСПЛАМЕНЯЮЩИЙСЯ с температурой вспышки не менее 23 °C";"610";"групповая";"15";"нет";"READY";""
"2998";"ПЕСТИЦИД НА ОСНОВЕ ТРИАЗИНОВ ЖИДКИЙ ЯДОВИТЫЙ";"604";"групповая";"15";"нет";"READY";""
"3005";"ПЕСТИЦИД НА ОСНОВЕ ТИОКАРБАМАТОВ ЖИДКИЙ ЯДОВИТЫЙ ЛЕГКОВОСПЛАМЕНЯЮЩИЙСЯ с температурой вспышки не менее 23 °C";"610";"групповая";"15";"нет";"READY";""
"3006";"ПЕСТИЦИД НА ОСНОВЕ ТИОКАРБАМАТОВ ЖИДКИЙ ЯДОВИТЫЙ";"604";"групповая";"15";"нет";"READY";""
"3009";"ПЕСТИЦИД МЕДЬСОДЕРЖАЩИЙ ЖИДКИЙ ЯДОВИТЫЙ ЛЕГКОВОСПЛАМЕНЯЮЩИЙСЯ с температурой вспышки не менее 23 °C";"610";"групповая";"15";"нет";"READY";""
"3010";"ПЕСТИЦИД МЕДЬСОДЕРЖАЩИЙ ЖИДКИЙ ЯДОВИТЫЙ";"604";"групповая";"15";"нет";"READY";""
"3011";"ПЕСТИЦИД РТУТЬСОДЕРЖАЩИЙ ЖИДКИЙ ЯДОВИТЫЙ ЛЕГКОВОСПЛАМЕНЯЮЩИЙСЯ с температурой вспышки не менее 23 °C";"610";"групповая";"15";"нет";"READY";""
"3012";"ПЕСТИЦИД РТУТЬСОДЕРЖАЩИЙ ЖИДКИЙ ЯДОВИТЫЙ";"604";"групповая";"15";"нет";"READY";""
"3013";"ПЕСТИЦИД - ПРОИЗВОДНЫЙ НИТРОФЕНОЛА ЖИДКИЙ ЯДОВИТЫЙ ЛЕГКОВОСПЛАМЕНЯЮЩИЙСЯ с температурой вспышки не менее 23 °C";"610";"групповая";"15";"нет";"READY";""
"3014";"ПЕСТИЦИД - ПРОИЗВОДНЫЙ НИТРОФЕНОЛА ЖИДКИЙ ЯДОВИТЫЙ";"604";"групповая";"15";"нет";"READY";""
"3015";"ПЕСТИЦИД - ПРОИЗВОДНЫЙ ДИПИРИДИЛА ЖИДКИЙ ЯДОВИТЫЙ ЛЕГКОВОСПЛАМЕНЯЮЩИЙСЯ с температурой вспышки не менее 23 °C";"610";"групповая";"15";"нет";"READY";""
"3016";"ПЕСТИЦИД - ПРОИЗВОДНЫЙ ДИПИРИДИЛА ЖИДКИЙ ЯДОВИТЫЙ";"604";"групповая";"15";"нет";"READY";""
"3017";"ПЕСТИЦИД ФОСФОРОРГАНИЧЕСКИЙ ЖИДКИЙ ЯДОВИТЫЙ ЛЕГКОВОСПЛАМЕНЯЮЩИЙСЯ с температурой вспышки не менее 23 °C";"610";"групповая";"15";"нет";"READY";""
"3018";"ПЕСТИЦИД ФОСФОРОРГАНИЧЕСКИЙ ЖИДКИЙ ЯДОВИТЫЙ";"604";"групповая";"15";"нет";"READY";""
"3019";"ПЕСТИЦИД ОЛОВООРГАНИЧЕСКИЙ ЖИДКИЙ ЯДОВИТЫЙ ЛЕГКОВОСПЛАМЕНЯЮЩИЙСЯ с температурой вспышки не менее 23 °C";"610";"групповая";"15";"нет";"READY";""
"3020";"ПЕСТИЦИД ОЛОВООРГАНИЧЕСКИЙ ЖИДКИЙ ЯДОВИТЫЙ";"604";"групповая";"15";"нет";"READY";""
"3021";"ПЕСТИЦИД ЖИДКИЙ ЛЕГКОВОСПЛАМЕНЯЮЩИЙСЯ ЯДОВИТЫЙ, Н.У.К., с температурой вспышки менее 23 °C";"336";"групповая";"15";"нет";"READY";""
"3022";"1,2-БУТИЛЕНОКСИД СТАБИЛИЗИРОВАННЫЙ (р)";"306";"групповая";"53";"нет";"READY";""
"3023";"2-МЕТИЛ-2-ГЕПТАНТИОЛ **";"609";"групповая";"25";"нет";"READY";""
"3024";"ПЕСТИЦИД - ПРОИЗВОДНЫЙ КУМАРИНА ЖИДКИЙ ЛЕГКОВОСПЛАМЕНЯЮЩИЙСЯ ЯДОВИТЫЙ с температурой вспышки менее 23 °C";"336";"групповая";"15";"нет";"READY";""
"3025";"ПЕСТИЦИД - ПРОИЗВОДНЫЙ КУМАРИНА ЖИДКИЙ ЯДОВИТЫЙ ЛЕГКОВОСПЛАМЕНЯЮЩИЙСЯ с температурой вспышки не менее 23 °C";"610";"групповая";"15";"нет";"READY";""
"3026";"ПЕСТИЦИД - ПРОИЗВОДНЫЙ КУМАРИНА ЖИДКИЙ ЯДОВИТЫЙ";"604";"групповая";"15";"нет";"READY";""
"3027";"ПЕСТИЦИД - ПРОИЗВОДНЫЙ КУМАРИНА ТВЕРДЫЙ ЯДОВИТЫЙ";"613";"групповая";"16";"нет";"READY";""
"3028";"БАТАРЕИ СУХИЕ, СОДЕРЖАЩИЕ КАЛИЯ ГИДРОКСИД ТВЕРДЫЙ, электрические аккумуляторные";"835";"групповая";"3";"нет";"READY";""
"3048";"ПЕСТИЦИД НА ОСНОВЕ ФОСФИДА АЛЮМИНИЯ";"613";"групповая";"16";"нет";"READY";""
"3054";"Циклогексилмеркаптан";"326";"групповая";"7";"нет";"READY";""
"3055";"2-(2-Аминоэтокси)-этанол";"807";"групповая";"31";"нет";"READY";""
"3056";"н-Гептальдегид";"316";"групповая";"55";"нет";"READY";""
"3057";"Трифторацетилхлорид";"203";"групповая";"22";"нет";"READY";""
"3064";"НИТРОГЛИЦЕРИНА СПИРТОВЫЙ РАСТВОР, содержащий более 1%, но не более 5% нитроглицерина";"308";"групповая";"5";"нет";"READY_WITH_SOURCE_GAPS";"В официальной АК отсутствует раздел: actions | В официальной АК отсутствует раздел: consequenceControl | В официальной АК отсутствует раздел: firstAid"
"3065";"НАПИТКИ АЛКОГОЛЬНЫЕ, содержащие более 24%, но не более 70% спирта по объему";"308";"групповая";"5";"нет";"READY_WITH_SOURCE_GAPS";"В официальной АК отсутствует раздел: actions | В официальной АК отсутствует раздел: consequenceControl | В официальной АК отсутствует раздел: firstAid"
"3065";"НАПИТКИ АЛКОГОЛЬНЫЕ, содержащие более 70% спирта по объему";"308";"групповая";"5";"нет";"READY_WITH_SOURCE_GAPS";"В официальной АК отсутствует раздел: actions | В официальной АК отсутствует раздел: consequenceControl | В официальной АК отсутствует раздел: firstAid"
"3066";"КРАСКА (включая краску, лак, эмаль, краситель, шеллак, олифу, политуру, жидкий наполнитель и жидкую лаковую основу) или МАТЕРИАЛ ЛАКОКРАСОЧНЫЙ (включая растворитель или разбавитель краски)";"823";"групповая";"5";"нет";"READY";""
"3070";"ЭТИЛЕНА ОКСИДА И ДИХЛОРДИФТОРМЕТАНА СМЕСЬ, содержащая не более 12,5% этилена оксида";"207";"групповая";"10";"нет";"READY";""
"3071";"МЕРКАПТАНЫ ЖИДКИЕ ЯДОВИТЫЕ ЛЕГКОВОСПЛАМЕНЯЮЩИЕСЯ, Н.У.К., или МЕРКАПТАНОВ СМЕСЬ ЖИДКАЯ ЯДОВИТАЯ ЛЕГКОВОСПЛАМЕНЯЮЩАЯСЯ, Н.У.К.";"643";"индивидуальная";"1";"нет";"READY";""
"3072";"СРЕДСТВА СПАСАТЕЛЬНЫЕ НЕСАМОНАДУВНЫЕ, содержащие в качестве оборудования опасные грузы";"907";"групповая";"3";"нет";"READY_WITH_SOURCE_GAPS";"В официальной АК отсутствует раздел: mainProperties"
"3073";"ВИНИЛПИРИДИНЫ СТАБИЛИЗИРОВАННЫЕ #";"609";"групповая";"25";"нет";"READY";""
"3077";"1,3-Дифенилгуанидин";"906";"групповая";"5";"нет";"READY_WITH_SOURCE_GAPS";"В официальной АК отсутствует раздел: mainProperties"
"3077";"2-Нафтол, технический";"906";"групповая";"5";"нет";"READY_WITH_SOURCE_GAPS";"В официальной АК отсутствует раздел: mainProperties"
"3077";"2,4-Ди-трет-бутилфенол";"906";"групповая";"5";"нет";"READY_WITH_SOURCE_GAPS";"В официальной АК отсутствует раздел: mainProperties"
"3077";"2,4-Диамигофеноладигидрохлорид";"906";"групповая";"5";"нет";"READY_WITH_SOURCE_GAPS";"В официальной АК отсутствует раздел: mainProperties"
"3077";"2,5-Дихлорнитробензол";"906";"групповая";"5";"нет";"READY_WITH_SOURCE_GAPS";"В официальной АК отсутствует раздел: mainProperties"
"3077";"2,6-Ди-трет-бутил-4-диметиламинометилфенол (основание Манниха)";"906";"групповая";"5";"нет";"READY_WITH_SOURCE_GAPS";"В официальной АК отсутствует раздел: mainProperties"
"3077";"2,6-Ди-трет-бутил-4-метилфенол";"906";"групповая";"5";"нет";"READY_WITH_SOURCE_GAPS";"В официальной АК отсутствует раздел: mainProperties"
"3077";"2,6-Ди-трет-бутилфенол (твердые)";"906";"групповая";"5";"нет";"READY_WITH_SOURCE_GAPS";"В официальной АК отсутствует раздел: mainProperties"
"3077";"4-Амино-2-нитрофенол";"906";"групповая";"5";"нет";"READY_WITH_SOURCE_GAPS";"В официальной АК отсутствует раздел: mainProperties"
"3077";"Агидол-1";"906";"групповая";"5";"нет";"READY_WITH_SOURCE_GAPS";"В официальной АК отсутствует раздел: mainProperties"
"3077";"Агидол-10";"906";"групповая";"5";"нет";"READY_WITH_SOURCE_GAPS";"В официальной АК отсутствует раздел: mainProperties"
"3077";"Агидол-3";"906";"групповая";"5";"нет";"READY_WITH_SOURCE_GAPS";"В официальной АК отсутствует раздел: mainProperties"
"3077";"Агидол-60";"906";"групповая";"5";"нет";"READY_WITH_SOURCE_GAPS";"В официальной АК отсутствует раздел: mainProperties"
"3077";"Антрацен";"906";"групповая";"5";"нет";"READY_WITH_SOURCE_GAPS";"В официальной АК отсутствует раздел: mainProperties"
"3077";"Ацетонанил";"906";"групповая";"5";"нет";"READY_WITH_SOURCE_GAPS";"В официальной АК отсутствует раздел: mainProperties"
"3077";"ВЕЩЕСТВО ТВЕРДОЕ, ОПАСНОЕ ДЛЯ ОКРУЖАЮЩЕЙ СРЕДЫ, Н.У.К.";"906";"групповая";"5";"нет";"READY_WITH_SOURCE_GAPS";"В официальной АК отсутствует раздел: mainProperties"
"3077";"Гексахлорэтан";"906";"групповая";"5";"нет";"READY_WITH_SOURCE_GAPS";"В официальной АК отсутствует раздел: mainProperties"
"3077";"Дифенил";"906";"групповая";"5";"нет";"READY_WITH_SOURCE_GAPS";"В официальной АК отсутствует раздел: mainProperties"
"3077";"Дифениламин";"906";"групповая";"5";"нет";"READY_WITH_SOURCE_GAPS";"В официальной АК отсутствует раздел: mainProperties"
"3077";"Дифенилгуанидин технический";"906";"групповая";"5";"нет";"READY_WITH_SOURCE_GAPS";"В официальной АК отсутствует раздел: mainProperties"
"3077";"Дифенилоксид";"906";"групповая";"5";"нет";"READY_WITH_SOURCE_GAPS";"В официальной АК отсутствует раздел: mainProperties"
"3077";"Калия гексациано-(2)-феррат";"906";"групповая";"5";"нет";"READY_WITH_SOURCE_GAPS";"В официальной АК отсутствует раздел: mainProperties"
"3077";"Меди (II) сульфат";"906";"групповая";"5";"нет";"READY_WITH_SOURCE_GAPS";"В официальной АК отсутствует раздел: mainProperties"
"3077";"Натрия гексафторалюминат";"906";"групповая";"5";"нет";"READY_WITH_SOURCE_GAPS";"В официальной АК отсутствует раздел: mainProperties"
"3077";"Натрия хромат";"906";"групповая";"5";"нет";"READY_WITH_SOURCE_GAPS";"В официальной АК отсутствует раздел: mainProperties"
"3077";"Натрия N,N-диметилдитиокарбамат";"906";"групповая";"5";"нет";"READY_WITH_SOURCE_GAPS";"В официальной АК отсутствует раздел: mainProperties"
"3077";"п-Аминодифениламин";"906";"групповая";"5";"нет";"READY_WITH_SOURCE_GAPS";"В официальной АК отсутствует раздел: mainProperties"
"3077";"п-Дихлорбензол";"906";"групповая";"5";"нет";"READY_WITH_SOURCE_GAPS";"В официальной АК отсутствует раздел: mainProperties"
"3077";"Парафин (C10 - C13) хлорированный";"906";"групповая";"5";"нет";"READY_WITH_SOURCE_GAPS";"В официальной АК отсутствует раздел: mainProperties"
"3077";"Пек каменноугольный электродный";"906";"групповая";"5";"нет";"READY_WITH_SOURCE_GAPS";"В официальной АК отсутствует раздел: mainProperties"
"3077";"Ртути (I) хлорид";"906";"групповая";"5";"нет";"READY_WITH_SOURCE_GAPS";"В официальной АК отсутствует раздел: mainProperties"
"3077";"Смесь ди-три-третбутилфенолов";"906";"групповая";"5";"нет";"READY_WITH_SOURCE_GAPS";"В официальной АК отсутствует раздел: mainProperties"
"3077";"Стабилизатор против старения каучуков ""Крафанил-У""";"906";"групповая";"5";"нет";"READY_WITH_SOURCE_GAPS";"В официальной АК отсутствует раздел: mainProperties"
"3077";"Тиурамы технические";"906";"групповая";"5";"нет";"READY_WITH_SOURCE_GAPS";"В официальной АК отсутствует раздел: mainProperties"
"3077";"Трибутилоловофосфат";"906";"групповая";"5";"нет";"READY_WITH_SOURCE_GAPS";"В официальной АК отсутствует раздел: mainProperties"
"3077";"Триметилдигидрохинолина полимер";"906";"групповая";"5";"нет";"READY_WITH_SOURCE_GAPS";"В официальной АК отсутствует раздел: mainProperties"
"3077";"Фенилбутадиноксид";"906";"групповая";"5";"нет";"READY_WITH_SOURCE_GAPS";"В официальной АК отсутствует раздел: mainProperties"
"3077";"Хлоргексидин";"906";"групповая";"5";"нет";"READY_WITH_SOURCE_GAPS";"В официальной АК отсутствует раздел: mainProperties"
"3077";"Цинка бромид";"906";"групповая";"5";"нет";"READY_WITH_SOURCE_GAPS";"В официальной АК отсутствует раздел: mainProperties"
"3077";"Эфир дифениловый";"906";"групповая";"5";"нет";"READY_WITH_SOURCE_GAPS";"В официальной АК отсутствует раздел: mainProperties"
"3077";"N-Фенил-n-фенилендиамин";"906";"групповая";"5";"нет";"READY_WITH_SOURCE_GAPS";"В официальной АК отсутствует раздел: mainProperties"
"3078";"ЦЕРИЙ - стружка или мелкий порошок";"409";"групповая";"44";"нет";"READY";""
"3079";"Метакрилонитрил стабилизированный#";"609";"групповая";"25";"нет";"READY";""
"3080";"ИЗОЦИАНАТЫ ЯДОВИТЫЕ ЛЕГКОВОСПЛАМЕНЯЮЩИЕСЯ, Н.У.К., или ИЗОЦИАНАТА РАСТВОР ЯДОВИТЫЙ ЛЕГКОВОСПЛАМЕНЯЮЩИЙСЯ, Н.У.К.";"649";"групповая";"2";"нет";"READY";""
"3082";"1-Хлороктан";"906";"групповая";"5";"нет";"READY_WITH_SOURCE_GAPS";"В официальной АК отсутствует раздел: mainProperties"
"3082";"1,1-Дифтор-1,2,2-трихлорэтан";"906";"групповая";"5";"нет";"READY_WITH_SOURCE_GAPS";"В официальной АК отсутствует раздел: mainProperties"
"3082";"1,6-Дихлоргексан";"906";"групповая";"5";"нет";"READY_WITH_SOURCE_GAPS";"В официальной АК отсутствует раздел: mainProperties"
"3082";"2,2,4-Триметил-6-этокси-1,2,3,4-дигидролин";"906";"групповая";"5";"нет";"READY_WITH_SOURCE_GAPS";"В официальной АК отсутствует раздел: mainProperties"
"3082";"2,6-Ди-трет-бутилфенол (жидкого)";"906";"групповая";"5";"нет";"READY_WITH_SOURCE_GAPS";"В официальной АК отсутствует раздел: mainProperties"
"3082";"Авиационное турбинное топливо JP-5, JP-7";"906";"групповая";"5";"нет";"READY_WITH_SOURCE_GAPS";"В официальной АК отсутствует раздел: mainProperties"
"3082";"Агидол АФ-2";"906";"групповая";"5";"нет";"READY_WITH_SOURCE_GAPS";"В официальной АК отсутствует раздел: mainProperties"
"3082";"Агидол-51-52-53";"906";"групповая";"5";"нет";"READY_WITH_SOURCE_GAPS";"В официальной АК отсутствует раздел: mainProperties"
"3082";"Акаризол";"906";"групповая";"5";"нет";"READY_WITH_SOURCE_GAPS";"В официальной АК отсутствует раздел: mainProperties"
"3082";"Альфаметрин";"906";"групповая";"5";"нет";"READY_WITH_SOURCE_GAPS";"В официальной АК отсутствует раздел: mainProperties"
"3082";"Бутилбензилфталат";"906";"групповая";"5";"нет";"READY_WITH_SOURCE_GAPS";"В официальной АК отсутствует раздел: mainProperties"
"3082";"ВЕЩЕСТВО ЖИДКОЕ, ОПАСНОЕ ДЛЯ ОКРУЖАЮЩЕЙ СРЕДЫ, Н.У.К.";"906";"групповая";"5";"нет";"READY_WITH_SOURCE_GAPS";"В официальной АК отсутствует раздел: mainProperties"
"3082";"Гидроксиламина сульфат, водный раствор";"906";"групповая";"5";"нет";"READY_WITH_SOURCE_GAPS";"В официальной АК отсутствует раздел: mainProperties"
"3082";"Деготь каменноугольный";"906";"групповая";"5";"нет";"READY_WITH_SOURCE_GAPS";"В официальной АК отсутствует раздел: mainProperties"
"3082";"Децилакрилат";"906";"групповая";"5";"нет";"READY_WITH_SOURCE_GAPS";"В официальной АК отсутствует раздел: mainProperties"
"3082";"Ди-н-бутилфталат";"906";"групповая";"5";"нет";"READY_WITH_SOURCE_GAPS";"В официальной АК отсутствует раздел: mainProperties"
"3082";"Дивинилбензол, стабилизированный";"906";"групповая";"5";"нет";"READY_WITH_SOURCE_GAPS";"В официальной АК отсутствует раздел: mainProperties"
"3082";"Диизобутилфталат";"906";"групповая";"5";"нет";"READY_WITH_SOURCE_GAPS";"В официальной АК отсутствует раздел: mainProperties"
"3082";"Диизопропилбензолы";"906";"групповая";"5";"нет";"READY_WITH_SOURCE_GAPS";"В официальной АК отсутствует раздел: mainProperties"
"3082";"Дифенилметандиизоцианат";"906";"групповая";"5";"нет";"READY_WITH_SOURCE_GAPS";"В официальной АК отсутствует раздел: mainProperties"
"3082";"Дифонат";"906";"групповая";"5";"нет";"READY_WITH_SOURCE_GAPS";"В официальной АК отсутствует раздел: mainProperties"
"3082";"Изодецилакрилат";"906";"групповая";"5";"нет";"READY_WITH_SOURCE_GAPS";"В официальной АК отсутствует раздел: mainProperties"
"3082";"Изодецилдифенилфосфат";"906";"групповая";"5";"нет";"READY_WITH_SOURCE_GAPS";"В официальной АК отсутствует раздел: mainProperties"
"3082";"Ингибиторы солеотложений типа СНПХ";"906";"групповая";"5";"нет";"READY_WITH_SOURCE_GAPS";"В официальной АК отсутствует раздел: mainProperties"
"3082";"Калиевые соли ди-(алкилполиэтиленгликоевого) эфира фосфорной кислоты";"906";"групповая";"5";"нет";"READY_WITH_SOURCE_GAPS";"В официальной АК отсутствует раздел: mainProperties"
"3082";"Кислота 1-оксиэтилидендифосфоновая (ОЭДФ-1), раствор не коррозионный";"906";"групповая";"5";"нет";"READY_WITH_SOURCE_GAPS";"В официальной АК отсутствует раздел: mainProperties"
"3082";"Композиция бромид кальция - бромид цинка (раствор)";"906";"групповая";"5";"нет";"READY_WITH_SOURCE_GAPS";"В официальной АК отсутствует раздел: mainProperties"
"3082";"Крезилдифенилфосфат";"906";"групповая";"5";"нет";"READY_WITH_SOURCE_GAPS";"В официальной АК отсутствует раздел: mainProperties"
"3082";"Креозот (из смолы каменноугольной или древесной)";"906";"групповая";"5";"нет";"READY_WITH_SOURCE_GAPS";"В официальной АК отсутствует раздел: mainProperties"
"3082";"Мазут с температурой вспышки более 100 °C";"906";"групповая";"5";"нет";"READY_WITH_SOURCE_GAPS";"В официальной АК отсутствует раздел: mainProperties"
"3082";"Малатион";"906";"групповая";"5";"нет";"READY_WITH_SOURCE_GAPS";"В официальной АК отсутствует раздел: mainProperties"
"3082";"Марганца сульфат, раствор";"906";"групповая";"5";"нет";"READY_WITH_SOURCE_GAPS";"В официальной АК отсутствует раздел: mainProperties"
"3082";"Масло каменноугольное для пропитки древесины";"906";"групповая";"5";"нет";"READY_WITH_SOURCE_GAPS";"В официальной АК отсутствует раздел: mainProperties"
"3082";"Масло каменноугольное поглотительное";"906";"групповая";"5";"нет";"READY_WITH_SOURCE_GAPS";"В официальной АК отсутствует раздел: mainProperties"
"3082";"Масло каменноугольное, среднее";"906";"групповая";"5";"нет";"READY_WITH_SOURCE_GAPS";"В официальной АК отсутствует раздел: mainProperties"
"3082";"Масло фенольное каменноугольное";"906";"групповая";"5";"нет";"READY_WITH_SOURCE_GAPS";"В официальной АК отсутствует раздел: mainProperties"
"3082";"Меди (II) нитрат водный раствор, неокисляющий";"906";"групповая";"5";"нет";"READY_WITH_SOURCE_GAPS";"В официальной АК отсутствует раздел: mainProperties"
"3082";"Меди (II) хлорид, водный раствор";"906";"групповая";"5";"нет";"READY_WITH_SOURCE_GAPS";"В официальной АК отсутствует раздел: mainProperties"
"3082";"Метилнафталины, изомерная смесь жидкая";"906";"групповая";"5";"нет";"READY_WITH_SOURCE_GAPS";"В официальной АК отсутствует раздел: mainProperties"
"3082";"Моноалкилфенолы";"906";"групповая";"5";"нет";"READY_WITH_SOURCE_GAPS";"В официальной АК отсутствует раздел: mainProperties"
"3082";"Натрия N,N-диметилдитиокарбамат, водный раствор";"906";"групповая";"5";"нет";"READY_WITH_SOURCE_GAPS";"В официальной АК отсутствует раздел: mainProperties"
"3082";"Оксанолы";"906";"групповая";"5";"нет";"READY_WITH_SOURCE_GAPS";"В официальной АК отсутствует раздел: mainProperties"
"3082";"Остатки кубовые ректификации бензола";"906";"групповая";"5";"нет";"READY_WITH_SOURCE_GAPS";"В официальной АК отсутствует раздел: mainProperties"
"3082";"Остатки кубовые СЖК";"906";"групповая";"5";"нет";"READY_WITH_SOURCE_GAPS";"В официальной АК отсутствует раздел: mainProperties"
"3082";"Парафин (C10 - C13) хлорированный (жидкий)";"906";"групповая";"5";"нет";"READY_WITH_SOURCE_GAPS";"В официальной АК отсутствует раздел: mainProperties"
"3082";"Парафин нефтяной жидкий, фракция C13";"906";"групповая";"5";"нет";"READY_WITH_SOURCE_GAPS";"В официальной АК отсутствует раздел: mainProperties"
"3082";"Парафин нефтяной жидкий, широкая фракция";"906";"групповая";"5";"нет";"READY_WITH_SOURCE_GAPS";"В официальной АК отсутствует раздел: mainProperties"
"3082";"Ресметрин";"906";"групповая";"5";"нет";"READY_WITH_SOURCE_GAPS";"В официальной АК отсутствует раздел: mainProperties"
"3082";"Синтанолы";"906";"групповая";"5";"нет";"READY_WITH_SOURCE_GAPS";"В официальной АК отсутствует раздел: mainProperties"
"3082";"Смесь фенольных оснований Манниха";"906";"групповая";"5";"нет";"READY_WITH_SOURCE_GAPS";"В официальной АК отсутствует раздел: mainProperties"
"3082";"Смола каменноугольная";"906";"групповая";"5";"нет";"READY_WITH_SOURCE_GAPS";"В официальной АК отсутствует раздел: mainProperties"
"3082";"Смола полиалкилбензольная";"906";"групповая";"5";"нет";"READY_WITH_SOURCE_GAPS";"В официальной АК отсутствует раздел: mainProperties"
"3082";"Смола полиэфирная ненасыщенная бесстирольная ""Камфэст-04""";"906";"групповая";"5";"нет";"READY_WITH_SOURCE_GAPS";"В официальной АК отсутствует раздел: mainProperties"
"3082";"Смола углеводородформальдегидная";"906";"групповая";"5";"нет";"READY_WITH_SOURCE_GAPS";"В официальной АК отсутствует раздел: mainProperties"
"3082";"Сольвент-нафта черная";"906";"групповая";"5";"нет";"READY_WITH_SOURCE_GAPS";"В официальной АК отсутствует раздел: mainProperties"
"3082";"Спирт C12 - C15 поли (1 - 3) этоксилат";"906";"групповая";"5";"нет";"READY_WITH_SOURCE_GAPS";"В официальной АК отсутствует раздел: mainProperties"
"3082";"Спирт C12 - C15 поли (1 - 6) этоксилат";"906";"групповая";"5";"нет";"READY_WITH_SOURCE_GAPS";"В официальной АК отсутствует раздел: mainProperties"
"3082";"Спирт C6 - C17 (вторичный) поли (3 - 6) этоксилат";"906";"групповая";"5";"нет";"READY_WITH_SOURCE_GAPS";"В официальной АК отсутствует раздел: mainProperties"
"3082";"Сырье коксохимическое для производства технического углерода";"906";"групповая";"5";"нет";"READY_WITH_SOURCE_GAPS";"В официальной АК отсутствует раздел: mainProperties"
"3082";"Топливо печное нефтеуглехимическое";"906";"групповая";"5";"нет";"READY_WITH_SOURCE_GAPS";"В официальной АК отсутствует раздел: mainProperties"
"3082";"трет-Додецилмеркаптан";"906";"групповая";"5";"нет";"READY_WITH_SOURCE_GAPS";"В официальной АК отсутствует раздел: mainProperties"
"3082";"Триарилфосфат";"906";"групповая";"5";"нет";"READY_WITH_SOURCE_GAPS";"В официальной АК отсутствует раздел: mainProperties"
"3082";"Трибутилфосфат";"906";"групповая";"5";"нет";"READY_WITH_SOURCE_GAPS";"В официальной АК отсутствует раздел: mainProperties"
"3082";"Трикрезилфосфат";"906";"групповая";"5";"нет";"READY_WITH_SOURCE_GAPS";"В официальной АК отсутствует раздел: mainProperties"
"3082";"Трифтортрихлорэтан";"906";"групповая";"5";"нет";"READY_WITH_SOURCE_GAPS";"В официальной АК отсутствует раздел: mainProperties"
"3082";"Триэтилбензол";"906";"групповая";"5";"нет";"READY_WITH_SOURCE_GAPS";"В официальной АК отсутствует раздел: mainProperties"
"3082";"Углеводороды тяжелые";"906";"групповая";"5";"нет";"READY_WITH_SOURCE_GAPS";"В официальной АК отсутствует раздел: mainProperties"
"3082";"Флотореагент нефтеуглехимический марки ФН";"906";"групповая";"5";"нет";"READY_WITH_SOURCE_GAPS";"В официальной АК отсутствует раздел: mainProperties"
"3082";"Цинкалкилдитиофосфат";"906";"групповая";"5";"нет";"READY_WITH_SOURCE_GAPS";"В официальной АК отсутствует раздел: mainProperties"
"3082";"Цинкарилдитиофосфат";"906";"групповая";"5";"нет";"READY_WITH_SOURCE_GAPS";"В официальной АК отсутствует раздел: mainProperties"
"3082";"Цифлутрин";"906";"групповая";"5";"нет";"READY_WITH_SOURCE_GAPS";"В официальной АК отсутствует раздел: mainProperties"
"3082";"Эмульгатор ОП-10";"906";"групповая";"5";"нет";"READY_WITH_SOURCE_GAPS";"В официальной АК отсутствует раздел: mainProperties"
"3083";"Перхлорилфторид *";"203";"групповая";"22";"нет";"READY";""
"3084";"ВЕЩЕСТВО ТВЕРДОЕ КОРРОЗИОННОЕ ОКИСЛЯЮЩЕЕ, Н.У.К.";"830";"индивидуальная";"1";"нет";"READY";""
"3085";"ВЕЩЕСТВО ТВЕРДОЕ ОКИСЛЯЮЩЕЕ КОРРОЗИОННОЕ, Н.У.К.";"515";"индивидуальная";"1";"нет";"READY";""
"3085";"Средства дезинфицирующие на основе кислоты трихлоризоциануровой твердые";"515";"индивидуальная";"1";"нет";"READY";""
"3086";"Вещество твердое ядовитое окисляющее, н.у.к.";"657";"групповая";"2";"нет";"READY";""
"3087";"Бария дихромат";"503";"групповая";"13";"нет";"READY";""
"3087";"ВЕЩЕСТВО ТВЕРДОЕ ОКИСЛЯЮЩЕЕ ЯДОВИТОЕ, Н.У.К.";"503";"групповая";"13";"нет";"READY";""
"3087";"Калия дихромат";"503";"групповая";"13";"нет";"READY";""
"3087";"Меди дихромат";"503";"групповая";"13";"нет";"READY";""
"3087";"Цинка дихромат";"503";"групповая";"13";"нет";"READY";""
"3088";"ВЕЩЕСТВО ТВЕРДОЕ САМОНАГРЕВАЮЩЕЕСЯ ОРГАНИЧЕСКОЕ, Н.У.К.";"415";"групповая";"14";"нет";"READY";""
"3089";"Железо карбонильное";"401";"групповая";"5";"нет";"READY";""
"3089";"Ниобий";"401";"групповая";"5";"нет";"READY";""
"3089";"ПОРОШОК МЕТАЛЛИЧЕСКИЙ ЛЕГКОВОСПЛАМЕНЯЮЩИЙСЯ, Н.У.К.";"401";"групповая";"5";"нет";"READY";""
"3090";"БАТАРЕИ ЛИТИЙ-МЕТАЛЛИЧЕСКИЕ (включая батареи из литиевого сплава)";"905";"групповая";"6";"нет";"READY_WITH_SOURCE_GAPS";"В официальной АК отсутствует раздел: mainProperties | В официальной АК отсутствует раздел: fireExplosionHazard | В официальной АК отсутствует раздел: humanHazard"
"3091";"БАТАРЕИ ЛИТИЙ-МЕТАЛЛИЧЕСКИЕ В ОБОРУДОВАНИИ или БАТАРЕИ ЛИТИЙ-МЕТАЛЛИЧЕСКИЕ, УПАКОВАННЫЕ С ОБОРУДОВАНИЕМ (включая батареи из литиевого сплава)";"905";"групповая";"6";"нет";"READY_WITH_SOURCE_GAPS";"В официальной АК отсутствует раздел: mainProperties | В официальной АК отсутствует раздел: fireExplosionHazard | В официальной АК отсутствует раздел: humanHazard"
"3092";"1-Метокси-2-пропанол";"316";"групповая";"55";"нет";"READY";""
"3093";"ЖИДКОСТЬ КОРРОЗИОННАЯ ОКИСЛЯЮЩАЯ, Н.У.К.";"831";"индивидуальная";"1";"нет";"READY";""
"3094";"ЖИДКОСТЬ КОРРОЗИОННАЯ, РЕАГИРУЮЩАЯ С ВОДОЙ, Н.У.К.";"829";"индивидуальная";"1";"нет";"READY";""
"3095";"ВЕЩЕСТВО ТВЕРДОЕ КОРРОЗИОННОЕ, САМОНАГРЕВАЮЩЕЕСЯ, Н.У.К.";"826";"индивидуальная";"1";"нет";"READY";""
"3096";"ВЕЩЕСТВО ТВЕРДОЕ КОРРОЗИОННОЕ, РЕАГИРУЮЩЕЕ С ВОДОЙ, Н.У.К.";"828";"индивидуальная";"1";"нет";"READY";""
"3098";"ЖИДКОСТЬ ОКИСЛЯЮЩАЯ КОРРОЗИОННАЯ, Н.У.К.";"513";"индивидуальная";"1";"нет";"READY";""
"3098";"Средства дезинфицирующие на основе кислоты трихлоризоциануровой жидкие";"513";"индивидуальная";"1";"нет";"READY";""
"3099";"ЖИДКОСТЬ ОКИСЛЯЮЩАЯ ЯДОВИТАЯ, Н.У.К.";"512";"групповая";"4";"нет";"READY";""
"3101";"1,1-ДИ-(трет-БУТИЛПЕРОКСИ)-3,3,5-ТРИМЕТИЛЦИКЛОГЕКСАН с концентрацией более 90 - 100%";"506";"групповая";"10";"нет";"READY";""
"3101";"1,1-ДИ-(трет-БУТИЛПЕРОКСИ)-ЦИКЛОГЕКСАН с концентрацией более 80 - 100%";"506";"групповая";"10";"нет";"READY";""
"3101";"2,5-ДИМЕТИЛ-2,5-ДИ-(трет-БУТИЛПЕРОКСИ)-ГЕКСИН-3 с концентрацией более 86 - 100%";"506";"групповая";"10";"нет";"READY";""
"3101";"МЕТИЛЭТИЛКЕТОНА ПЕРОКСИД(Ы), с содержанием свободного кислорода более 10%, но менее 10,7%, с разбавителем типа А с концентрацией не менее 48%";"506";"групповая";"10";"нет";"READY";""
"3101";"ПЕРОКСИД ОРГАНИЧЕСКИЙ ТИПА B ЖИДКИЙ";"506";"групповая";"10";"нет";"READY";""
"3101";"трет-АМИЛПЕРОКСИ-3,5,5-ТРИМЕТИЛГЕКСАНОАТ с концентрацией менее 100%";"506";"групповая";"10";"нет";"READY";""
"3101";"трет-Бутилпероксиацетат не менее 52%, но не более 77%, в растворителе типа А не менее 23%";"506";"групповая";"10";"нет";"READY";""
"3101";"трет-БУТИЛПЕРОКСИАЦЕТАТ с концентрацией более 52%, но не более 77%, с разбавителем типа А с концентрацией не менее 23%";"506";"групповая";"10";"нет";"READY";""
"3101";"Третбутила-бензоила пероксид, раствор концентрации не более 77%";"506";"групповая";"10";"нет";"READY";""
"3102";"2,2-ДИГИДРОПЕРОКСИПРОПАН с концентрацией не более 27%, с содержанием инертного твердого вещества не менее 73%";"506";"групповая";"10";"нет";"READY";""
"3102";"2,5-ДИМЕТИЛ-2,5-ДИ-(БЕНЗОИЛПЕРОКСИ)-ГЕКСАН с концентрацией более 82 - 100%";"506";"групповая";"10";"нет";"READY";""
"3102";"ДИ-(2-ФЕНОКСИЭТИЛ)-ПЕРОКСИДИКАРБОНАТ с концентрацией более 85 - 100%";"506";"групповая";"10";"нет";"READY";""
"3102";"ДИ-(4-ДИХЛОРБЕНЗОИЛА) ПЕРОКСИД с концентрацией не более 77%";"506";"групповая";"10";"нет";"READY";""
"3102";"ДИ-4-ХЛОРБЕЗОИЛА ПЕРОКСИД с концентрацией не более 77%";"506";"групповая";"10";"нет";"READY";""
"3102";"ДИБЕНЗОИЛА ПЕРОКСИД с концентрацией более 51 - 100%, с содержанием инертного твердого вещества не более 48%";"506";"групповая";"10";"нет";"READY";""
"3102";"ДИБЕНЗОИЛА ПЕРОКСИД с концентрацией более 77%, но не более 94% с водой концентрации не менее 6";"506";"групповая";"10";"нет";"READY";""
"3102";"КИСЛОТА 3-ХЛОРПЕРОКСИБЕНЗОЙНАЯ с концентрацией более 57%, но не более 86%, с содержанием инертного твердого вещества не менее 14%";"506";"групповая";"10";"нет";"READY";""
"3102";"КИСЛОТЫ ЯНТАРНОЙ ПЕРОКСИД с концентрацией более 72 - 100%";"506";"групповая";"10";"нет";"READY";""
"3102";"ПЕРОКСИД ОРГАНИЧЕСКИЙ ТИПА B ТВЕРДЫЙ";"506";"групповая";"10";"нет";"READY";""
"3102";"трет-БУТИЛМОНОПЕРОКСИМАЛЕАТ с концентрацией более 52 - 100%";"506";"групповая";"10";"нет";"READY";""
"3103";"1,1-ДИ-(трет-БУТИЛПЕРОКСИ)-3,3,5-ТРИМЕТИЛЦИКЛОГЕКСАН с концентрацией более 57%, но не более 90%, с разбавителем типа А с концентрацией не менее 10%";"506";"групповая";"10";"нет";"READY";""
"3103";"1,1-ДИ-(трет-БУТИЛПЕРОКСИ)-3,3,5-ТРИМЕТИЛЦИКЛОГЕКСАН с концентрацией не более 77%, с разбавителем типа В с концентрацией не менее 23%";"506";"групповая";"10";"нет";"READY";""
"3103";"1,1-ДИ-(трет-БУТИЛПЕРОКСИ)-ЦИКЛОГЕКСАН с концентрацией более 52%, но менее 80%, с разбавителем типа А с концентрацией не менее 20%";"506";"групповая";"10";"нет";"READY";""
"3103";"1,1-ДИ(трет-АМИЛПЕРОКСИ)-ЦИКЛОГЕКСАН с концентрацией не более 82%, с разбавителем типа А с концентрацией не менее 18%";"506";"групповая";"10";"нет";"READY";""
"3103";"1,6-ДИ-(трет-БУТИЛПЕРОКСИ-КАРБОНИЛОКСИ)ГЕКСАН с концентрацией не более 72%, с разбавителем типа А с концентрацией не менее 28%";"506";"групповая";"10";"нет";"READY";""
"3103";"2,2-ДИ-(трет-БУТИЛПЕРОКСИ)-БУТАН с концентрацией не более 52%, с разбавителем типа А с концентрацией не менее 48%";"506";"групповая";"10";"нет";"READY";""
"3103";"2,5-ДИМЕТИЛ-2,5-ДИ-(трет-БУТИЛПЕРОКСИ)-ГЕКСИН-3 с концентрацией более 52%, но не более 86%, с разбавителем типа А с концентрацией не менее 14%, с содержанием гидропероксидов концентрацией менее 0,5%";"506";"групповая";"10";"нет";"READY";""
"3103";"н-БУТИЛ-4,4-ДИ-(трет-БУТИЛПЕРОКСИ)-ВАЛЕРАТ с концентрацией более 52 - 100%";"506";"групповая";"10";"нет";"READY";""
"3103";"ОРГАНИЧЕСКИЙ ПЕРОКСИД, ОБРАЗЕЦ, ЖИДКИЙ";"506";"групповая";"10";"нет";"READY";""
"3103";"ПЕРОКСИД ОРГАНИЧЕСКИЙ ТИПА C ЖИДКИЙ";"506";"групповая";"10";"нет";"READY";""
"3103";"трет-АМИЛПЕРОКСИ-ИЗОПРОПИЛКАРБОНАТ с концентрацией не более 77%, с разбавителем типа А с концентрацией не менее 23%";"506";"групповая";"10";"нет";"READY";""
"3103";"трет-АМИЛПЕРОКСИБЕНЗОАТ с концентрацией менее 100%";"506";"групповая";"10";"нет";"READY";""
"3103";"трет-БУТИЛА ГИДРОПЕРОКСИД с концентрацией более 79%, но менее 90%";"506";"групповая";"10";"нет";"READY";""
"3103";"трет-БУТИЛА ГИДРОПЕРОКСИД с концентрацией менее 82% и Ди-трет-БУТИЛА ПЕРОКСИД с концентрацией более 9%, смеси";"506";"групповая";"10";"нет";"READY";""
"3103";"трет-БУТИЛМОНОПЕРОКСИМАЛЕАТ с концентрацией не более 52%, с разбавителем типа А с концентрацией не менее 48%";"506";"групповая";"10";"нет";"READY";""
"3103";"трет-БУТИЛПЕРОКСИ-2-МЕТИЛБЕНЗОАТ с концентрацией менее 100%";"506";"групповая";"10";"нет";"READY";""
"3103";"трет-БУТИЛПЕРОКСИАЦЕТАТ с концентрацией более 32%, но не более 52%, с разбавителем типа А с концентрацией не менее 48%";"506";"групповая";"10";"нет";"READY";""
"3103";"трет-БУТИЛПЕРОКСИБЕНЗОАТ с концентрацией более 77 - 100%";"506";"групповая";"10";"нет";"READY";""
"3103";"трет-БУТИЛПЕРОКСИИЗОПРОПИЛ-КАРБОНАТ с концентрацией не более 77%, с разбавителем типа А с концентрацией не менее 23%";"506";"групповая";"10";"нет";"READY";""
"3103";"ЭТИЛ-3,3-ДИ-(трет-БУТИЛПЕРОКСИ)-БУТИРАТ с концентрацией более 77 - 100%";"506";"групповая";"10";"нет";"READY";""
"3104";"2,5-ДИМЕТИЛ-2,5-ДИ-(БЕНЗОИЛПЕРОКСИ)-ГЕКСАН с концентрацией не более 82%";"506";"групповая";"10";"нет";"READY";""
"3104";"2,5-ДИМЕТИЛ-2,5-ДИГИДРО-ПЕРОКСИГЕКСАН с концентрацией не более 82%";"506";"групповая";"10";"нет";"READY";""
"3104";"ДИБЕНЗОИЛА ПЕРОКСИД с концентрацией не более 77%";"506";"групповая";"10";"нет";"READY";""
"3104";"Дибензоила пероксид, не более 77% с водой";"506";"групповая";"10";"нет";"READY";""
"3104";"ОРГАНИЧЕСКИЙ ПЕРОКСИД, ОБРАЗЕЦ, ТВЕРДЫЙ";"506";"групповая";"10";"нет";"READY";""
"3104";"ПЕРОКСИД ОРГАНИЧЕСКИЙ ТИПА C ТВЕРДЫЙ";"506";"групповая";"10";"нет";"READY";""
"3104";"ЦИКЛОГЕКСАНОНА ПЕРОКСИД(Ы) с концентрацией не более 91%";"506";"групповая";"10";"нет";"READY";""
"3105";"1-(2-БУТИЛПЕРОКСИИЗОПРОПИЛ)-3-трет-ИЗОПРОПЕНИЛБЕНЗОЛ с концентрацией не более 77%, с разбавителем типа А с концентрацией не менее 23%";"506";"групповая";"10";"нет";"READY";""
"3105";"1,1-ДИ-(трет-БУТИЛПЕРОКСИ)-ЦИКЛОГЕКСАН с концентрацией более 42%, но менее 52%, с разбавителем типа А с концентрацией не менее 48%";"506";"групповая";"10";"нет";"READY";""
"3105";"1,1,3,3-ТЕТРАМЕТИЛБУТИЛА ГИДРОПЕРОКСИД с концентрацией не более 100%";"506";"групповая";"10";"нет";"READY";""
"3105";"2,2-ДИ-(трет-БУТИЛПЕРОКСИ)-ПРОПАН с концентрацией не более 52%, с разбавителем типа А с концентрацией не менее 48%";"506";"групповая";"10";"нет";"READY";""
"3105";"2,5-ДИМЕТИЛ-2,5-ДИ-(3,5,5-ТРИМЕТИЛГЕКСАНОИЛПЕРОКСИ)-ГЕКСАН с концентрацией не более 77%, с разбавителем типа А с концентрацией не менее 23%";"506";"групповая";"10";"нет";"READY";""
"3105";"2,5-ДИМЕТИЛ-2,5-ДИ-(трет-БУТИЛПЕРОКСИ)-ГЕКСАН с концентрацией более 52 - 100%";"506";"групповая";"10";"нет";"READY";""
"3105";"3,6,9-ТРИЭТИЛ-3,6,9-ТРИМЕТИЛ-1,4,7-ТРИПЕРОКСОНАН с концентрацией не более 42%, с разбавителем типа А с концентрацией не менее 58%, со свободным активным кислородом в разбавителе типа А концентрацией не более 7,6% с испарением в диапазоне 220 - 260 °C";"506";"групповая";"10";"нет";"READY";""
"3105";"АЦЕТИЛАЦЕТОНА ПЕРОКСИД с концентрацией не более 42%, с разбавителем типа А с концентрацией не менее 48% со свободным кислородом концентрацией не более 4,7%";"506";"групповая";"10";"нет";"READY";""
"3105";"ДИ-(трет-БУТИЛПЕРОКСИ)-ФТАЛАТ с концентрацией более 42%, но не более 52%, с разбавителем типа А с концентрацией не менее 48%";"506";"групповая";"10";"нет";"READY";""
"3105";"ДИ-трет-БУТИЛПЕРОКСИАЗЕЛАТ с концентрацией не более 52%, с разбавителем типа А с концентрацией не менее 48%";"506";"групповая";"10";"нет";"READY";""
"3105";"КИСЛОТА НАДУКСУСНАЯ ТИПА D стабилизированная с концентрацией не более 43%, смесь с пероксидом водорода, водой и кислотой(-ами)";"506";"групповая";"10";"нет";"READY";""
"3105";"МЕТИЛИЗОБУТИЛКЕТОНА ПЕРОКСИД(Ы) с концентрацией не более 62%, с разбавителем типа А с концентрацией не менее 19%, с содержанием метилизобутилкетона";"506";"групповая";"10";"нет";"READY";""
"3105";"Метилэтилкетона пероксид концентрации не более 45% в растворе, содержащем не более 10% активного кислорода";"506";"групповая";"10";"нет";"READY";""
"3105";"МЕТИЛЭТИЛКЕТОНА ПЕРОКСИД(Ы), с содержанием свободного кислорода не более 10%, с разбавителем типа А с концентрацией не менее 55%";"506";"групповая";"10";"нет";"READY";""
"3105";"п-МЕНТИЛА ГИДРОПЕРОКСИД с концентрацией более 72 - 100%";"506";"групповая";"10";"нет";"READY";""
"3105";"ПЕРОКСИД ОРГАНИЧЕСКИЙ ТИПА D ЖИДКИЙ";"506";"групповая";"10";"нет";"READY";""
"3105";"ПИНАНИЛА ГИДРОПЕРОКСИД с концентрацией более 56 - 100%";"506";"групповая";"10";"нет";"READY";""
"3105";"трет-АМИЛПЕРОКСИ-2-ЭТИЛГЕКСИЛКАРБОНАТ с концентрацией менее 100%";"506";"групповая";"10";"нет";"READY";""
"3105";"трет-АМИЛПЕРОКСИАЦЕТАТ с концентрацией не более 62%, с разбавителем типа А с концентрацией не менее 38%";"506";"групповая";"10";"нет";"READY";""
"3105";"трет-БУТИЛА ГИДРОПЕРОКСИД с концентрацией не более 80%, с разбавителем типа А с концентрацией не менее 20%";"506";"групповая";"10";"нет";"READY";""
"3105";"трет-БУТИЛПЕРОКСИ-2-ЭТИЛГЕКСИЛКАРБОНАТ с концентрацией менее 100%";"506";"групповая";"10";"нет";"READY";""
"3105";"трет-БУТИЛПЕРОКСИ-3,5,5-ТРИМЕТИЛГЕКСАНОАТ с концентрацией более 32 - 100%";"506";"групповая";"10";"нет";"READY";""
"3105";"трет-БУТИЛПЕРОКСИБЕНЗОАТ с концентрацией более 52%, но не более 77%, с разбавителем типа А с концентрацией не менее 23%";"506";"групповая";"10";"нет";"READY";""
"3105";"трет-БУТИЛПЕРОКСИБУТИЛФУМАРАТ с концентрацией не более 52%, с разбавителем типа А с концентрацией не менее 48%";"506";"групповая";"10";"нет";"READY";""
"3105";"трет-БУТИЛПЕРОКСИКРОТОНАТ с концентрацией не более 77%, с разбавителем типа А с концентрацией не менее 23%";"506";"групповая";"10";"нет";"READY";""
"3105";"ЦИКЛОГЕКСАНОНА ПЕРОКСИД(Ы) с концентрацией не более 72%, с разбавителем типа А с концентрацией не менее 28%, с содержанием свободного кислорода концентрацией не более 9%";"506";"групповая";"10";"нет";"READY";""
"3105";"ЭТИЛ-3,3-ДИ-(трет-АМИЛПЕРОКСИ)-БУТИРАТ с концентрацией не более 67%, с разбавителем типа А с концентрацией не менее 33%";"506";"групповая";"10";"нет";"READY";""
"3105";"ЭТИЛ-3,3-ДИ-(трет-БУТИЛПЕРОКСИ)-БУТИРАТ с концентрацией не более 77%, с разбавителем типа А с концентрацией не менее 23%";"506";"групповая";"10";"нет";"READY";""
"3106";"1,1-ДИ-(трет-БУТИЛПЕРОКСИ)-ЦИКЛОГЕКСАН с концентрацией не более 42%, с разбавителем типа А с концентрацией не менее 13%, с содержанием инертного твердого вещества не менее 45%";"506";"групповая";"10";"нет";"READY";""
"3106";"2,2-ДИ-(4,4-ДИ(трет-БУТИЛПЕРОКСИ) ЦИКЛОГЕКСИЛ)-ПРОПАН с концентрацией не более 42%, с содержанием инертного твердого вещества не менее 58%";"506";"групповая";"10";"нет";"READY";""
"3106";"2,2-ДИ-(трет-БУТИЛПЕРОКСИ)-ПРОПАН с концентрацией не более 42%, с разбавителем типа А с концентрацией не менее 13%, с содержанием инертного твердого вещества не менее 45%";"506";"групповая";"10";"нет";"READY";""
"3106";"2,5-ДИМЕТИЛ-2,5-ДИ-(БЕНЗОИЛПЕРОКСИ)-ГЕКСАН с концентрацией не более 82%, с содержанием инертного твердого вещества не менее 18%";"506";"групповая";"10";"нет";"READY";""
"3106";"2,5-ДИМЕТИЛ-2,5-ДИ-(трет-БУТИЛПЕРОКСИ)-ГЕКСИН-3 с концентрацией не более 52%, с содержанием инертного твердого вещества не менее 48%";"506";"групповая";"10";"нет";"READY";""
"3106";"АЦЕТИЛАЦЕТОНА ПЕРОКСИД с концентрацией не более 32%, паста, с разбавителем типа А, с водой или без воды";"506";"групповая";"10";"нет";"READY";""
"3106";"ДИ-(1-ГИДРОКСИЦИКЛОГЕКСИЛ)-ПЕРОКСИД с концентрацией менее 100%";"506";"групповая";"10";"нет";"READY";""
"3106";"ДИ-(2-трет-БУТИЛПЕРОКСИ-ИЗОПРОПИЛ)-БЕНЗОЛ(Ы) с концентрацией более 42 - 100%, с содержанием инертного твердого вещества не более 57%";"506";"групповая";"10";"нет";"READY";""
"3106";"ДИ-(2-ФЕНОКСИЭТИЛ)-ПЕРОКСИДИКАРБОНАТ с концентрацией не более 85%";"506";"групповая";"10";"нет";"READY";""
"3106";"ДИ-(4-ДИХЛОРБЕНЗОИЛА) ПЕРОКСИД с концентрацией не более 52%, паста, с разбавителем типа А, с водой или без воды";"506";"групповая";"10";"нет";"READY";""
"3106";"ДИ-(трет-БУТИЛПЕРОКСИ)-ФТАЛАТ с концентрацией не более 52%, паста, с разбавителем типа А, с водой или без воды";"506";"групповая";"10";"нет";"READY";""
"3106";"ДИ-4-ХЛОРБЕЗОИЛА ПЕРОКСИД с концентрацией не более 52%, паста с силикогелевым маслом";"506";"групповая";"10";"нет";"READY";""
"3106";"Дибензоила пероксид не более 62% - паста";"506";"групповая";"10";"нет";"READY";""
"3106";"Дибензоила пероксид не менее 35%, но не более 52% с инертным твердым веществом";"506";"групповая";"10";"нет";"READY";""
"3106";"ДИБЕНЗОИЛА ПЕРОКСИД с концентрацией более 35%, но не более 52%, с содержанием инертного твердого вещества не менее 48%";"506";"групповая";"10";"нет";"READY";""
"3106";"ДИБЕНЗОИЛА ПЕРОКСИД с концентрацией более 52%, но не более 62%, паста, с разбавителем типа А, с водой или без воды";"506";"групповая";"10";"нет";"READY";""
"3106";"ДИБЕНЗОИЛА ПЕРОКСИД с концентрацией не более 62%, с содержанием инертного твердого вещества не менее 28%";"506";"групповая";"10";"нет";"READY";""
"3106";"ДИИЗОПРОПИЛБЕНЗОЛА ДИГИДРОПЕРОКСИД с концентрацией не более 82%, с разбавителем типа А с концентрацией не менее 5%";"506";"групповая";"10";"нет";"READY";""
"3106";"ДИИЗОПРОПИЛБЕНЗОЛА ДИГИДРОПЕРОКСИД с концентрацией не более 82%, с разбавителем типа А с концентрацией не менее 5%, с содержанием 1-изопропилгидроперокси-4-изопропилгидроксибензола с концентрацией не более 8%";"506";"групповая";"10";"нет";"READY";""
"3106";"ДИЛАУРОИЛА ПЕРОКСИД с концентрацией менее 100%";"506";"групповая";"10";"нет";"READY";""
"3106";"КИСЛОТА 3-ХЛОРПЕРОКСИБЕНЗОЙНАЯ с концентрацией не более 57%, с содержанием инертного твердого вещества не менее 3%";"506";"групповая";"10";"нет";"READY";""
"3106";"КИСЛОТА 3-ХЛОРПЕРОКСИБЕНЗОЙНАЯ с концентрацией не более 77%, с содержанием инертного твердого вещества не менее 6%";"506";"групповая";"10";"нет";"READY";""
"3106";"Лауроила пероксид";"506";"групповая";"10";"нет";"READY";""
"3106";"ПЕРОКСИД ОРГАНИЧЕСКИЙ ТИПА D ТВЕРДЫЙ";"506";"групповая";"10";"нет";"READY";""
"3106";"трет-БУТИЛПЕРОКСИ-2-ЭТИЛГЕКСАНОАТ с концентрацией не более 12% и 2,2-ДИ-(трет-БУТИЛПЕРОКСИ)-БУТАН с концентрацией не более 14%, с разбавителем типа А с концентрацией не менее 14%, с содержанием инертного твердого вещества не менее 60%, смеси";"506";"групповая";"10";"нет";"READY";""
"3106";"трет-БУТИЛПЕРОКСИБЕНЗОАТ с концентрацией не более 52%, с содержанием инертного твердого вещества не менее 48%";"506";"групповая";"10";"нет";"READY";""
"3106";"трет-БУТИЛПЕРОКСИСТЕАРИЛКАРБОНАТ с концентрацией менее 100%";"506";"групповая";"10";"нет";"READY";""
"3106";"ЦИКЛОГЕКСАНОНА ПЕРОКСИД(Ы) с концентрацией не более 72%, паста, со свободным кислородом концентрацией не менее 9%, с разбавителем типа А, с водой или без воды";"506";"групповая";"10";"нет";"READY";""
"3106";"ЭТИЛ-3,3-ДИ-(трет-БУТИЛПЕРОКСИ)-БУТИРАТ с концентрацией не более 52%, с содержанием инертного твердого вещества не менее 48%";"506";"групповая";"10";"нет";"READY";""
"3107";"1,1-ДИ-(трет-БУТИЛПЕРОКСИ)-3,3,5-ТРИМЕТИЛЦИКЛОГЕКСАН с концентрацией не более 32%, с разбавителем типа А с концентрацией не менее 26%, с разбавителем типа В с концентрацией не менее 42%";"506";"групповая";"10";"нет";"READY";""
"3107";"1,1-ДИ-(трет-БУТИЛПЕРОКСИ)-3,3,5-ТРИМЕТИЛЦИКЛОГЕКСАН с концентрацией не более 57%, с разбавителем типа А с концентрацией не менее 43%";"506";"групповая";"10";"нет";"READY";""
"3107";"1,1-ДИ-(трет-БУТИЛПЕРОКСИ)-ЦИКЛОГЕКСАН с концентрацией не более 27%, с разбавителем типа А с концентрацией не менее 25% и этилбензола";"506";"групповая";"10";"нет";"READY";""
"3107";"2,2-ДИ-(4,4-ДИ(трет-БУТИЛПЕРОКСИ) ЦИКЛОГЕКСИЛ)-ПРОПАН с концентрацией не более 22%, с разбавителем типа В с концентрацией не менее 78%";"506";"групповая";"10";"нет";"READY";""
"3107";"ДИ-(трет-БУТИЛПЕРОКСИ)-ФТАЛАТ с концентрацией не более 42%, с разбавителем типа А с концентрацией не менее 58%";"506";"групповая";"10";"нет";"READY";""
"3107";"ДИ-трет-АМИЛА ПЕРОКСИД с концентрацией не более 100%";"506";"групповая";"10";"нет";"READY";""
"3107";"Ди-трет-бутила пероксид";"506";"групповая";"10";"нет";"READY";""
"3107";"Ди-трет-бутила пероксид с концентрацией 52 - 100%";"506";"групповая";"10";"нет";"READY";""
"3107";"ДИБЕНЗОИЛА ПЕРОКСИД с концентрацией более 36%, но не более 42%, с разбавителем типа А с концентрацией не менее 18%";"506";"групповая";"10";"нет";"READY";""
"3107";"КИСЛОТА НАДУКСУСНАЯ ТИПА Е стабилизированная с концентрацией не более 43%, смесь с пероксидом водорода, водой и кислотой (-ами)";"506";"групповая";"10";"нет";"READY";""
"3107";"КУМИЛА ГИДРОПЕРОКСИД с концентрацией более 90%, но не более 98%, с разбавителем типа А с концентрацией не менее 10%";"506";"групповая";"10";"нет";"READY";""
"3107";"МЕТИЛЭТИЛКЕТОНА ПЕРОКСИД(Ы), с содержанием свободного кислорода не более 8,2%, с разбавителем типа А с концентрацией не менее 60%";"506";"групповая";"10";"нет";"READY";""
"3107";"ПЕРОКСИД ОРГАНИЧЕСКИЙ ТИПА Е ЖИДКИЙ";"506";"групповая";"10";"нет";"READY";""
"3107";"ПОЛИ-трет-БУТИЛА И ПРОСТОГО ПОЛИЭФИРА ПЕРОКСИКАРБОНАТ с концентрацией не более 52%, с разбавителем типа В с концентрацией не менее 48%";"506";"групповая";"10";"нет";"READY";""
"3107";"трет-АМИЛА ГИДРОПЕРОКСИД с концентрацией не более 88%, с разбавителем типа А с концентрацией не менее 6%";"506";"групповая";"10";"нет";"READY";""
"3107";"трет-БУТИЛА ГИДРОПЕРОКСИД с концентрацией не более 79%, с содержанием пероксида ди-трет-бутила концентрацией не более 6%";"506";"групповая";"10";"нет";"READY";""
"3107";"трет-БУТИЛКУМИЛА ПЕРОКСИД с концентрацией более 42 - 100%";"506";"групповая";"10";"нет";"READY";""
"3108";"1-(2-БУТИЛПЕРОКСИИЗОПРОПИЛ)-3-трет-ИЗОПРОПЕНИЛБЕНЗОЛ с концентрацией не более 42%, с содержанием инертного твердого вещества не менее 58%";"506";"групповая";"10";"нет";"READY";""
"3108";"2,5-ДИМЕТИЛ-2,5-ДИ-(трет-БУТИЛПЕРОКСИ)-ГЕКСАН с концентрацией не более 47%, паста";"506";"групповая";"10";"нет";"READY";""
"3108";"2,5-ДИМЕТИЛ-2,5-ДИ-(трет-БУТИЛПЕРОКСИ)-ГЕКСАН с концентрацией не более 77%, с содержанием инертного твердого вещества не менее 23%";"506";"групповая";"10";"нет";"READY";""
"3108";"ДИБЕНЗОИЛА ПЕРОКСИД с концентрацией не более 52%, паста, с разбавителем типа А, с водой или без воды";"506";"групповая";"10";"нет";"READY";""
"3108";"ДИБЕНЗОИЛА ПЕРОКСИД с концентрацией не более 56,5%, паста";"506";"групповая";"10";"нет";"READY";""
"3108";"н-БУТИЛ-4,4-ДИ-(трет-БУТИЛПЕРОКСИ)-ВАЛЕРАТ с концентрацией не более 52%, с содержанием инертного твердого вещества не менее 48%";"506";"групповая";"10";"нет";"READY";""
"3108";"ПЕРОКСИД ОРГАНИЧЕСКИЙ ТИПА Е ТВЕРДЫЙ";"506";"групповая";"10";"нет";"READY";""
"3108";"трет-БУТИЛКУМИЛА ПЕРОКСИД с концентрацией не более 52%, с содержанием инертного твердого вещества не менее 48%";"506";"групповая";"10";"нет";"READY";""
"3108";"трет-БУТИЛМОНОПЕРОКСИМАЛЕАТ с концентрацией не более 52%, паста";"506";"групповая";"10";"нет";"READY";""
"3108";"трет-БУТИЛМОНОПЕРОКСИМАЛЕАТ с концентрацией не более 52%, с содержанием инертного твердого вещества не менее 48%";"506";"групповая";"10";"нет";"READY";""
"3109";"1,1-ДИ-(трет-БУТИЛПЕРОКСИ)-ЦИКЛОГЕКСАН с концентрацией не более 13%, с разбавителем типа А с концентрацией не менее 13%, с содержанием инертного твердого вещества не менее 74%";"506";"групповая";"10";"нет";"READY";""
"3109";"1,1-ДИ-(трет-БУТИЛПЕРОКСИ)-ЦИКЛОГЕКСАН с концентрацией не более 42%, с разбавителем типа А с концентрацией не менее 58%";"506";"групповая";"10";"нет";"READY";""
"3109";"2,5-ДИМЕТИЛ-2,5-ДИ-(трет-БУТИЛПЕРОКСИ)-ГЕКСАН с концентрацией не более 52%, с разбавителем типа А с концентрацией не менее 48%";"506";"групповая";"10";"нет";"READY";""
"3109";"ДИ-трет-БУТИЛА ПЕРОКСИД с концентрацией не более 52%, с разбавителем типа В с концентрацией не менее 48% и температурой кипения более 110 °C";"506";"групповая";"10";"нет";"READY";""
"3109";"ДИБЕНЗОИЛА ПЕРОКСИД с концентрацией не более 42%, устойчивая дисперсия в воде";"506";"групповая";"10";"нет";"READY";""
"3109";"ДИЛАУРОИЛА ПЕРОКСИД с концентрацией не более 42%, устойчивая дисперсия в воде";"506";"групповая";"10";"нет";"READY";""
"3109";"ИЗОПРОПИЛКУМИЛА ГИДРОПЕРОКСИД с концентрацией не более 72%, с разбавителем типа А с концентрацией не менее 28%";"506";"групповая";"10";"нет";"READY";""
"3109";"КИСЛОТА НАДУКСУСНАЯ ТИПА F стабилизированная с концентрацией не более 43%, смесь с пероксидом водорода, водой и кислотой(-ами)";"506";"групповая";"10";"нет";"READY";""
"3109";"Кумила гидропероксид";"506";"групповая";"10";"нет";"READY";""
"3109";"КУМИЛА ГИДРОПЕРОКСИД с концентрацией не более 90%, с разбавителем типа А с концентрацией не менее 10%";"506";"групповая";"10";"нет";"READY";""
"3109";"п-МЕНТИЛА ГИДРОПЕРОКСИД с концентрацией не более 72%, с разбавителем типа А с концентрацией не менее 28%";"506";"групповая";"10";"нет";"READY";""
"3109";"ПЕРОКСИД ОРГАНИЧЕСКИЙ ТИПА F ЖИДКИЙ";"506";"групповая";"10";"нет";"READY";""
"3109";"ПИНАНИЛА ГИДРОПЕРОКСИД с концентрацией не более 56%, с разбавителем типа А с концентрацией не менее 44%";"506";"групповая";"10";"нет";"READY";""
"3109";"трет-БУТИЛА ГИДРОПЕРОКСИД с концентрацией не более 72%";"506";"групповая";"10";"нет";"READY";""
"3109";"трет-БУТИЛПЕРОКСИ-3,5,5-ТРИМЕТИЛГЕКСАНОАТ с концентрацией не более 32%, с разбавителем типа В с концентрацией не менее 68%";"506";"групповая";"10";"нет";"READY";""
"3109";"трет-БУТИЛПЕРОКСИАЦЕТАТ с концентрацией не более 32%, с разбавителем типа В с концентрацией не менее 68%";"506";"групповая";"10";"нет";"READY";""
"3110";"1,1-ДИ-(трет-БУТИЛПЕРОКСИ)-3,3,5-ТРИМЕТИЛЦИКЛОГЕКСАН с концентрацией не более 57%, с содержанием инертного твердого вещества не менее 43%";"506";"групповая";"10";"нет";"READY";""
"3110";"Дикумила пероксид с концентрацией более 52 - 100%";"506";"групповая";"10";"нет";"READY";""
"3110";"ДИКУМИЛА ПЕРОКСИД с концентрацией более 52 - 100%, с содержанием инертного твердого вещества не более 57%";"506";"групповая";"10";"нет";"READY";""
"3110";"ПЕРОКСИД ОРГАНИЧЕСКИЙ ТИПА F ТВЕРДЫЙ";"506";"групповая";"10";"нет";"READY";""
"3122";"ЖИДКОСТЬ ЯДОВИТАЯ ОКИСЛЯЮЩАЯ, Н.У.К";"655";"групповая";"3";"нет";"READY";""
"3123";"ЖИДКОСТЬ ЯДОВИТАЯ, РЕАГИРУЮЩАЯ С ВОДОЙ, Н.У.К.";"651";"групповая";"6";"нет";"READY";""
"3124";"ВЕЩЕСТВО ТВЕРДОЕ ЯДОВИТОЕ, САМОНАГРЕВАЮЩЕЕСЯ, Н.У.К.";"653";"индивидуальная";"1";"нет";"READY";""
"3125";"ВЕЩЕСТВО ТВЕРДОЕ ЯДОВИТОЕ, РЕАГИРУЮЩЕЕ С ВОДОЙ, Н.У.К.";"651";"групповая";"6";"нет";"READY";""
"3126";"ВЕЩЕСТВО ТВЕРДОЕ САМОНАГРЕВАЮЩЕЕСЯ КОРРОЗИОННОЕ ОРГАНИЧЕСКОЕ, Н.У.К.";"417";"групповая";"2";"нет";"READY";""
"3128";"ВЕЩЕСТВО ТВЕРДОЕ САМОНАГРЕВАЮЩЕЕСЯ ЯДОВИТОЕ ОРГАНИЧЕСКОЕ, Н.У.К.";"416";"групповая";"2";"нет";"READY";""
"3128";"Трипропилбор";"416";"групповая";"2";"нет";"READY";""
"3129";"ЖИДКОСТЬ, РЕАГИРУЮЩАЯ С ВОДОЙ, КОРРОЗИОННАЯ, Н.У.К.";"428";"индивидуальная";"1";"нет";"READY";""
"3130";"ЖИДКОСТЬ, РЕАГИРУЮЩАЯ С ВОДОЙ, ЯДОВИТАЯ, Н.У.К.";"422";"индивидуальная";"1";"нет";"READY";""
"3131";"ВЕЩЕСТВО ТВЕРДОЕ, РЕАГИРУЮЩЕЕ С ВОДОЙ, КОРРОЗИОННОЕ, Н.У.К.";"423";"индивидуальная";"1";"нет";"READY";""
"3134";"Бария гидрид";"429";"индивидуальная";"1";"нет";"READY";""
"3134";"Бария сплавы, непирофорные, опасно реагирующие с водой, твердые, токсичные";"429";"индивидуальная";"1";"нет";"READY";""
"3134";"ВЕЩЕСТВО ТВЕРДОЕ, РЕАГИРУЮЩЕЕ С ВОДОЙ, ЯДОВИТОЕ, Н.У.К.";"429";"индивидуальная";"1";"нет";"READY";""
"3136";"Трифторметан охлажденный жидкий *";"201";"групповая";"45";"нет";"READY";""
"3138";"ЭТИЛЕНА 1), АЦЕТИЛЕНА 1) И ПРОПИЛЕНА СМЕСЬ ОХЛАЖДЕННАЯ ЖИДКАЯ, содержащая не менее 71,5% этилена, не более 22,5% ацетилена и не более 6% пропилена";"204";"групповая";"13";"нет";"READY";""
"3139";"ЖИДКОСТЬ ОКИСЛЯЮЩАЯ, Н.У.К.";"510";"групповая";"8";"нет";"READY";""
"3139";"Танилин, раствор";"510";"групповая";"8";"нет";"READY";""
"3140";"АЛКАЛОИДЫ ЖИДКИЕ, Н.У.К., или АЛКАЛОИДОВ СОЛИ ЖИДКИЕ, Н.У.К.";"622";"групповая";"10";"нет";"READY";""
"3140";"Анабазина сульфат, раствор";"622";"групповая";"10";"нет";"READY";""
"3141";"СУРЬМЫ СОЕДИНЕНИЕ НЕОРГАНИЧЕСКОЕ ЖИДКОЕ, Н.У.К.";"630";"групповая";"36";"нет";"READY";""
"3142";"ЖИДКОСТЬ ДЕЗИНФИЦИРУЮЩАЯ ЯДОВИТАЯ, Н.У.К.";"615";"групповая";"4";"нет";"READY";""
"3142";"Лизол";"615";"групповая";"4";"нет";"READY";""
"3143";"Динитронафталин";"634";"групповая";"5";"нет";"READY";""
"3143";"КРАСИТЕЛЬ ТВЕРДЫЙ ЯДОВИТЫЙ, Н.У.К., или ПОЛУПРОДУКТ СИНТЕЗА КРАСИТЕЛЕЙ ТВЕРДЫЙ ЯДОВИТЫЙ, Н.У.К.";"634";"групповая";"5";"нет";"READY";""
"3144";"НИКОТИНА СОЕДИНЕНИЕ ЖИДКОЕ, Н.У.К., или НИКОТИНА ПРЕПАРАТ ЖИДКИЙ, Н.У.К.";"622";"групповая";"10";"нет";"READY";""
"3145";"АЛКИЛФЕНОЛЫ ЖИДКИЕ, Н.У.К. (включая C2 - C12 - гомологи)";"804";"групповая";"15";"нет";"READY";""
"3146";"СОЕДИНЕНИЕ ОЛОВООРГАНИЧЕСКОЕ ТВЕРДОЕ, Н.У.К.";"630";"групповая";"36";"нет";"READY";""
"3147";"КРАСИТЕЛЬ ТВЕРДЫЙ КОРРОЗИОННЫЙ, Н.У.К., или ПОЛУПРОДУКТ СИНТЕЗА КРАСИТЕЛЕЙ ТВЕРДЫЙ КОРРОЗИОННЫЙ, Н.У.К.";"822";"групповая";"3";"нет";"READY";""
"3148";"ЖИДКОСТЬ, РЕАГИРУЮЩАЯ С ВОДОЙ, Н.У.К.";"421";"групповая";"12";"нет";"READY";""
"3149";"ВОДОРОДА ПЕРОКСИДА И КИСЛОТЫ НАДУКСУСНОЙ СМЕСЬ СТАБИЛИЗИРОВАННАЯ с кислотой (кислотами), водой и не более 5% надуксусной кислоты";"505";"групповая";"11";"нет";"READY";""
"3150";"УСТРОЙСТВА МАЛЫЕ, ПРИВОДИМЫЕ В ДЕЙСТВИЕ УГЛЕВОДОРОДНЫМ ГАЗОМ, или БАЛЛОНЫ С УГЛЕВОДОРОДНЫМ ГАЗОМ ДЛЯ МАЛЫХ УСТРОЙСТВ с выпускным приспособлением";"214";"групповая";"2";"нет";"READY";""
"3151";"ДИФЕНИЛЫ ПОЛИГАЛОГЕНИРОВАННЫЕ ЖИДКИЕ, или МОНОМЕТИЛДИФЕНИЛМЕТАНЫ ГАЛОГЕНИРОВАННЫЕ ЖИДКИЕ, или ТЕРФЕНИЛЫ ПОЛИГАЛОГЕНИРОВАННЫЕ ЖИДКИЕ";"904";"групповая";"8";"нет";"READY_WITH_SOURCE_GAPS";"В официальной АК отсутствует раздел: mainProperties | В официальной АК отсутствует раздел: fireExplosionHazard | В официальной АК отсутствует раздел: humanHazard"
"3152";"ДИФЕНИЛЫ ПОЛИГАЛОГЕНИРОВАННЫЕ ТВЕРДЫЕ, или МОНОМЕТИЛДИФЕНИЛМЕТАНЫ ГАЛОГЕНИРОВАННЫЕ ТВЕРДЫЕ, или ТЕРФЕНИЛЫ ПОЛИГАЛОГЕНИРОВАННЫЕ ТВЕРДЫЕ";"904";"групповая";"8";"нет";"READY_WITH_SOURCE_GAPS";"В официальной АК отсутствует раздел: mainProperties | В официальной АК отсутствует раздел: fireExplosionHazard | В официальной АК отсутствует раздел: humanHazard"
"3153";"Эфир перфтор (метилвиниловый)";"205";"групповая";"14";"нет";"READY";""
"3154";"Эфир перфтор (этилвиниловый)";"205";"групповая";"14";"нет";"READY";""
"3155";"Пентахлорфенол **";"616";"групповая";"38";"нет";"READY";""
"3156";"Газ сжатый окисляющий, н.у.к";"220";"групповая";"16";"нет";"READY";""
"3156";"Смесь аргона и кислорода сжатая";"220";"групповая";"16";"нет";"READY";""
"3157";"ГАЗ СЖИЖЕННЫЙ ОКИСЛЯЮЩИЙ, Н.У.К. *";"220";"групповая";"16";"нет";"READY";""
"3157";"Оксид *";"220";"групповая";"16";"нет";"READY";""
"3158";"ГАЗ ОХЛАЖДЕННЫЙ ЖИДКИЙ, Н.У.К. *";"215";"групповая";"5";"нет";"READY";""
"3159";"1,1,1,2-ТЕТРАФТОРЭТАН (ГАЗ РЕФРИЖЕРАТОРНЫЙ R 134a)";"201";"групповая";"45";"нет";"READY";""
"3160";"ГАЗ СЖИЖЕННЫЙ ЯДОВИТЫЙ ВОСПЛАМЕНЯЮЩИЙСЯ, Н.У.К.";"219";"групповая";"6";"нет";"READY";""
"3161";"1,1,2,2-Тетрафторэтан";"218";"групповая";"6";"нет";"READY";""
"3161";"Винил";"218";"групповая";"6";"нет";"READY";""
"3161";"Винилацетилен, стабилизированный";"218";"групповая";"6";"нет";"READY";""
"3161";"Газ сжиженный воспламеняющийся, н.у.к.";"218";"групповая";"6";"нет";"READY";""
"3162";"ГАЗ СЖИЖЕННЫЙ ЯДОВИТЫЙ, Н.У.К. *";"220";"групповая";"16";"нет";"READY";""
"3163";"Газ сжиженный, н.у.к. *";"215";"групповая";"5";"нет";"READY";""
"3163";"Инерген *";"215";"групповая";"5";"нет";"READY";""
"3163";"Хладон-612 *";"215";"групповая";"5";"нет";"READY";""
"3164";"ИЗДЕЛИЯ ПОД ПНЕВМАТИЧЕСКИМ или ГИДРАВЛИЧЕСКИМ ДАВЛЕНИЕМ (содержащие невоспламеняющийся газ)";"213";"групповая";"3";"нет";"READY";""
"3165";"ЦИСТЕРНА АВИАЦИОННАЯ ГИДРАВЛИЧЕСКАЯ ТОПЛИВНАЯ С БЛОКОМ ПИТАНИЯ (содержащая смесь гидразина безводного и метилгидразина) (топливо М 86)";"335";"групповая";"2";"нет";"READY";""
"3167";"ГАЗ, ОБРАЗЕЦ, НЕ ПОД ДАВЛЕНИЕМ, ВОСПЛАМЕНЯЮЩИЙСЯ, Н.У.К., не охлажденный до жидкого состояния";"218";"групповая";"6";"нет";"READY";""
"3168";"ГАЗ, ОБРАЗЕЦ, НЕ ПОД ДАВЛЕНИЕМ, ЯДОВИТЫЙ, ВОСПЛАМЕНЯЮЩИЙСЯ, Н.У.К., не охлажденный до жидкого состояния";"219";"групповая";"6";"нет";"READY";""
"3169";"ГАЗ, ОБРАЗЕЦ, НЕ ПОД ДАВЛЕНИЕМ, ЯДОВИТЫЙ, Н.У.К., не охлажденный до жидкого состояния";"220";"групповая";"16";"нет";"READY";""
"3170";"АЛЮМИНИЯ ПОБОЧНЫЕ ПРОДУКТЫ ПЛАВКИ или АЛЮМИНИЯ ПОБОЧНЫЕ ПРОДУКТЫ ПЕРЕПЛАВКИ";"409";"групповая";"44";"нет";"READY";""
"3172";"ТОКСИНЫ, ИЗВЛЕЧЕННЫЕ ИЗ ЖИВЫХ ОРГАНИЗМОВ, ЖИДКИЕ, Н.У.К.";"623";"групповая";"8";"нет";"READY";""
"3174";"Титана дисульфид";"405";"групповая";"36";"нет";"READY";""
"3175";"ВЕЩЕСТВА ТВЕРДЫЕ или ВЕЩЕСТВ ТВЕРДЫХ СМЕСИ (ТАКИЕ, КАК ПРЕПАРАТЫ И ОТХОДЫ), СОДЕРЖАЩИЕ ЛЕГКОВОСПЛАМЕНЯЮЩУЮСЯ ЖИДКОСТЬ, Н.У.К., с температурой вспышки до 60°C";"410";"групповая";"2";"нет";"READY";""
"3176";"ВЕЩЕСТВО ТВЕРДОЕ ЛЕГКОВОСПЛАМЕНЯЮЩЕЕСЯ ОРГАНИЧЕСКОЕ, РАСПЛАВЛЕННОЕ, Н.У.К.";"411";"индивидуальная";"1";"нет";"READY";""
"3178";"ВЕЩЕСТВО ТВЕРДОЕ ЛЕГКОВОСПЛАМЕНЯЮЩЕЕСЯ НЕОРГАНИЧЕСКОЕ, Н.У.К.";"401";"групповая";"5";"нет";"READY";""
"3178";"Шашки серные";"401";"групповая";"5";"нет";"READY";""
"3179";"ВЕЩЕСТВО ТВЕРДОЕ ЛЕГКОВОСПЛАМЕНЯЮЩЕЕСЯ ЯДОВИТОЕ НЕОРГАНИЧЕСКОЕ, Н.У.К.";"413";"групповая";"2";"нет";"READY";""
"3180";"ВЕЩЕСТВО ТВЕРДОЕ ЛЕГКОВОСПЛАМЕНЯЮЩЕЕСЯ КОРРОЗИОННОЕ НЕОРГАНИЧЕСКОЕ, Н.У.К.";"414";"групповая";"2";"нет";"READY";""
"3181";"СОЛИ МЕТАЛЛОВ ОРГАНИЧЕСКИХ СОЕДИНЕНИЙ ЛЕГКОВОСПЛАМЕНЯЮЩИЕСЯ, Н.У.К.";"401";"групповая";"5";"нет";"READY";""
"3182";"ГИДРИДЫ МЕТАЛЛОВ ЛЕГКОВОСПЛАМЕНЯЮЩИЕСЯ, Н.У.К.";"401";"групповая";"5";"нет";"READY";""
"3183";"ЖИДКОСТЬ САМОНАГРЕВАЮЩАЯСЯ ОРГАНИЧЕСКАЯ, Н.У.К.";"424";"групповая";"10";"нет";"READY";""
"3184";"ЖИДКОСТЬ САМОНАГРЕВАЮЩАЯСЯ ЯДОВИТАЯ ОРГАНИЧЕСКАЯ, Н.У.К.";"426";"групповая";"2";"нет";"READY";""
"3185";"ЖИДКОСТЬ САМОНАГРЕВАЮЩАЯСЯ КОРРОЗИОННАЯ ОРГАНИЧЕСКАЯ, Н.У.К.";"425";"групповая";"2";"нет";"READY";""
"3186";"ЖИДКОСТЬ САМОНАГРЕВАЮЩАЯСЯ НЕОРГАНИЧЕСКАЯ, Н.У.К.";"424";"групповая";"10";"нет";"READY";""
"3187";"ЖИДКОСТЬ САМОНАГРЕВАЮЩАЯСЯ ЯДОВИТАЯ НЕОРГАНИЧЕСКАЯ, Н.У.К.";"426";"групповая";"2";"нет";"READY";""
"3188";"ЖИДКОСТЬ САМОНАГРЕВАЮЩАЯСЯ КОРРОЗИОННАЯ НЕОРГАНИЧЕСКАЯ, Н.У.К.";"425";"групповая";"2";"нет";"READY";""
"3189";"ПОРОШОК МЕТАЛЛИЧЕСКИЙ САМОНАГРЕВАЮЩИЙСЯ, Н.У.К.";"415";"групповая";"14";"нет";"READY";""
"3190";"ВЕЩЕСТВО ТВЕРДОЕ САМОНАГРЕВАЮЩЕЕСЯ НЕОРГАНИЧЕСКОЕ, Н.У.К.";"415";"групповая";"14";"нет";"READY";""
"3190";"Лазурь железная";"415";"групповая";"14";"нет";"READY";""
"3191";"ВЕЩЕСТВО ТВЕРДОЕ САМОНАГРЕВАЮЩЕЕСЯ ЯДОВИТОЕ НЕОРГАНИЧЕСКОЕ, Н.У.К.";"416";"групповая";"2";"нет";"READY";""
"3192";"ВЕЩЕСТВО ТВЕРДОЕ САМОНАГРЕВАЮЩЕЕСЯ КОРРОЗИОННОЕ НЕОРГАНИЧЕСКОЕ, Н.У.К.";"417";"групповая";"2";"нет";"READY";""
"3194";"ЖИДКОСТЬ ПИРОФОРНАЯ НЕОРГАНИЧЕСКАЯ, Н.У.К.";"424";"групповая";"10";"нет";"READY";""
"3200";"ВЕЩЕСТВО ТВЕРДОЕ ПИРОФОРНОЕ НЕОРГАНИЧЕСКОЕ, Н.У.К.";"415";"групповая";"14";"нет";"READY";""
"3205";"АЛКОГОЛЯТЫ ЩЕЛОЧНОЗЕМЕЛЬНЫХ МЕТАЛЛОВ, Н.У.К.";"418";"групповая";"2";"нет";"READY";""
"3206";"АЛКОГОЛЯТЫ ЩЕЛОЧНЫХ МЕТАЛЛОВ САМОНАГРЕВАЮЩИЕСЯ КОРРОЗИОННЫЕ, Н.У.К.";"418";"групповая";"2";"нет";"READY";""
"3208";"ВЕЩЕСТВО МЕТАЛЛИЧЕСКОЕ, РЕАГИРУЮЩЕЕ С ВОДОЙ, Н.У.К.";"421";"групповая";"12";"нет";"READY";""
"3209";"ВЕЩЕСТВО МЕТАЛЛИЧЕСКОЕ, РЕАГИРУЮЩЕЕ С ВОДОЙ, САМОНАГРЕВАЮЩЕЕСЯ, Н.У.К.";"427";"индивидуальная";"1";"нет";"READY";""
"3210";"ХЛОРАТОВ НЕОРГАНИЧЕСКИХ ВОДНЫЙ РАСТВОР, Н.У.К.";"510";"групповая";"8";"нет";"READY";""
"3211";"ПЕРХЛОРАТОВ НЕОРГАНИЧЕСКИХ ВОДНЫЙ РАСТВОР, Н.У.К.";"510";"групповая";"8";"нет";"READY";""
"3212";"Гипохлориты неорганические, н.у.к.";"501";"групповая";"76";"нет";"READY";""
"3213";"БРОМАТОВ НЕОРГАНИЧЕСКИХ ВОДНЫЙ РАСТВОР, Н.У.К.";"510";"групповая";"8";"нет";"READY";""
"3214";"ПЕРМАНГАНАТОВ НЕОРГАНИЧЕСКИХ ВОДНЫЙ РАСТВОР, Н.У.К.";"510";"групповая";"8";"нет";"READY";""
"3215";"Персульфаты неорганические, н.у.к.";"501";"групповая";"76";"нет";"READY";""
"3216";"ПЕРСУЛЬФАТОВ НЕОРГАНИЧЕСКИХ ВОДНЫЙ РАСТВОР, Н.У.К.";"510";"групповая";"8";"нет";"READY";""
"3218";"Аммония нитрат (селитра аммиачная), высококонцентрированный водный раствор";"510";"групповая";"8";"нет";"READY";""
"3218";"НИТРАТОВ НЕОРГАНИЧЕСКИХ ВОДНЫЙ РАСТВОР, Н.У.К.";"510";"групповая";"8";"нет";"READY";""
"3218";"Селитра аммиачно-кальциевая";"510";"групповая";"8";"нет";"READY";""
"3219";"НИТРИТОВ НЕОРГАНИЧЕСКИХ ВОДНЫЙ РАСТВОР, Н.У.К.";"510";"групповая";"8";"нет";"READY";""
"3220";"ПЕНТАФТОРЭТАН (ГАЗ РЕФРИЖЕРАТОРНЫЙ R 125)";"201";"групповая";"45";"нет";"READY";""
"3221";"ЖИДКОСТЬ САМОРЕАКТИВНАЯ ТИПА B";"424";"групповая";"10";"нет";"READY";""
"3222";"ВЕЩЕСТВО ТВЕРДОЕ САМОРЕАКТИВНОЕ ТИПА B";"415";"групповая";"14";"нет";"READY";""
"3223";"ЖИДКОСТЬ САМОРЕАКТИВНАЯ ТИПА C";"424";"групповая";"10";"нет";"READY";""
"3224";"2,2'-Азоди(изобутиронитрил) в виде пасты на основе воды, с концентрацией не более 50%";"415";"групповая";"14";"нет";"READY";""
"3224";"ВЕЩЕСТВО ТВЕРДОЕ САМОРЕАКТИВНОЕ ТИПА C";"415";"групповая";"14";"нет";"READY";""
"3224";"Диазодиметиланилин";"415";"групповая";"14";"нет";"READY";""
"3224";"Диазодиэтиланилин";"415";"групповая";"14";"нет";"READY";""
"3224";"Порофор ЧХЗ-5";"415";"групповая";"14";"нет";"READY";""
"3225";"ЖИДКОСТЬ САМОРЕАКТИВНАЯ ТИПА D";"424";"групповая";"10";"нет";"READY";""
"3226";"ВЕЩЕСТВО ТВЕРДОЕ САМОРЕАКТИВНОЕ ТИПА D";"415";"групповая";"14";"нет";"READY";""
"3227";"ЖИДКОСТЬ САМОРЕАКТИВНАЯ ТИПА E";"424";"групповая";"10";"нет";"READY";""
"3228";"ВЕЩЕСТВО ТВЕРДОЕ САМОРЕАКТИВНОЕ ТИПА E";"415";"групповая";"14";"нет";"READY";""
"3229";"ЖИДКОСТЬ САМОРЕАКТИВНАЯ ТИПА F";"424";"групповая";"10";"нет";"READY";""
"3230";"ВЕЩЕСТВО ТВЕРДОЕ САМОРЕАКТИВНОЕ ТИПА F";"415";"групповая";"14";"нет";"READY";""
"3241";"2-Бром-2-нитропропандиол-1,3";"404";"групповая";"52";"нет";"READY";""
"3242";"Азодикарбонамид";"404";"групповая";"52";"нет";"READY";""
"3243";"ВЕЩЕСТВА ТВЕРДЫЕ, СОДЕРЖАЩИЕ ЯДОВИТУЮ ЖИДКОСТЬ, Н.У.К.";"630";"групповая";"36";"нет";"READY";""
"3244";"ВЕЩЕСТВА ТВЕРДЫЕ, СОДЕРЖАЩИЕ КОРРОЗИОННУЮ ЖИДКОСТЬ, Н.У.К.";"822";"групповая";"3";"нет";"READY";""
"3244";"Заряды к огнетушителям ОХП-10 (кислотная часть)";"822";"групповая";"3";"нет";"READY";""
"3245";"МИКРООРГАНИЗМЫ ГЕНЕТИЧЕСКИ ИЗМЕНЕННЫЕ или ОРГАНИЗМЫ ГЕНЕТИЧЕСКИ ИЗМЕНЕННЫЕ";"906";"групповая";"5";"нет";"READY_WITH_SOURCE_GAPS";"В официальной АК отсутствует раздел: mainProperties"
"3245";"МИКРООРГАНИЗМЫ ГЕНЕТИЧЕСКИ ИЗМЕНЕННЫЕ или ОРГАНИЗМЫ ГЕНЕТИЧЕСКИ ИЗМЕНЕННЫЕ, в охлажденном жидком азоте";"906";"групповая";"5";"нет";"READY_WITH_SOURCE_GAPS";"В официальной АК отсутствует раздел: mainProperties"
"3246";"Метансульфонилхлорид";"624";"групповая";"4";"нет";"READY";""
"3247";"НАТРИЯ ПЕРОКСОБОРАТ БЕЗВОДНЫЙ";"501";"групповая";"76";"нет";"READY";""
"3248";"ПРЕПАРАТ ЛЕКАРСТВЕННЫЙ ЖИДКИЙ ЛЕГКОВОСПЛАМЕНЯЮЩИЙСЯ ЯДОВИТЫЙ, Н.У.К.";"328";"групповая";"19";"нет";"READY";""
"3249";"ПРЕПАРАТ ЛЕКАРСТВЕННЫЙ ТВЕРДЫЙ, ЯДОВИТЫЙ, Н.У.К.";"620";"групповая";"18";"нет";"READY";""
"3250";"Кислота хлоруксусная расплавленная *";"611";"групповая";"19";"нет";"READY";""
"3251";"Изосорбид-5-мононитрат";"404";"групповая";"52";"нет";"READY";""
"3252";"ДИФТОРМЕТАН (ГАЗ РЕФРИЖЕРАТОРНЫЙ R 32) *";"205";"групповая";"14";"нет";"READY";""
"3253";"НАТРИЯ ТРИОКСОСИЛИКАТ";"808";"групповая";"13";"нет";"READY";""
"3254";"Трибутилфосфан";"405";"групповая";"36";"нет";"READY";""
"3256";"ЖИДКОСТЬ ПРИ ВЫСОКОЙ ТЕМПЕРАТУРЕ ЛЕГКОВОСПЛАМЕНЯЮЩАЯСЯ, Н.У.К., с температурой вспышки более 60 °C, перевозимая при температуре не ниже ее температуры вспышки и не ниже 100 °C";"334";"индивидуальная";"1";"нет";"READY";""
"3256";"ЖИДКОСТЬ ПРИ ВЫСОКОЙ ТЕМПЕРАТУРЕ ЛЕГКОВОСПЛАМЕНЯЮЩАЯСЯ, Н.У.К., с температурой вспышки более 60 °C, перевозимая при температуре не ниже ее температуры вспышки и ниже 100 °C";"334";"индивидуальная";"1";"нет";"READY";""
"3257";"ЖИДКОСТЬ ПРИ ВЫСОКОЙ ТЕМПЕРАТУРЕ, Н.У.К., перевозимая при температуре не ниже 100 °C, но ниже ее температуры вспышки (включая расплавленные металлы, расплавленные соли и т.д.)";"908";"групповая";"2";"нет";"READY_WITH_SOURCE_GAPS";"В официальной АК отсутствует раздел: mainProperties | В официальной АК отсутствует раздел: fireExplosionHazard | В официальной АК отсутствует раздел: humanHazard"
"3257";"Пек каменноугольный электродный";"908";"групповая";"2";"нет";"READY_WITH_SOURCE_GAPS";"В официальной АК отсутствует раздел: mainProperties | В официальной АК отсутствует раздел: fireExplosionHazard | В официальной АК отсутствует раздел: humanHazard"
"3258";"ВЕЩЕСТВО ТВЕРДОЕ ПРИ ВЫСОКОЙ ТЕМПЕРАТУРЕ, Н.У.К., при температуре не ниже 240 °C";"908";"групповая";"2";"нет";"READY_WITH_SOURCE_GAPS";"В официальной АК отсутствует раздел: mainProperties | В официальной АК отсутствует раздел: fireExplosionHazard | В официальной АК отсутствует раздел: humanHazard"
"3259";"АМИНЫ ТВЕРДЫЕ КОРРОЗИОННЫЕ, Н.У.К., или ПОЛИАМИНЫ ТВЕРДЫЕ КОРРОЗИОННЫЕ, Н.У.К.";"820";"индивидуальная";"1";"нет";"READY";""
"3259";"Амины C17 - C20, первичные";"820";"индивидуальная";"1";"нет";"READY";""
"3260";"ВЕЩЕСТВО ТВЕРДОЕ КОРРОЗИОННОЕ КИСЛОЕ НЕОРГАНИЧЕСКОЕ, Н.У.К.";"815";"групповая";"2";"нет";"READY";""
"3260";"Марганца фосфат";"815";"групповая";"2";"нет";"READY";""
"3260";"Олова (II) хлорид";"815";"групповая";"2";"нет";"READY";""
"3261";"ВЕЩЕСТВО ТВЕРДОЕ КОРРОЗИОННОЕ КИСЛОЕ ОРГАНИЧЕСКОЕ, Н.У.К.";"803";"групповая";"53";"нет";"READY";""
"3261";"Кислота нитрилотриметилфосфоновая *, ##";"803";"групповая";"53";"нет";"READY";""
"3262";"ВЕЩЕСТВО ТВЕРДОЕ КОРРОЗИОННОЕ ЩЕЛОЧНОЕ НЕОРГАНИЧЕСКОЕ, Н.У.К.";"819";"групповая";"3";"нет";"READY";""
"3262";"Электролит щелочной твердый";"819";"групповая";"3";"нет";"READY";""
"3263";"ВЕЩЕСТВО ТВЕРДОЕ КОРРОЗИОННОЕ ЩЕЛОЧНОЕ ОРГАНИЧЕСКОЕ, Н.У.К.";"819";"групповая";"3";"нет";"READY";""
"3264";"Алюминия оксисульфат, раствор (коагулянт жидкий)";"816";"групповая";"4";"нет";"READY";""
"3264";"Алюминия оксихлорид, коагулянт";"816";"групповая";"4";"нет";"READY";""
"3264";"Алюминия сульфат, раствор";"816";"групповая";"4";"нет";"READY";""
"3264";"Аммония фосфат, жидкий";"816";"групповая";"4";"нет";"READY";""
"3264";"Германия (IV) хлорид";"816";"групповая";"4";"нет";"READY";""
"3264";"Гидроксиламина сульфат, 25% водный раствор, коррозионный";"816";"групповая";"4";"нет";"READY";""
"3264";"ЖИДКОСТЬ КОРРОЗИОННАЯ КИСЛАЯ НЕОРГАНИЧЕСКАЯ, Н.У.К.";"816";"групповая";"4";"нет";"READY";""
"3264";"Кальция нитрат, водный раствор";"816";"групповая";"4";"нет";"READY";""
"3264";"Кислота фосфористая, водный раствор";"816";"групповая";"4";"нет";"READY";""
"3264";"Композиция ГЛИМС";"816";"групповая";"4";"нет";"READY";""
"3264";"Композиция ГПР (грунт - преобразователь ржавчины)";"816";"групповая";"4";"нет";"READY";""
"3264";"Композиция ДПФ-1 ингибированная";"816";"групповая";"4";"нет";"READY";""
"3264";"Концентраты фосфатирующие КМП-1, СК-1, КФЭ-1, КФ-1, СК-1К, КФЭ-2";"816";"групповая";"4";"нет";"READY";""
"3264";"Меди (II) хлорид, водный раствор, коррозионный";"816";"групповая";"4";"нет";"READY";""
"3264";"Фосфанол";"816";"групповая";"4";"нет";"READY";""
"3265";"Аллил-1,4-бутандиовой кислоты ангидрид";"803";"групповая";"53";"нет";"READY";""
"3265";"Ангидрид трифторметансульфокислоты **, #";"803";"групповая";"53";"нет";"READY";""
"3265";"Бутилфосфат ##";"803";"групповая";"53";"нет";"READY";""
"3265";"Дикарбоновых кислот водный слой";"803";"групповая";"53";"нет";"READY";""
"3265";"ЖИДКОСТЬ КОРРОЗИОННАЯ КИСЛАЯ ОРГАНИЧЕСКАЯ, Н.У.К.";"803";"групповая";"53";"нет";"READY";""
"3265";"Кислота валериановая";"803";"групповая";"53";"нет";"READY";""
"3265";"Кислота дитиогликолевая #";"803";"групповая";"53";"нет";"READY";""
"3265";"Кислота изовалериановая";"803";"групповая";"53";"нет";"READY";""
"3265";"Кислота метоксиуксусная";"803";"групповая";"53";"нет";"READY";""
"3265";"Кислота пеларгоновая";"803";"групповая";"53";"нет";"READY";""
"3265";"Кислота пировиноградная";"803";"групповая";"53";"нет";"READY";""
"3265";"Кислоты дихлоркарбоновые **";"803";"групповая";"53";"нет";"READY";""
"3265";"Кислоты разветвленные монокарбоновые **";"803";"групповая";"53";"нет";"READY";""
"3265";"Концентрат низкомолекулярных кислот НМК";"803";"групповая";"53";"нет";"READY";""
"3265";"Метилбензосульфат #";"803";"групповая";"53";"нет";"READY";""
"3265";"Трифторметансульфокислота **, #";"803";"групповая";"53";"нет";"READY";""
"3266";"ЖИДКОСТЬ КОРРОЗИОННАЯ ЩЕЛОЧНАЯ НЕОРГАНИЧЕСКАЯ, Н.У.К.";"818";"групповая";"3";"нет";"READY";""
"3266";"Натрия гидросульфид, водный раствор";"818";"групповая";"3";"нет";"READY";""
"3266";"Натрия сульфид, водный раствор";"818";"групповая";"3";"нет";"READY";""
"3267";"2,2'-(Бутиламино)-диэтанол";"818";"групповая";"3";"нет";"READY";""
"3267";"ЖИДКОСТЬ КОРРОЗИОННАЯ ЩЕЛОЧНАЯ ОРГАНИЧЕСКАЯ, Н.У.К.";"818";"групповая";"3";"нет";"READY";""
"3267";"Проскан";"819";"групповая";"3";"нет";"READY";""
"3268";"УСТРОЙСТВА ГАЗОНАПОЛНИТЕЛЬНЫЕ НАДУВНЫХ ПОДУШЕК или МОДУЛИ НАДУВНЫХ ПОДУШЕК или УСТРОЙСТВА ПРЕДВАРИТЕЛЬНОГО НАТЯЖЕНИЯ РЕМНЕЙ БЕЗОПАСНОСТИ";"907";"групповая";"3";"нет";"READY_WITH_SOURCE_GAPS";"В официальной АК отсутствует раздел: mainProperties"
"3269";"СМОЛ ПОЛИЭФИРНЫХ КОМПЛЕКТ (вязкая), жидкое основное вещество";"328";"групповая";"19";"нет";"READY";""
"3269";"СМОЛ ПОЛИЭФИРНЫХ КОМПЛЕКТ (невязкая), жидкое основное вещество";"328";"групповая";"19";"нет";"READY";""
"3269";"СМОЛ ПОЛИЭФИРНЫХ КОМПЛЕКТ, жидкое основное вещество";"328";"групповая";"19";"нет";"READY";""
"3270";"ФИЛЬТРЫ НИТРОЦЕЛЛЮЛОЗНЫЕ МЕМБРАННЫЕ, содержащие не более 12,6% азота по массе сухого вещества";"402";"групповая";"19";"нет";"READY";""
"3271";"Эфиры, н.у.к.";"331";"групповая";"6";"нет";"READY";""
"3272";"1-Метокси-2-пропил-ацетат";"306";"групповая";"53";"нет";"READY";""
"3272";"Амилпропионат";"306";"групповая";"53";"нет";"READY";""
"3272";"Винилпропионат, стабилизированный";"306";"групповая";"53";"нет";"READY";""
"3272";"Изобутилизовалерат";"306";"групповая";"53";"нет";"READY";""
"3272";"Метилацетоацетат";"306";"групповая";"53";"нет";"READY";""
"3272";"Метилвалерат";"306";"групповая";"53";"нет";"READY";""
"3272";"Метиллактат";"306";"групповая";"53";"нет";"READY";""
"3272";"н-Бутилбутират";"306";"групповая";"53";"нет";"READY";""
"3272";"трет-Бутилакрилат, стабилизированный";"306";"групповая";"53";"нет";"READY";""
"3272";"Триметил-орто-формиат";"306";"групповая";"53";"нет";"READY";""
"3272";"Эгилвалерат";"306";"групповая";"53";"нет";"READY";""
"3272";"Эфиры метиловые синтетических жирных кислот фракции C7 - C9";"306";"групповая";"53";"нет";"READY";""
"3272";"Эфиры сложные, н.у.к.";"306";"групповая";"53";"нет";"READY";""
"3273";"Нитрилы легковоспламеняющиеся ЯДОВИТЫЕ, н.у.к.";"333";"групповая";"2";"нет";"READY";""
"3274";"АЛКОГОЛЯТОВ РАСТВОР, Н.У.К., в спирте";"328";"групповая";"19";"нет";"READY";""
"3275";"НИТРИЛЫ ЯДОВИТЫЕ ЛЕГКОВОСПЛАМЕНЯЮЩИЕСЯ, Н.У.К.";"649";"групповая";"2";"нет";"READY";""
"3276";"НИТРИЛЫ ЖИДКИЕ, ЯДОВИТЫЕ, Н.У.К.";"632";"групповая";"3";"нет";"READY";""
"3277";"ХЛОРФОРМИАТЫ ЯДОВИТЫЕ КОРРОЗИОННЫЕ, Н.У.К.";"640";"групповая";"11";"нет";"READY";""
"3278";"СОЕДИНЕНИЕ ФОСФОРОРГАНИЧЕСКОЕ ЖИДКОЕ ЯДОВИТОЕ, Н.У.К.";"630";"групповая";"36";"нет";"READY";""
"3279";"СОЕДИНЕНИЕ ФОСФОРОРГАНИЧЕСКОЕ ЯДОВИТОЕ ЛЕГКОВОСПЛАМЕНЯЮЩЕЕСЯ, Н.У.К.";"644";"групповая";"2";"нет";"READY";""
"3280";"СОЕДИНЕНИЕ МЫШЬЯКОРГАНИЧЕСКОЕ, ЖИДКОЕ, Н.У.К.";"630";"групповая";"36";"нет";"READY";""
"3281";"КАРБОНИЛЫ МЕТАЛЛОВ, ЖИДКИЕ, Н.У.К.";"630";"групповая";"36";"нет";"READY";""
"3282";"СОЕДИНЕНИЕ МЕТАЛЛООРГАНИЧЕСКОЕ ЖИДКОЕ ЯДОВИТОЕ, Н.У.К.";"630";"групповая";"36";"нет";"READY";""
"3283";"СЕЛЕНА СОЕДИНЕНИЕ, ТВЕРДОЕ, Н.У.К.";"630";"групповая";"36";"нет";"READY";""
"3284";"ТЕЛЛУРА СОЕДИНЕНИЕ, Н.У.К.";"630";"групповая";"36";"нет";"READY";""
"3285";"Ванадиевые соединения для сернокислотного каталитического производства";"630";"групповая";"36";"нет";"READY";""
"3285";"ВАНАДИЯ СОЕДИНЕНИЕ, Н.У.К.";"630";"групповая";"36";"нет";"READY";""
"3286";"Гептил";"328";"групповая";"19";"нет";"READY";""
"3286";"ЖИДКОСТЬ ЛЕГКОВОСПЛАМЕНЯЮЩАЯСЯ ЯДОВИТАЯ КОРРОЗИОННАЯ, Н.У.К.";"328";"групповая";"19";"нет";"READY";""
"3286";"Ингибиторы коррозии ""Дизгафен-1"", ""Донбасс-1"", ""Донбасс-2""";"328";"групповая";"19";"нет";"READY";""
"3286";"Люминал А";"328";"групповая";"19";"нет";"READY";""
"3287";"Бария хлорид, раствор";"630";"групповая";"36";"нет";"READY";""
"3287";"ЖИДКОСТЬ ЯДОВИТАЯ НЕОРГАНИЧЕСКАЯ, Н.У.К.";"630";"групповая";"36";"нет";"READY";""
"3287";"Натрия нитрат, водный раствор с концентрацией 40% (по массе)";"630";"групповая";"36";"нет";"READY";""
"3287";"Натрия нитрит, водный раствор, с концентрацией 40% (по массе)";"906";"групповая";"5";"нет";"READY_WITH_SOURCE_GAPS";"В официальной АК отсутствует раздел: mainProperties"
"3288";"ВЕЩЕСТВО ТВЕРДОЕ ЯДОВИТОЕ НЕОРГАНИЧЕСКОЕ, Н.У.К.";"630";"групповая";"36";"нет";"READY";""
"3288";"Натрия дихромат";"630";"групповая";"36";"нет";"READY";""
"3288";"Натрия хромат";"630";"групповая";"36";"нет";"READY";""
"3289";"ЖИДКОСТЬ ЯДОВИТАЯ КОРРОЗИОННАЯ НЕОРГАНИЧЕСКАЯ, Н.У.К.";"640";"групповая";"11";"нет";"READY";""
"3290";"ВЕЩЕСТВО ТВЕРДОЕ ЯДОВИТОЕ КОРРОЗИОННОЕ НЕОРГАНИЧЕСКОЕ, Н.У.К.";"640";"групповая";"11";"нет";"READY";""
"3290";"Шламы сернокислотного производства";"640";"групповая";"11";"нет";"READY";""
"3291";"ОТХОДЫ БОЛЬНИЧНОГО ПРОИСХОЖДЕНИЯ, РАЗНЫЕ, Н.У.К., или (БИО)МЕДИЦИНСКИЕ ОТХОДЫ, Н.У.К., или МЕДИЦИНСКИЕ ОТХОДЫ, ПОДПАДАЮЩИЕ ПОД ДЕЙСТВИЕ СООТВЕТСТВУЮЩИХ ПРАВИЛ, Н.У.К.";"623";"групповая";"8";"нет";"READY";""
"3291";"ОТХОДЫ БОЛЬНИЧНОГО ПРОИСХОЖДЕНИЯ, РАЗНЫЕ, Н.У.К., или (БИО)МЕДИЦИНСКИЕ ОТХОДЫ, Н.У.К., или МЕДИЦИНСКИЕ ОТХОДЫ, ПОДПАДАЮЩИЕ ПОД ДЕЙСТВИЕ СООТВЕТСТВУЮЩИХ ПРАВИЛ, Н.У.К., в охлажденном жидком азоте";"623";"групповая";"8";"нет";"READY";""
"3292";"БАТАРЕИ, СОДЕРЖАЩИЕ МЕТАЛЛИЧЕСКИЙ НАТРИЙ ИЛИ НАТРИЕВЫЙ СПЛАВ, или ЭЛЕМЕНТЫ, СОДЕРЖАЩИЕ МЕТАЛЛИЧЕСКИЙ НАТРИЙ ИЛИ НАТРИЕВЫЙ СПЛАВ";"430";"групповая";"2";"нет";"READY";""
"3293";"ГИДРАЗИНА ВОДНЫЙ РАСТВОР с массовой долей гидразина не более 37%";"622";"групповая";"10";"нет";"READY";""
"3294";"ВОДОРОДА ЦИАНИДА СПИРТОВОЙ РАСТВОР, содержащий не более 45% цианида водорода";"602";"групповая";"5";"нет";"READY";""
"3295";"1,2,3 Триметилбензол";"328";"групповая";"19";"нет";"READY";""
"3295";"Бензин для промышленных целей";"328";"групповая";"19";"нет";"READY";""
"3295";"Газоконденсат углеводородный";"328";"групповая";"19";"нет";"READY";""
"3295";"Гептен-2, гептен-3";"328";"групповая";"19";"нет";"READY";""
"3295";"Деканы";"328";"групповая";"19";"нет";"READY";""
"3295";"Дистиллят газового конденсата легкий";"328";"групповая";"19";"нет";"READY";""
"3295";"Дистиллят газового конденсата средний (сернистый)";"328";"групповая";"19";"нет";"READY";""
"3295";"Компонент моторных топлив ароматический";"328";"групповая";"19";"нет";"READY";""
"3295";"Пиперилен";"328";"групповая";"19";"нет";"READY";""
"3295";"Сырье углеводородное";"328";"групповая";"19";"нет";"READY";""
"3295";"УГЛЕВОДОРОДЫ ЖИДКИЕ, Н.У.К.";"328";"групповая";"19";"нет";"READY";""
"3295";"УГЛЕВОДОРОДЫ ЖИДКИЕ, Н.У.К. (давление паров при 50 °C более 110 кПа)";"328";"групповая";"19";"нет";"READY";""
"3295";"УГЛЕВОДОРОДЫ ЖИДКИЕ, Н.У.К. (давление паров при 50 °C не более 110 кПа)";"328";"групповая";"19";"нет";"READY";""
"3295";"Углеводороды легкие";"328";"групповая";"19";"нет";"READY";""
"3295";"Фракция альфа-олефинов C10 - C12";"328";"групповая";"19";"нет";"READY";""
"3295";"Фракция альфа-олефинов C8, C8 - C10";"328";"групповая";"19";"нет";"READY";""
"3295";"Фракция бутан-пропан-гексановая";"328";"групповая";"19";"нет";"READY";""
"3295";"Фракция гексан-гептановая";"328";"групповая";"19";"нет";"READY";""
"3295";"Фракция гексановая";"328";"групповая";"19";"нет";"READY";""
"3295";"Фракция изоамиленовая";"328";"групповая";"19";"нет";"READY";""
"3295";"Фракция изопентановая";"328";"групповая";"19";"нет";"READY";""
"3295";"Фракция керосино-газойлевая";"328";"групповая";"19";"нет";"READY";""
"3295";"Фракция метилдигидропирановая";"328";"групповая";"19";"нет";"READY";""
"3295";"Фракция н-гептановая";"328";"групповая";"19";"нет";"READY";""
"3295";"Фракция параксилольная";"328";"групповая";"19";"нет";"READY";""
"3295";"Фракция пентан-изопентановая";"328";"групповая";"19";"нет";"READY";""
"3295";"Фракция пентанизопренциклопентадиеновая";"328";"групповая";"19";"нет";"READY";""
"3295";"Фракция пентановая";"328";"групповая";"19";"нет";"READY";""
"3295";"Фракция этилбензольная";"328";"групповая";"19";"нет";"READY";""
"3296";"ГЕПТАФТОРПРОПАН (ГАЗ РЕФРИЖЕРАТОРНЫЙ R 227)";"201";"групповая";"45";"нет";"READY";""
"3297";"ЭТИЛЕНА ОКСИДА И ХЛОРТЕТРАФТОРЭТАНА СМЕСЬ, содержащая не более 8,8% этилена оксида";"207";"групповая";"10";"нет";"READY";""
"3298";"ЭТИЛЕНА ОКСИДА И ПЕНТАФТОРЭТАНА СМЕСЬ, содержащая не более 7,9% этилена оксида";"207";"групповая";"10";"нет";"READY";""
"3299";"ЭТИЛЕНА ОКСИДА И ТЕТРАФТОРЭТАНА СМЕСЬ, содержащая не более 5,6% этилена оксида";"207";"групповая";"10";"нет";"READY";""
"3300";"ЭТИЛЕНА ОКСИДА И УГЛЕРОДА ДИОКСИДА СМЕСЬ, содержащая более 87% этилена оксида";"207";"групповая";"10";"нет";"READY";""
"3301";"ЖИДКОСТЬ КОРРОЗИОННАЯ САМОНАГРЕВАЮЩАЯСЯ, Н.У.К.";"827";"индивидуальная";"1";"нет";"READY";""
"3302";"2-ДИМЕТИЛАМИНЭТИЛАКРИЛАТ *...СТАБИЛИЗИРОВАННЫЙ";"614";"групповая";"10";"нет";"READY";""
"3303";"ГАЗ СЖАТЫЙ ЯДОВИТЫЙ ОКИСЛЯЮЩИЙ, Н.У.К.";"220";"групповая";"16";"нет";"READY";""
"3304";"ГАЗ СЖАТЫЙ ЯДОВИТЫЙ КОРРОЗИОННЫЙ, Н.У.К.";"220";"групповая";"16";"нет";"READY";""
"3305";"ГАЗ СЖАТЫЙ ЯДОВИТЫЙ ВОСПЛАМЕНЯЮЩИЙСЯ КОРРОЗИОННЫЙ, Н.У.К.";"219";"групповая";"6";"нет";"READY";""
"3306";"ГАЗ СЖАТЫЙ ЯДОВИТЫЙ ОКИСЛЯЮЩИЙ КОРРОЗИОННЫЙ, Н.У.К.";"220";"групповая";"16";"нет";"READY";""
"3307";"ГАЗ СЖИЖЕННЫЙ ЯДОВИТЫЙ ОКИСЛЯЮЩИЙ, Н.У.К. *";"220";"групповая";"16";"нет";"READY";""
"3308";"ГАЗ СЖИЖЕННЫЙ ЯДОВИТЫЙ КОРРОЗИОННЫЙ, Н.У.К. *";"220";"групповая";"16";"нет";"READY";""
"3309";"ГАЗ СЖИЖЕННЫЙ ЯДОВИТЫЙ ВОСПЛАМЕНЯЮЩИЙСЯ КОРРОЗИОННЫЙ, Н.У.К.";"219";"групповая";"6";"нет";"READY";""
"3310";"ГАЗ СЖИЖЕННЫЙ ЯДОВИТЫЙ ОКИСЛЯЮЩИЙ КОРРОЗИОННЫЙ, Н.У.К. *";"220";"групповая";"16";"нет";"READY";""
"3311";"ГАЗ ОХЛАЖДЕННЫЙ ЖИДКИЙ ОКИСЛЯЮЩИЙ, Н.У.К. *";"220";"групповая";"16";"нет";"READY";""
"3312";"Газ охлажденный жидкий воспламеняющийся, н.у.к.";"218";"групповая";"6";"нет";"READY";""
"3313";"ПИГМЕНТЫ ОРГАНИЧЕСКИЕ САМОНАГРЕВАЮЩИЕСЯ";"405";"групповая";"36";"нет";"READY";""
"3314";"СОЕДИНЕНИЕ ПЛАСТИЧНОЕ ФОРМОВОЧНОЕ в виде тестообразной массы, в форме листа или полученное путем экструзии жгута, выделяющее легковоспламеняющиеся пары";"902";"групповая";"3";"нет";"READY_WITH_SOURCE_GAPS";"В официальной АК отсутствует раздел: mainProperties | В официальной АК отсутствует раздел: fireExplosionHazard | В официальной АК отсутствует раздел: humanHazard"
"3315";"ОБРАЗЕЦ ХИМИЧЕСКИЙ ЯДОВИТЫЙ";"616";"групповая";"38";"нет";"READY";""
"3316";"КОМПЛЕКТ ХИМИЧЕСКИХ ВЕЩЕСТВ или КОМПЛЕКТ ПЕРВОЙ ПОМОЩИ";"906";"групповая";"5";"нет";"READY_WITH_SOURCE_GAPS";"В официальной АК отсутствует раздел: mainProperties"
"3317";"2-АМИНО-4,6-ДИНИТРОФЕНОЛ УВЛАЖНЕННЫЙ с массовой долей воды не менее 20%";"404";"групповая";"52";"нет";"READY";""
"3318";"АММИАКА РАСТВОР в воде с относительной плотностью менее 0,880 при температуре 15 °C, с массовой долей аммиака более 50% аммиака";"208";"групповая";"9";"нет";"READY";""
"3319";"НИТРОГЛИЦЕРИНА СМЕСЬ ДЕСЕНСИБИЛИЗИРОВАННАЯ ТВЕРДАЯ, Н.У.К., с массовой долей нитроглицерина более 2%, но не более 10%";"404";"групповая";"52";"нет";"READY";""
"3320";"НАТРИЯ БОРГИДРИДА И НАТРИЯ ГИДРОКСИДА РАСТВОР с массовой долей боргидрида натрия не более 12% и массовой долей гидроксида натрия не более 40%";"809";"групповая";"11";"нет";"READY";""
"3336";"МЕРКАПТАНЫ ЖИДКИЕ ЛЕГКОВОСПЛАМЕНЯЮЩИЕСЯ, Н.У.К., или МЕРКАПТАНОВ СМЕСЬ ЖИДКАЯ ЛЕГКОВОСПЛАМЕНЯЮЩАЯСЯ, Н.У.К.";"332";"групповая";"2";"нет";"READY";""
"3336";"МЕРКАПТАНЫ ЖИДКИЕ ЛЕГКОВОСПЛАМЕНЯЮЩИЕСЯ, Н.У.К., или МЕРКАПТАНОВ СМЕСЬ ЖИДКАЯ ЛЕГКОВОСПЛАМЕНЯЮЩАЯСЯ, Н.У.К. (давление паров при 50 °C более 110 кПа)";"332";"групповая";"2";"нет";"READY";""
"3336";"МЕРКАПТАНЫ ЖИДКИЕ ЛЕГКОВОСПЛАМЕНЯЮЩИЕСЯ, Н.У.К., или МЕРКАПТАНОВ СМЕСЬ ЖИДКАЯ ЛЕГКОВОСПЛАМЕНЯЮЩАЯСЯ, Н.У.К. (давление паров при 50 °C не более 110 кПа)";"332";"групповая";"2";"нет";"READY";""
"3336";"Одорант СПМ";"332";"групповая";"2";"нет";"READY";""
"3337";"ГАЗ РЕФРИЖЕРАТОРНЫЙ R 404A (Пентафторэтана, 1,1,1-трифторэтана и 1,1,1,2-тетрафторэтана зеотропная смесь с приблизительно 44% пентафторэтана и 52% 1,1,1-трифторэтана)";"201";"групповая";"45";"нет";"READY";""
"3338";"ГАЗ РЕФРИЖЕРАТОРНЫЙ R 407A (Дифторметана, пентафторэтана и 1,1,1,2-тетрафторэтана зеотропная смесь с приблизительно 20% дифторметана и 40% пентафторэтана)";"201";"групповая";"45";"нет";"READY";""
"3339";"ГАЗ РЕФРИЖЕРАТОРНЫЙ R 407B (Дифторметана, пентафторэтана и 1,1,1,2-тетрафторэтана зеотропная смесь с приблизительно 10% дифторметана и 70% пентафторэтана)";"201";"групповая";"45";"нет";"READY";""
"3340";"ГАЗ РЕФРИЖЕРАТОРНЫЙ R 407C (Дифторметана, пентафторэтана и 1,1,1,2-тетрафторэтана зеотропная смесь с приблизительно 23% дифторметана и 25% пентафторэтана)";"201";"групповая";"45";"нет";"READY";""
"3341";"Тиомочевины диоксид";"405";"групповая";"36";"нет";"READY";""
"3342";"ксантогенаты";"405";"групповая";"36";"нет";"READY";""
"3343";"НИТРОГЛИЦЕРИНА СМЕСЬ ДЕСЕНСИБИЛИЗИРОВАННАЯ ЖИДКАЯ ЛЕГКОВОСПЛАМЕНЯЮЩАЯСЯ, Н.У.К., с массовой долей нитроглицерина не более 30%";"311";"групповая";"25";"нет";"READY";""
"3344";"ПЕНТАЭРИТРИТТЕТРАНИТРАТА СМЕСЬ ДЕСЕНСИБИЛИЗИРОВАННАЯ ТВЕРДАЯ, Н.У.К., с массовой долей ПЭТН более 10%, но не более 20%";"404";"групповая";"52";"нет";"READY";""
"3345";"ПЕСТИЦИД - ПРОИЗВОДНЫЙ ФЕНОКСИУКСУСНОЙ КИСЛОТЫ ТВЕРДЫЙ ЯДОВИТЫЙ";"613";"групповая";"16";"нет";"READY";""
"3346";"ПЕСТИЦИД - ПРОИЗВОДНЫЙ ФЕНОКСИУКСУСНОЙ КИСЛОТЫ ЖИДКИЙ ЛЕГКОВОСПЛАМЕНЯЮЩИЙСЯ ЯДОВИТЫЙ с температурой вспышки менее 23 °C";"336";"групповая";"15";"нет";"READY";""
"3347";"ПЕСТИЦИД - ПРОИЗВОДНЫЙ ФЕНОКСИУКСУСНОЙ КИСЛОТЫ ЖИДКИЙ ЯДОВИТЫЙ ЛЕГКОВОСПЛАМЕНЯЮЩИЙСЯ с температурой вспышки не менее 23 °C";"610";"групповая";"15";"нет";"READY";""
"3348";"ПЕСТИЦИД - ПРОИЗВОДНЫЙ ФЕНОКСИУКСУСНОЙ КИСЛОТЫ ЖИДКИЙ ЯДОВИТЫЙ";"604";"групповая";"15";"нет";"READY";""
"3349";"ПЕСТИЦИД НА ОСНОВЕ ПИРЕТРОИДОВ ТВЕРДЫЙ ЯДОВИТЫЙ";"613";"групповая";"16";"нет";"READY";""
"3350";"ПЕСТИЦИД НА ОСНОВЕ ПИРЕТРОИДОВ ЖИДКИЙ ЛЕГКОВОСПЛАМЕНЯЮЩИЙСЯ ЯДОВИТЫЙ с температурой вспышки менее 23 °C";"336";"групповая";"15";"нет";"READY";""
"3351";"ПЕСТИЦИД НА ОСНОВЕ ПИРЕТРОИДОВ ЖИДКИЙ ЯДОВИТЫЙ ЛЕГКОВОСПЛАМЕНЯЮЩИЙСЯ с температурой вспышки не менее 23 °C";"610";"групповая";"15";"нет";"READY";""
"3352";"ПЕСТИЦИД НА ОСНОВЕ ПИРЕТРОИДОВ ЖИДКИЙ ЯДОВИТЫЙ";"604";"групповая";"15";"нет";"READY";""
"3354";"ГАЗ ИНСЕКТИЦИДНЫЙ ВОСПЛАМЕНЯЮЩИЙСЯ, Н.У.К.";"218";"групповая";"6";"нет";"READY";""
"3355";"ГАЗ ИНСЕКТИЦИДНЫЙ ЯДОВИТЫЙ ВОСПЛАМЕНЯЮЩИЙСЯ, Н.У.К.";"219";"групповая";"6";"нет";"READY";""
"3356";"Генератор кислорода химический";"514";"индивидуальная";"1";"нет";"READY";""
"3357";"НИТРОГЛИЦЕРИНА СМЕСЬ ДЕСЕНСИБИЛИЗИРОВАННАЯ ЖИДКАЯ, Н.У.К., с массовой долей нитроглицерина не более 30%";"311";"групповая";"25";"нет";"READY";""
"3358";"УСТАНОВКИ РЕФРИЖЕРАТОРНЫЕ, содержащие воспламеняющийся неядовитый сжиженный газ";"218";"групповая";"6";"нет";"READY";""
"3359";"Единица фумигированная грузовая транспортная";"909";"индивидуальная";"1";"нет";"READY_WITH_SOURCE_GAPS";"В официальной АК отсутствует раздел: mainProperties"
"3361";"ХЛОРСИЛАНЫ ЯДОВИТЫЕ КОРРОЗИОННЫЕ, Н.У.К.";"640";"групповая";"11";"нет";"READY";""
"3362";"ХЛОРСИЛАНЫ ЯДОВИТЫЕ КОРРОЗИОННЫЕ, ЛЕГКОВОСПЛАМЕНЯЮЩИЕСЯ, Н.У.К.";"637";"групповая";"2";"нет";"READY";""
"3364";"ТРИНИТРОФЕНОЛ (КИСЛОТА ПИКРИНОВАЯ), УВЛАЖНЕННЫЙ, с массовой долей воды не менее 10%";"404";"групповая";"52";"нет";"READY";""
"3365";"ТРИНИТРОХЛОРБЕНЗОЛ (ПИКРИЛХЛОРИД), УВЛАЖНЕННЫЙ, с массовой долей воды не менее 10%";"404";"групповая";"52";"нет";"READY";""
"3366";"ТРИНИТРОТОЛУОЛ (ТНТ), УВЛАЖНЕННЫЙ, с массовой долей воды не менее 10%";"404";"групповая";"52";"нет";"READY";""
"3367";"ТРИНИТРОБЕНЗОЛ, УВЛАЖНЕННЫЙ, с массовой долей воды не менее 10%";"404";"групповая";"52";"нет";"READY";""
"3368";"КИСЛОТА ТРИНИТРОБЕНЗОЙНАЯ, УВЛАЖНЕННАЯ, с массовой долей воды не менее 10%";"404";"групповая";"52";"нет";"READY";""
"3369";"НАТРИЯ ДИНИТРО-о-КРЕЗОЛАТ, УВЛАЖНЕННЫЙ, с массовой долей воды не менее 10%";"404";"групповая";"52";"нет";"READY";""
"3370";"МОЧЕВИНЫ НИТРАТ, УВЛАЖНЕННЫЙ, с массовой долей воды не менее 10%";"404";"групповая";"52";"нет";"READY";""
"3371";"2-МЕТИЛБУТАНАЛЬ";"305";"групповая";"36";"нет";"READY";""
"3373";"ПРЕПАРАТ БИОЛОГИЧЕСКИЙ, КАТЕГОРИЯ B";"623";"групповая";"8";"нет";"READY";""
"3374";"АЦЕТИЛЕН 1) НЕРАСТВОРЕННЫЙ";"204";"групповая";"13";"нет";"READY";""
"3375";"АММОНИЯ НИТРАТА ЭМУЛЬСИЯ или АММОНИЯ НИТРАТА СУСПЕНЗИЯ или АММОНИЯ НИТРАТА ГЕЛЬ, промежуточное сырье для бризантных взрывчатых веществ, жидкие";"505";"групповая";"11";"нет";"READY";""
"3375";"АММОНИЯ НИТРАТА ЭМУЛЬСИЯ или АММОНИЯ НИТРАТА СУСПЕНЗИЯ или АММОНИЯ НИТРАТА ГЕЛЬ, промежуточное сырье для бризантных взрывчатых веществ, твердые";"505";"групповая";"11";"нет";"READY";""
"3376";"4-НИТРОФЕНИЛГИДРАЗИН с массовой долей воды не менее 30%";"404";"групповая";"52";"нет";"READY";""
"3377";"НАТРИЯ ПЕРБОРАТА МОНОГИДРАТ";"501";"групповая";"76";"нет";"READY";""
"3378";"НАТРИЯ КАРБОНАТА ПЕРОКСИГИДРАТ";"501";"групповая";"76";"нет";"READY";""
"3379";"ВЗРЫВЧАТОЕ ВЕЩЕСТВО ДЕСЕНСИБИЛИЗИРОВАННОЕ, ЖИДКОЕ, Н.У.К.";"328";"групповая";"19";"нет";"READY";""
"3380";"ВЗРЫВЧАТОЕ ВЕЩЕСТВО ДЕСЕНСИБИЛИЗИРОВАННОЕ, ТВЕРДОЕ, Н.У.К.";"404";"групповая";"52";"нет";"READY";""
"3381";"ЖИДКОСТЬ ЯДОВИТАЯ ПРИ ВДЫХАНИИ, Н.У.К., с ЛК50 не более 200 мл/м3 и концентрацией насыщенных паров не менее 500 ЛК50";"623";"групповая";"8";"нет";"READY";""
"3382";"ЖИДКОСТЬ ЯДОВИТАЯ ПРИ ВДЫХАНИИ, Н.У.К., с ЛК50 не более 1 000 мл/м3 и концентрацией насыщенных паров не менее 10 ЛК50";"623";"групповая";"8";"нет";"READY";""
"3383";"ЖИДКОСТЬ ЯДОВИТАЯ ПРИ ВДЫХАНИИ, ЛЕГКОВОСПЛАМЕНЯЮЩАЯСЯ, Н.У.К., с ЛК50 не более 200 мл/м3 и концентрацией насыщенных паров не менее 500 ЛК50";"636";"групповая";"3";"нет";"READY";""
"3384";"ЖИДКОСТЬ ЯДОВИТАЯ ПРИ ВДЫХАНИИ, ЛЕГКОВОСПЛАМЕНЯЮЩАЯСЯ, Н.У.К., с ЛК50 не более 1000 мл/м3 и концентрацией насыщенных паров не менее 10 ЛК50";"636";"групповая";"3";"нет";"READY";""
"3385";"ЖИДКОСТЬ ЯДОВИТАЯ ПРИ ВДЫХАНИИ, РЕАГИРУЮЩАЯ С ВОДОЙ, Н.У.К., с ЛК50 не более 200 мл/м3 и концентрацией насыщенных паров не менее 500 ЛК50";"651";"групповая";"6";"нет";"READY";""
"3386";"ЖИДКОСТЬ ЯДОВИТАЯ ПРИ ВДЫХАНИИ, РЕАГИРУЮЩАЯ С ВОДОЙ, Н.У.К., с ЛК50 не более 1000 мл/м3 и концентрацией насыщенных паров не менее 10 ЛК50";"651";"групповая";"6";"нет";"READY";""
"3387";"ЖИДКОСТЬ ЯДОВИТАЯ ПРИ ВДЫХАНИИ ОКИСЛЯЮЩАЯ, Н.У.К., с ЛК50 не более 200 мл/м3 и концентрацией насыщенных паров не менее 500 ЛК50";"655";"групповая";"3";"нет";"READY";""
"3388";"ЖИДКОСТЬ ЯДОВИТАЯ ПРИ ВДЫХАНИИ, ОКИСЛЯЮЩАЯ, Н.У.К., с ЛК50 не более 1000 мл/м3 и концентрацией насыщенных паров не менее 10 ЛК50";"655";"групповая";"3";"нет";"READY";""
"3389";"ЖИДКОСТЬ ЯДОВИТАЯ ПРИ ВДЫХАНИИ, ЕДКАЯ, Н.У.К., с ЛК50 не более 200 мл/м3 и концентрацией насыщенных паров не менее 500 ЛК50";"640";"групповая";"11";"нет";"READY";""
"3390";"ЖИДКОСТЬ ЯДОВИТАЯ ПРИ ВДЫХАНИИ, ЕДКАЯ, Н.У.К., с ЛК50 не более 1000 мл/м3 и концентрацией насыщенных паров не менее 10 ЛК50";"640";"групповая";"11";"нет";"READY";""
"3391";"ВЕЩЕСТВО МЕТАЛЛООРГАНИЧЕСКОЕ, ПИРОФОРНОЕ, ТВЕРДОЕ";"415";"групповая";"14";"нет";"READY";""
"3392";"ВЕЩЕСТВО МЕТАЛЛООРГАНИЧЕСКОЕ, ПИРОФОРНОЕ, ЖИДКОЕ";"424";"групповая";"10";"нет";"READY";""
"3393";"ВЕЩЕСТВО МЕТАЛЛООРГАНИЧЕСКОЕ, ПИРОФОРНОЕ, РЕАГИРУЮЩЕЕ С ВОДОЙ, ТВЕРДОЕ";"419";"групповая";"3";"нет";"READY";""
"3394";"ВЕЩЕСТВО МЕТАЛЛООРГАНИЧЕСКОЕ, ПИРОФОРНОЕ, РЕАГИРУЮЩЕЕ С ВОДОЙ, ЖИДКОЕ";"419";"групповая";"3";"нет";"READY";""
"3394";"Триизобутилалюминий";"419";"групповая";"3";"нет";"READY";""
"3395";"ВЕЩЕСТВО МЕТАЛЛООРГАНИЧЕСКОЕ, РЕАГИРУЮЩЕЕ С ВОДОЙ, ТВЕРДОЕ";"421";"групповая";"12";"нет";"READY";""
"3396";"ВЕЩЕСТВО МЕТАЛЛООРГАНИЧЕСКОЕ, РЕАГИРУЮЩЕЕ С ВОДОЙ, ЛЕГКОВОСПЛАМЕНЯЮЩЕЕСЯ, ТВЕРДОЕ";"409";"групповая";"44";"нет";"READY";""
"3397";"ВЕЩЕСТВО МЕТАЛЛООРГАНИЧЕСКОЕ, РЕАГИРУЮЩЕЕ С ВОДОЙ, САМОНАГРЕВАЮЩЕЕСЯ, ТВЕРДОЕ";"419";"групповая";"3";"нет";"READY";""
"3398";"ВЕЩЕСТВО МЕТАЛЛООРГАНИЧЕСКОЕ, РЕАГИРУЮЩЕЕ С ВОДОЙ, ЖИДКОЕ";"409";"групповая";"44";"нет";"READY";""
"3399";"ВЕЩЕСТВО МЕТАЛЛООРГАНИЧЕСКОЕ, РЕАГИРУЮЩЕЕ С ВОДОЙ, ЛЕГКОВОСПЛАМЕНЯЮЩЕЕСЯ, ЖИДКОЕ";"407";"групповая";"5";"нет";"READY";""
"3400";"ВЕЩЕСТВО МЕТАЛЛООРГАНИЧЕСКОЕ, САМОНАГРЕВАЮЩЕЕСЯ, ТВЕРДОЕ";"415";"групповая";"14";"нет";"READY";""
"3401";"АМАЛЬГАМА ЩЕЛОЧНЫХ МЕТАЛЛОВ, ТВЕРДАЯ";"421";"групповая";"12";"нет";"READY";""
"3402";"АМАЛЬГАМА ЩЕЛОЧНОЗЕМЕЛЬНЫХ МЕТАЛЛОВ, ТВЕРДАЯ";"421";"групповая";"12";"нет";"READY";""
"3403";"КАЛИЯ МЕТАЛЛИЧЕСКИЕ СПЛАВЫ, ТВЕРДЫЕ";"409";"групповая";"44";"нет";"READY";""
"3404";"КАЛИЯ-НАТРИЯ СПЛАВЫ, ТВЕРДЫЕ";"409";"групповая";"44";"нет";"READY";""
"3405";"БАРИЯ ХЛОРАТА РАСТВОР";"512";"групповая";"4";"нет";"READY";""
"3406";"БАРИЯ ПЕРХЛОРАТА РАСТВОР";"512";"групповая";"4";"нет";"READY";""
"3407";"ХЛОРАТА И МАГНИЯ ХЛОРИДА СМЕСИ РАСТВОР";"501";"групповая";"76";"нет";"READY";""
"3408";"СВИНЦА ПЕРХЛОРАТА РАСТВОР";"512";"групповая";"4";"нет";"READY";""
"3409";"ХЛОРНИТРОБЕНЗОЛЫ, ЖИДКИЕ";"616";"групповая";"38";"нет";"READY";""
"3410";"4-ХЛОР-о-ТОЛУИДИН-ГИДРОХЛОРИДА РАСТВОР";"616";"групповая";"38";"нет";"READY";""
"3411";"бета-НАФТИЛАМИНА РАСТВОР";"608";"групповая";"78";"нет";"READY";""
"3412";"КИСЛОТА МУРАВЬИНАЯ с массовой долей кислоты не менее 10%, но не более 85%";"803";"групповая";"53";"нет";"READY";""
"3412";"КИСЛОТА МУРАВЬИНАЯ с массовой долей кислоты не менее 5%, но менее 10%";"803";"групповая";"53";"нет";"READY";""
"3413";"КАЛИЯ ЦИАНИДА РАСТВОР";"630";"групповая";"36";"нет";"READY";""
"3414";"НАТРИЯ ЦИАНИДА РАСТВОР";"630";"групповая";"36";"нет";"READY";""
"3415";"НАТРИЯ ФТОРИДА РАСТВОР";"630";"групповая";"36";"нет";"READY";""
"3416";"ХЛОРАЦЕТОФЕНОН, ЖИДКИЙ **";"616";"групповая";"38";"нет";"READY";""
"3417";"КСИЛИЛБРОМИД, ТВЕРДЫЙ";"605";"групповая";"25";"нет";"READY";""
"3418";"2,4-ТОЛУИЛЕН-ДИАМИНА РАСТВОР";"608";"групповая";"78";"нет";"READY";""
"3419";"БОРА ТРИФТОРИД И КИСЛОТА УКСУСНАЯ - КОМПЛЕКС, ТВЕРДЫЙ **";"803";"групповая";"53";"нет";"READY";""
"3420";"БОРА ТРИФТОРИД И КИСЛОТА ПРОПИОНОВАЯ - КОМПЛЕКС, ТВЕРДЫЙ **";"803";"групповая";"53";"нет";"READY";""
"3421";"КАЛИЯ ГИДРОДИФТОРИДА РАСТВОР **";"801";"групповая";"42";"нет";"READY";""
"3422";"КАЛИЯ ФТОРИДА РАСТВОР";"630";"групповая";"36";"нет";"READY";""
"3423";"ТЕТРАМЕТИЛАММОНИЯ ГИДРОКСИД, ТВЕРДЫЙ";"603";"групповая";"61";"нет";"READY";""
"3424";"АММОНИЯ ДИНИТРО-о-КРЕЗОЛЯТА РАСТВОР";"608";"групповая";"78";"нет";"READY";""
"3425";"КИСЛОТА БРОМУКСУСНАЯ ТВЕРДАЯ **";"803";"групповая";"53";"нет";"READY";""
"3426";"АКРИЛАМИДА РАСТВОР";"608";"групповая";"78";"нет";"READY";""
"3427";"ХЛОРБЕНЗИЛХЛОРИДЫ, ТВЕРДЫЕ";"616";"групповая";"38";"нет";"READY";""
"3428";"3-ХЛОР-4-МЕТИЛФЕНИЛИЗОЦИАНАТ ТВЕРДЫЙ *";"609";"групповая";"25";"нет";"READY";""
"3429";"ХЛОРТОЛУИДИНЫ ЖИДКИЕ";"616";"групповая";"38";"нет";"READY";""
"3430";"КСИЛЕНОЛЫ ЖИДКИЕ";"616";"групповая";"38";"нет";"READY";""
"3431";"НИТРОБЕНЗОТРИФТОРИДЫ ТВЕРДЫЕ";"608";"групповая";"78";"нет";"READY";""
"3432";"ПОЛИХЛОРДИФЕНИЛЫ, ТВЕРДЫЕ";"904";"групповая";"8";"нет";"READY_WITH_SOURCE_GAPS";"В официальной АК отсутствует раздел: mainProperties | В официальной АК отсутствует раздел: fireExplosionHazard | В официальной АК отсутствует раздел: humanHazard"
"3434";"НИТРОКРЕЗОЛЫ ЖИДКИЕ *";"608";"групповая";"78";"нет";"READY";""
"3436";"ГЕКСАФТОРАЦЕТОНГИДРАТ, ТВЕРДЫЙ";"625";"групповая";"8";"нет";"READY";""
"3437";"Хлоркрезолы твердые **";"616";"групповая";"38";"нет";"READY";""
"3438";"СПИРТ альфа-МЕТИЛБЕНЗИЛОВЫЙ, ТВЕРДЫЙ";"608";"групповая";"78";"нет";"READY";""
"3439";"НИТРИЛЫ ТВЕРДЫЕ ЯДОВИТЫЕ, Н.У.К.";"632";"групповая";"3";"нет";"READY";""
"3440";"СОЕДИНЕНИЕ СЕЛЕНА, ЖИДКОЕ, Н.У.К.";"630";"групповая";"36";"нет";"READY";""
"3441";"ХЛОРДИНИТРОБЕНЗОЛЫ ТВЕРДЫЕ ***";"608";"групповая";"78";"нет";"READY";""
"3442";"ДИХЛОРАНИЛИНЫ ТВЕРДЫЕ ***";"608";"групповая";"78";"нет";"READY";""
"3443";"ДИНИТРОБЕНЗОЛЫ, ТВЕРДЫЕ";"608";"групповая";"78";"нет";"READY";""
"3444";"НИКОТИНА ГИДРОХЛОРИД ТВЕРДЫЙ";"620";"групповая";"18";"нет";"READY";""
"3445";"НИКОТИНА СУЛЬФАТ ТВЕРДЫЙ";"620";"групповая";"18";"нет";"READY";""
"3446";"нитротолуолы твердые";"608";"групповая";"78";"нет";"READY";""
"3447";"нитроксилолы твердые";"608";"групповая";"78";"нет";"READY";""
"3448";"вещество слезоточивое твердое, н.у.к.";"634";"групповая";"5";"нет";"READY";""
"3449";"БРОМБЕНЗИЛЦИАНИДЫ ТВЕРДЫЕ";"616";"групповая";"38";"нет";"READY";""
"3450";"ДИФЕНИЛХЛОРАРСИН ТВЕРДЫЙ";"617";"групповая";"7";"нет";"READY";""
"3451";"ТОЛУИДИНЫ ТВЕРДЫЕ *";"616";"групповая";"38";"нет";"READY";""
"3452";"КСИЛИДИНЫ ТВЕРДЫЕ";"608";"групповая";"78";"нет";"READY";""
"3453";"Кислота фосфорная твердая";"806";"групповая";"31";"нет";"READY";""
"3454";"ДИНИТРОТОЛУОЛЫ ТВЕРДЫЕ";"608";"групповая";"78";"нет";"READY";""
"3455";"КРЕЗОЛЫ ТВЕРДЫЕ (р)";"608";"групповая";"78";"нет";"READY";""
"3456";"КИСЛОТА НИТРОЗИЛСЕРНАЯ ТВЕРДАЯ";"806";"групповая";"31";"нет";"READY";""
"3457";"Хлорнитротолуолы твердые ***";"616";"групповая";"38";"нет";"READY";""
"3458";"Нитроанизолы твердые *";"616";"групповая";"38";"нет";"READY";""
"3459";"нитробромбензолы твердые";"608";"групповая";"78";"нет";"READY";""
"3460";"N-Этилбензилтолуидины твердые *";"608";"групповая";"78";"нет";"READY";""
"3462";"Токсины, извлеченные из живых организмов, твердые, н.у.к.";"623";"групповая";"8";"нет";"READY";""
"3463";"КИСЛОТА ПРОПИОНОВАЯ с массовой долей кислоты не менее 90%";"803";"групповая";"53";"нет";"READY";""
"3464";"СОЕДИНЕНИЕ ФОСФОРОРГАНИЧЕСКОЕ ТВЕРДОЕ ЯДОВИТОЕ, Н.У.К.";"630";"групповая";"36";"нет";"READY";""
"3465";"СОЕДИНЕНИЕ МЫШЬЯКОРГАНИЧЕСКОЕ, ТВЕРДОЕ, Н.У.К.";"630";"групповая";"36";"нет";"READY";""
"3466";"КАРБОНИЛЫ МЕТАЛЛОВ, ТВЕРДЫЕ, Н.У.К.";"630";"групповая";"36";"нет";"READY";""
"3467";"СОЕДИНЕНИЕ МЕТАЛЛООРГАНИЧЕСКОЕ ТВЕРДОЕ ЯДОВИТОЕ, Н.У.К.";"630";"групповая";"36";"нет";"READY";""
"3468";"ВОДОРОД 1) В СИСТЕМЕ ХРАНЕНИЯ НА ОСНОВЕ МЕТАЛЛОГИДРИДОВ";"204";"групповая";"13";"нет";"READY";""
"3469";"КРАСКА ЛЕГКОВОСПЛАМЕНЯЮЩАЯСЯ КОРРОЗИОННАЯ (включая краску, лак, эмаль, краситель, шеллак, олифу, политуру, жидкий наполнитель и жидкую лаковую основу) или МАТЕРИАЛ ЛАКОКРАСОЧНЫЙ ЛЕГКОВОСПЛАМЕНЯЮЩИЙСЯ КОРРОЗИОННЫЙ (включая растворитель и разбавитель краски)";"328";"групповая";"19";"нет";"READY";""
"3470";"КРАСКА КОРРОЗИОННАЯ ЛЕГКОВОСПЛАМЕНЯЮЩАЯСЯ (включая краску, лак, эмаль, краситель, шеллак, олифу, политуру, жидкий наполнитель и жидкую лаковую основу) или МАТЕРИАЛ ЛАКОКРАСОЧНЫЙ КОРРОЗИОННЫЙ ЛЕГКОВОСПЛАМЕНЯЮЩИЙСЯ (включая растворитель и разбавитель краски)";"825";"групповая";"2";"нет";"READY";""
"3471";"ГИДРОДИФТОРИДОВ РАСТВОР, Н.У.К.";"801";"групповая";"42";"нет";"READY";""
"3472";"КИСЛОТА КРОТОНОВАЯ ЖИДКАЯ";"803";"групповая";"53";"нет";"READY";""
"3473";"КАССЕТЫ ТОПЛИВНЫХ ЭЛЕМЕНТОВ или КАССЕТЫ ТОПЛИВНЫХ ЭЛЕМЕНТОВ, СОДЕРЖАЩИЕСЯ В ОБОРУДОВАНИИ, или КАССЕТЫ ТОПЛИВНЫХ ЭЛЕМЕНТОВ, УПАКОВАННЫЕ С ОБОРУДОВАНИЕМ, содержащие легковоспламеняющиеся жидкости";"335";"групповая";"2";"нет";"READY";""
"3474";"1-гидроксибензотриазола моногидрат";"404";"групповая";"52";"нет";"READY";""
"3475";"Этанола и газолина смесь или этанола и бензина моторного смесь или этанола и петрола смесь с содержанием этанола более 10%";"305";"групповая";"36";"нет";"READY";""
"3476";"Кассеты топливных элементов, или кассеты топливных элементов, содержащиеся в оборудовании, или кассеты топливных элементов, упакованные с оборудованием, содержащие вещества, реагирующие с водой";"430";"групповая";"2";"нет";"READY";""
"3477";"Кассеты топливных элементов, или кассеты топливных элементов, содержащиеся в оборудовании, или кассеты топливных элементов, упакованные с оборудованием, содержащие коррозионные вещества";"835";"групповая";"3";"нет";"READY";""
"3478";"Кассеты топливных элементов, или кассеты топливных элементов, содержащиеся в оборудовании, или кассеты топливных элементов, упакованные с оборудованием, содержащие сжиженный воспламеняющий газ";"220";"групповая";"16";"нет";"READY";""
"3479";"Кассеты топливных элементов, или кассеты топливных элементов, содержащиеся в оборудовании, или кассеты топливных элементов, упакованные с оборудованием, содержащие водород) в металлгидриде";"204";"групповая";"13";"нет";"READY";""
"3480";"Батареи литий-ионные (включая батареи литий-ионные полимерные)";"905";"групповая";"6";"нет";"READY_WITH_SOURCE_GAPS";"В официальной АК отсутствует раздел: mainProperties | В официальной АК отсутствует раздел: fireExplosionHazard | В официальной АК отсутствует раздел: humanHazard"
"3481";"Батареи литий-ионные, содержащиеся в оборудовании, или батареи литий-ионные, упакованные с оборудованием (включая батареи литий-ионные полимерные)";"905";"групповая";"6";"нет";"READY_WITH_SOURCE_GAPS";"В официальной АК отсутствует раздел: mainProperties | В официальной АК отсутствует раздел: fireExplosionHazard | В официальной АК отсутствует раздел: humanHazard"
"3482";"Металл щелочной диспергированный легковоспламеняющийся или металл щелочноземельный диспергированный легковоспламеняющийся";"409";"групповая";"44";"нет";"READY";""
"3483";"Присадка антидетонационная к моторному топливу, легковоспламеняющаяся";"601";"групповая";"2";"нет";"READY";""
"3484";"ГИДРАЗИНА ВОДНЫЙ РАСТВОР ЛЕГКОВОСПЛАМЕНЯЮЩИЙСЯ с массовой долей гидразина более 37%";"807";"групповая";"31";"нет";"READY";""
"3485";"Кальция гипохлорит сухой коррозионный или кальция гипохлорита смесь сухая коррозионная, содержащая более 39% активного хлора (8,8% активного кислорода)";"501";"групповая";"76";"нет";"READY";""
"3486";"Кальция гипохлорита смесь сухая коррозионная, содержащая более 10%, но не более 39% активного хлора";"501";"групповая";"76";"нет";"READY";""
"3487";"Кальция гипохлорит гидратированный коррозионный или кальция гипохлорита гидратированная смесь коррозионная с содержанием воды не менее 5,5%, но не более 16%";"501";"групповая";"76";"нет";"READY";""
"3488";"Жидкость, ядовитая при вдыхании, реагирующая с водой, легковоспламеняющаяся, н.у.к., с ЛК50 не более 200 мл/м и концентрацией насыщенных паров не менее 500 ЛК50";"640";"групповая";"11";"нет";"READY";""
"3489";"Жидкость, ядовитая при вдыхании, легковоспламеняющаяся коррозионная, н.у.к., с ЛК50 не более 1000 мл/м и концентрацией насыщенных паров не менее 10 ЛК50";"640";"групповая";"11";"нет";"READY";""
"3490";"Жидкость, ядовитая при вдыхании, реагирующая с водой, легковоспламеняющаяся, н.у.к., с ЛК50 не более 200 мл/м и концентрацией насыщенных паров не менее 500 ЛК50";"651";"групповая";"6";"нет";"READY";""
"3491";"Жидкость, ядовитая при вдыхании, Жидкость, ядовитая при вдыхании, легковоспламеняющаяся, н.у.к., с ЛК50 не более 1 000 мл/м и концентрацией насыщенных паров не менее 10 ЛК50";"651";"групповая";"6";"нет";"READY";""
"3494";"Нефть сырая сернистая легковоспламеняющаяся токсичная";"337";"индивидуальная";"1";"нет";"READY";""
"3495";"ЙОД";"832";"групповая";"2";"нет";"READY";""
"3497";"МУКА КРИЛЕВАЯ";"405";"групповая";"36";"нет";"READY";""
"3498";"ЙОДА МОНОХЛОРИД, ЖИДКИЙ";"802";"групповая";"11";"нет";"READY";""
"3499";"конденсатор с двойным электрическим слоем (с энергоемкостью более 0,3 Вт-ч)";"910";"индивидуальная";"1";"нет";"READY";""
"3506";"Изделия промышленные, содержащие ртуть";"811";"групповая";"2";"нет";"READY";""
"3536";"БАТАРЕИ ЛИТИЕВЫЕ, УСТАНОВЛЕННЫЕ В ГРУЗОВОЙ ТРАНСПОРТНОЙ ЕДИНИЦЕ, батареи литий-ионные или батареи литий-металлические";"905";"групповая";"6";"нет";"READY_WITH_SOURCE_GAPS";"В официальной АК отсутствует раздел: mainProperties | В официальной АК отсутствует раздел: fireExplosionHazard | В официальной АК отсутствует раздел: humanHazard"
"3550";"КОБАЛЬТА ДИГИДРОКСИДА ПОРОШОК, содержащий не менее 10% респирабельных частиц";"603";"групповая";"61";"нет";"READY";""
"3553";"ДИСИЛАН";"206";"групповая";"25";"нет";"READY";""
"3554";"ГАЛЛИЙ, СОДЕРЖАЩИЙСЯ В ПРОМЫШЛЕННЫХ ИЗДЕЛИЯХ";"813";"групповая";"3";"нет";"READY";""
"3555";"ТРИФТОРМЕТИЛТЕТРАЗОЛ-НАТРИЕВАЯ СОЛЬ В АЦЕТОНЕ, содержащая не менее 68% ацетона по массе";"311";"групповая";"25";"нет";"READY";""
