"UN";"Название";"Формула";"Статус";"ПДК";"Строка СанПиН";"Сопоставленное наименование";"Метод"
"0004";"АММОНИЯ ПИКРАТ сухой или с массовой долей воды менее 10%";"";"NOT_ESTABLISHED_FOR_TRANSPORT_POSITION";"Отдельное значение для этой транспортной позиции в таблице 2.1 СанПиН 1.2.3685-21 не установлено.";"";"";""
"0005";"ПАТРОНЫ ДЛЯ ОРУЖИЯ с разрывным зарядом";"";"NOT_ESTABLISHED_FOR_TRANSPORT_POSITION";"Отдельное значение для этой транспортной позиции в таблице 2.1 СанПиН 1.2.3685-21 не установлено.";"";"";""
"0006";"ПАТРОНЫ ДЛЯ ОРУЖИЯ с разрывным зарядом";"";"NOT_ESTABLISHED_FOR_TRANSPORT_POSITION";"Отдельное значение для этой транспортной позиции в таблице 2.1 СанПиН 1.2.3685-21 не установлено.";"";"";""
"0007";"ПАТРОНЫ ДЛЯ ОРУЖИЯ с разрывным зарядом";"";"NOT_ESTABLISHED_FOR_TRANSPORT_POSITION";"Отдельное значение для этой транспортной позиции в таблице 2.1 СанПиН 1.2.3685-21 не установлено.";"";"";""
"0009";"БОЕПРИПАСЫ ЗАЖИГАТЕЛЬНЫЕ, снаряженные или не снаряженные разрывным, вышибным или метательным зарядом";"";"NOT_ESTABLISHED_FOR_TRANSPORT_POSITION";"Отдельное значение для этой транспортной позиции в таблице 2.1 СанПиН 1.2.3685-21 не установлено.";"";"";""
"0010";"БОЕПРИПАСЫ ЗАЖИГАТЕЛЬНЫЕ, снаряженные или не снаря-женные разрывным, вышибным или метательным зарядом";"";"NOT_ESTABLISHED_FOR_TRANSPORT_POSITION";"Отдельное значение для этой транспортной позиции в таблице 2.1 СанПиН 1.2.3685-21 не установлено.";"";"";""
"0012";"ПАТРОНЫ ДЛЯ ОРУЖИЯ С ИНЕРТНЫМ СНАРЯДОМ";"";"NOT_ESTABLISHED_FOR_TRANSPORT_POSITION";"Отдельное значение для этой транспортной позиции в таблице 2.1 СанПиН 1.2.3685-21 не установлено.";"";"";""
"0012";"ПАТРОНЫ ДЛЯ СТРЕЛКОВОГО ОРУЖИЯ";"";"NOT_ESTABLISHED_FOR_TRANSPORT_POSITION";"Отдельное значение для этой транспортной позиции в таблице 2.1 СанПиН 1.2.3685-21 не установлено.";"";"";""
"0014";"ПАТРОНЫ ДЛЯ ОРУЖИЯ ХОЛОСТЫЕ";"";"NOT_ESTABLISHED_FOR_TRANSPORT_POSITION";"Отдельное значение для этой транспортной позиции в таблице 2.1 СанПиН 1.2.3685-21 не установлено.";"";"";""
"0014";"ПАТРОНЫ ДЛЯ СТРЕЛКОВОГО ОРУЖИЯ ХОЛОСТЫЕ";"";"NOT_ESTABLISHED_FOR_TRANSPORT_POSITION";"Отдельное значение для этой транспортной позиции в таблице 2.1 СанПиН 1.2.3685-21 не установлено.";"";"";""
"0014";"ПАТРОНЫ ДЛЯ ИНСТРУМЕНТОВ ХОЛОСТЫЕ";"";"NOT_ESTABLISHED_FOR_TRANSPORT_POSITION";"Отдельное значение для этой транспортной позиции в таблице 2.1 СанПиН 1.2.3685-21 не установлено.";"";"";""
"0015";"БОЕПРИПАСЫ ДЫМОВЫЕ, снаряженные или не снаряженные разрывным, вышибным или метательным зарядом";"";"NOT_ESTABLISHED_FOR_TRANSPORT_POSITION";"Отдельное значение для этой транспортной позиции в таблице 2.1 СанПиН 1.2.3685-21 не установлено.";"";"";""
"0015";"БОЕПРИПАСЫ ДЫМОВЫЕ, снаряженные или не снаряженные разрывным, вышибным или метательным зарядом, содержащие коррозионные вещества";"";"NOT_ESTABLISHED_FOR_TRANSPORT_POSITION";"Отдельное значение для этой транспортной позиции в таблице 2.1 СанПиН 1.2.3685-21 не установлено.";"";"";""
"0015";"БОЕПРИПАСЫ ДЫМОВЫЕ, снаряженные или не снаряженные разрывным, вышибным или метательным зарядом, содержащие токсичные при вдыхании вещества";"";"NOT_ESTABLISHED_FOR_TRANSPORT_POSITION";"Отдельное значение для этой транспортной позиции в таблице 2.1 СанПиН 1.2.3685-21 не установлено.";"";"";""
"0016";"БОЕПРИПАСЫ ДЫМОВЫЕ, снаряженные или не снаряженные разрывным, вышибным или метательным зарядом";"";"NOT_ESTABLISHED_FOR_TRANSPORT_POSITION";"Отдельное значение для этой транспортной позиции в таблице 2.1 СанПиН 1.2.3685-21 не установлено.";"";"";""
"0016";"БОЕПРИПАСЫ ДЫМОВЫЕ, снаряженные или не снаряженные разрывным, вышибным или метательным зарядом, содержащие коррозионные вещества";"";"NOT_ESTABLISHED_FOR_TRANSPORT_POSITION";"Отдельное значение для этой транспортной позиции в таблице 2.1 СанПиН 1.2.3685-21 не установлено.";"";"";""
"0016";"БОЕПРИПАСЫ ДЫМОВЫЕ, снаряженные или не снаряженные разрывным, вышибным или метательным зарядом, содержащие токсичные при вдыхании вещества";"";"NOT_ESTABLISHED_FOR_TRANSPORT_POSITION";"Отдельное значение для этой транспортной позиции в таблице 2.1 СанПиН 1.2.3685-21 не установлено.";"";"";""
"0018";"БОЕПРИПАСЫ СЛЕЗОТОЧИВЫЕ с разрывным, вышибным или метательным зарядом";"";"NOT_ESTABLISHED_FOR_TRANSPORT_POSITION";"Отдельное значение для этой транспортной позиции в таблице 2.1 СанПиН 1.2.3685-21 не установлено.";"";"";""
"0019";"БОЕПРИПАСЫ СЛЕЗОТОЧИВЫЕ с разрывным, вышибным или метательным зарядом";"";"NOT_ESTABLISHED_FOR_TRANSPORT_POSITION";"Отдельное значение для этой транспортной позиции в таблице 2.1 СанПиН 1.2.3685-21 не установлено.";"";"";""
"0020";"БОЕПРИПАСЫ С ОТРАВЛЯЮЩИМИ ВЕЩЕСТВАМИ с разрывным, вышибным или метательным зарядом";"";"NOT_ESTABLISHED_FOR_TRANSPORT_POSITION";"Отдельное значение для этой транспортной позиции в таблице 2.1 СанПиН 1.2.3685-21 не установлено.";"";"";""
"0021";"БОЕПРИПАСЫ С ОТРАВЛЯЮЩИМИ ВЕЩЕСТВАМИ с разрывным, вышибным или метательным зарядом";"";"NOT_ESTABLISHED_FOR_TRANSPORT_POSITION";"Отдельное значение для этой транспортной позиции в таблице 2.1 СанПиН 1.2.3685-21 не установлено.";"";"";""
"0027";"ПОРОХ ДЫМНЫЙ (ПОРОХ ЧЕРНЫЙ) гранулированный или в порошке";"";"NOT_ESTABLISHED_FOR_TRANSPORT_POSITION";"Отдельное значение для этой транспортной позиции в таблице 2.1 СанПиН 1.2.3685-21 не установлено.";"";"";""
"0028";"ПОРОХ ДЫМНЫЙ (ПОРОХ ЧЕРНЫЙ) ПРЕССОВАННЫЙ";"";"NOT_ESTABLISHED_FOR_TRANSPORT_POSITION";"Отдельное значение для этой транспортной позиции в таблице 2.1 СанПиН 1.2.3685-21 не установлено.";"";"";""
"0028";"ПОРОХ ДЫМНЫЙ (ПОРОХ ЧЕРНЫЙ) В ШАШКАХ";"";"NOT_ESTABLISHED_FOR_TRANSPORT_POSITION";"Отдельное значение для этой транспортной позиции в таблице 2.1 СанПиН 1.2.3685-21 не установлено.";"";"";""
"0029";"ДЕТОНАТОРЫ НЕЭЛЕКТРИЧЕСКИЕ для взрывных работ";"";"NOT_ESTABLISHED_FOR_TRANSPORT_POSITION";"Отдельное значение для этой транспортной позиции в таблице 2.1 СанПиН 1.2.3685-21 не установлено.";"";"";""
"0030";"ДЕТОНАТОРЫ ЭЛЕКТРИЧЕСКИЕ для взрывных работ";"";"NOT_ESTABLISHED_FOR_TRANSPORT_POSITION";"Отдельное значение для этой транспортной позиции в таблице 2.1 СанПиН 1.2.3685-21 не установлено.";"";"";""
"0033";"БОМБЫ с разрывным зарядом";"";"NOT_ESTABLISHED_FOR_TRANSPORT_POSITION";"Отдельное значение для этой транспортной позиции в таблице 2.1 СанПиН 1.2.3685-21 не установлено.";"";"";""
"0034";"БОМБЫ с разрывным зарядом";"";"NOT_ESTABLISHED_FOR_TRANSPORT_POSITION";"Отдельное значение для этой транспортной позиции в таблице 2.1 СанПиН 1.2.3685-21 не установлено.";"";"";""
"0035";"БОМБЫ с разрывным зарядом";"";"NOT_ESTABLISHED_FOR_TRANSPORT_POSITION";"Отдельное значение для этой транспортной позиции в таблице 2.1 СанПиН 1.2.3685-21 не установлено.";"";"";""
"0037";"ФОТОАВИАБОМБЫ";"";"NOT_ESTABLISHED_FOR_TRANSPORT_POSITION";"Отдельное значение для этой транспортной позиции в таблице 2.1 СанПиН 1.2.3685-21 не установлено.";"";"";""
"0038";"ФОТОАВИАБОМБЫ";"";"NOT_ESTABLISHED_FOR_TRANSPORT_POSITION";"Отдельное значение для этой транспортной позиции в таблице 2.1 СанПиН 1.2.3685-21 не установлено.";"";"";""
"0039";"ФОТОАВИАБОМБЫ";"";"NOT_ESTABLISHED_FOR_TRANSPORT_POSITION";"Отдельное значение для этой транспортной позиции в таблице 2.1 СанПиН 1.2.3685-21 не установлено.";"";"";""
"0042";"ДЕТОНАТОРЫ ВТОРИЧНЫЕ без первичного детонатора";"";"NOT_ESTABLISHED_FOR_TRANSPORT_POSITION";"Отдельное значение для этой транспортной позиции в таблице 2.1 СанПиН 1.2.3685-21 не установлено.";"";"";""
"0043";"ЗАРЯДЫ РАЗРЫВНЫЕ взрывчатые";"";"NOT_ESTABLISHED_FOR_TRANSPORT_POSITION";"Отдельное значение для этой транспортной позиции в таблице 2.1 СанПиН 1.2.3685-21 не установлено.";"";"";""
"0044";"КАПСЮЛИ-ВОСПЛАМЕНИТЕЛИ";"";"NOT_ESTABLISHED_FOR_TRANSPORT_POSITION";"Отдельное значение для этой транспортной позиции в таблице 2.1 СанПиН 1.2.3685-21 не установлено.";"";"";""
"0048";"ЗАРЯДЫ ПОДРЫВНЫЕ";"";"NOT_ESTABLISHED_FOR_TRANSPORT_POSITION";"Отдельное значение для этой транспортной позиции в таблице 2.1 СанПиН 1.2.3685-21 не установлено.";"";"";""
"0049";"ПАТРОНЫ ОСВЕТИТЕЛЬНЫЕ";"";"NOT_ESTABLISHED_FOR_TRANSPORT_POSITION";"Отдельное значение для этой транспортной позиции в таблице 2.1 СанПиН 1.2.3685-21 не установлено.";"";"";""
"0050";"ПАТРОНЫ ОСВЕТИТЕЛЬНЫЕ";"";"NOT_ESTABLISHED_FOR_TRANSPORT_POSITION";"Отдельное значение для этой транспортной позиции в таблице 2.1 СанПиН 1.2.3685-21 не установлено.";"";"";""
"0054";"ПАТРОНЫ СИГНАЛЬНЫЕ";"";"NOT_ESTABLISHED_FOR_TRANSPORT_POSITION";"Отдельное значение для этой транспортной позиции в таблице 2.1 СанПиН 1.2.3685-21 не установлено.";"";"";""
"0055";"ГИЛЬЗЫ ПАТРОННЫЕ ПУСТЫЕ С КАПСЮЛЯМИ";"";"NOT_ESTABLISHED_FOR_TRANSPORT_POSITION";"Отдельное значение для этой транспортной позиции в таблице 2.1 СанПиН 1.2.3685-21 не установлено.";"";"";""
"0056";"БОМБЫ ГЛУБИННЫЕ";"";"NOT_ESTABLISHED_FOR_TRANSPORT_POSITION";"Отдельное значение для этой транспортной позиции в таблице 2.1 СанПиН 1.2.3685-21 не установлено.";"";"";""
"0059";"ЗАРЯДЫ КУМУЛЯТИВНЫЕ без детонатора";"";"NOT_ESTABLISHED_FOR_TRANSPORT_POSITION";"Отдельное значение для этой транспортной позиции в таблице 2.1 СанПиН 1.2.3685-21 не установлено.";"";"";""
"0060";"ЗАРЯДЫ ДОПОЛНИТЕЛЬНЫЕ ВЗРЫВЧАТЫЕ";"";"NOT_ESTABLISHED_FOR_TRANSPORT_POSITION";"Отдельное значение для этой транспортной позиции в таблице 2.1 СанПиН 1.2.3685-21 не установлено.";"";"";""
"0065";"ШНУР ДЕТОНИРУЮЩИЙ гибкий";"";"NOT_ESTABLISHED_FOR_TRANSPORT_POSITION";"Отдельное значение для этой транспортной позиции в таблице 2.1 СанПиН 1.2.3685-21 не установлено.";"";"";""
"0066";"ШНУР ОГНЕПРОВОДНЫЙ";"";"NOT_ESTABLISHED_FOR_TRANSPORT_POSITION";"Отдельное значение для этой транспортной позиции в таблице 2.1 СанПиН 1.2.3685-21 не установлено.";"";"";""
"0070";"РЕЗАКИ КАБЕЛЬНЫЕ ВЗРЫВЧАТЫЕ";"";"NOT_ESTABLISHED_FOR_TRANSPORT_POSITION";"Отдельное значение для этой транспортной позиции в таблице 2.1 СанПиН 1.2.3685-21 не установлено.";"";"";""
"0072";"ЦИКЛОТРИМЕТИЛЕНТРИНИТРАМИН (ГЕКСОГЕН, ЦИКЛОНИТ, RDX) УВЛАЖНЕННЫЙ с массовой долей воды не менее 15%";"";"NOT_ESTABLISHED_FOR_TRANSPORT_POSITION";"Отдельное значение для этой транспортной позиции в таблице 2.1 СанПиН 1.2.3685-21 не установлено.";"";"";""
"0073";"ДЕТОНАТОРЫ ДЛЯ БОЕПРИПАСОВ";"";"NOT_ESTABLISHED_FOR_TRANSPORT_POSITION";"Отдельное значение для этой транспортной позиции в таблице 2.1 СанПиН 1.2.3685-21 не установлено.";"";"";""
"0074";"ДИАЗОДИНИТРОФЕНОЛ УВЛАЖНЕННЫЙ с массовой долей воды или смеси спирта и воды не менее 40%";"";"NOT_ESTABLISHED_FOR_TRANSPORT_POSITION";"Отдельное значение для этой транспортной позиции в таблице 2.1 СанПиН 1.2.3685-21 не установлено.";"";"";""
"0075";"ДИЭТИЛЕНГЛИКОЛЬДИНИТРАТ ДЕСЕНСИБИЛИЗИРОВАННЫЙ с массовой долей нелетучего и нерастворимого в воде флегматизатора не менее 25%";"";"NOT_ESTABLISHED_FOR_TRANSPORT_POSITION";"Отдельное значение для этой транспортной позиции в таблице 2.1 СанПиН 1.2.3685-21 не установлено.";"";"";""
"0076";"ДИНИТРОФЕНОЛ сухой или увлажненный с массовой долей воды менее 15%";"";"NOT_ESTABLISHED_FOR_TRANSPORT_POSITION";"Отдельное значение для этой транспортной позиции в таблице 2.1 СанПиН 1.2.3685-21 не установлено.";"";"";""
"0077";"ДИНИТРОФЕНОЛЯТЫ щелочных металлов сухие или увлажненные с массовой долей воды менее 15%";"";"NOT_ESTABLISHED_FOR_TRANSPORT_POSITION";"Отдельное значение для этой транспортной позиции в таблице 2.1 СанПиН 1.2.3685-21 не установлено.";"";"";""
"0078";"ДИНИТРОРЕЗОРЦИН сухой или увлажненный с массовой долей воды менее 15%";"";"NOT_ESTABLISHED_FOR_TRANSPORT_POSITION";"Отдельное значение для этой транспортной позиции в таблице 2.1 СанПиН 1.2.3685-21 не установлено.";"";"";""
"0079";"ГЕКСАНИТРОДИФЕНИЛАМИН (ДИПИКРИЛАМИН, ГЕКСИЛ)";"";"NOT_ESTABLISHED_FOR_TRANSPORT_POSITION";"Отдельное значение для этой транспортной позиции в таблице 2.1 СанПиН 1.2.3685-21 не установлено.";"";"";""
"0081";"ВЗРЫВЧАТОЕ ВЕЩЕСТВО БРИЗАНТНОЕ, ТИП А";"";"NOT_ESTABLISHED_FOR_TRANSPORT_POSITION";"Отдельное значение для этой транспортной позиции в таблице 2.1 СанПиН 1.2.3685-21 не установлено.";"";"";""
"0082";"ВЗРЫВЧАТОЕ ВЕЩЕСТВО БРИЗАНТНОЕ, ТИП В";"";"NOT_ESTABLISHED_FOR_TRANSPORT_POSITION";"Отдельное значение для этой транспортной позиции в таблице 2.1 СанПиН 1.2.3685-21 не установлено.";"";"";""
"0083";"ВЗРЫВЧАТОЕ ВЕЩЕСТВО БРИЗАНТНОЕ, ТИП С";"";"NOT_ESTABLISHED_FOR_TRANSPORT_POSITION";"Отдельное значение для этой транспортной позиции в таблице 2.1 СанПиН 1.2.3685-21 не установлено.";"";"";""
"0084";"ВЗРЫВЧАТОЕ ВЕЩЕСТВО БРИЗАНТНОЕ, ТИП D";"";"NOT_ESTABLISHED_FOR_TRANSPORT_POSITION";"Отдельное значение для этой транспортной позиции в таблице 2.1 СанПиН 1.2.3685-21 не установлено.";"";"";""
"0092";"РАКЕТЫ ОСВЕТИТЕЛЬНЫЕ, ЗАПУСКАЕМЫЕ С ЗЕМЛИ";"";"NOT_ESTABLISHED_FOR_TRANSPORT_POSITION";"Отдельное значение для этой транспортной позиции в таблице 2.1 СанПиН 1.2.3685-21 не установлено.";"";"";""
"0093";"РАКЕТЫ ОСВЕТИТЕЛЬНЫЕ АВИАЦИОННЫЕ";"";"NOT_ESTABLISHED_FOR_TRANSPORT_POSITION";"Отдельное значение для этой транспортной позиции в таблице 2.1 СанПиН 1.2.3685-21 не установлено.";"";"";""
"0094";"ПОРОХ ДЛЯ ПИРОТЕХНИЧЕСКИХ ИЗДЕЛИЙ";"";"NOT_ESTABLISHED_FOR_TRANSPORT_POSITION";"Единая ПДК не устанавливается: контролируется по компонентному составу.";"";"";""
"0099";"ТОРПЕДЫ ВЗРЫВЧАТЫЕ для нефтескважин без детонатора";"";"NOT_ESTABLISHED_FOR_TRANSPORT_POSITION";"Отдельное значение для этой транспортной позиции в таблице 2.1 СанПиН 1.2.3685-21 не установлено.";"";"";""
"0101";"ВЗРЫВАТЕЛЬ НЕДЕТОНИРУЮЩИЙ";"";"NOT_ESTABLISHED_FOR_TRANSPORT_POSITION";"Отдельное значение для этой транспортной позиции в таблице 2.1 СанПиН 1.2.3685-21 не установлено.";"";"";""
"0102";"ШНУР (ЗАПАЛ) ДЕТОНИРУЮЩИЙ в металлической оболочке";"";"NOT_ESTABLISHED_FOR_TRANSPORT_POSITION";"Отдельное значение для этой транспортной позиции в таблице 2.1 СанПиН 1.2.3685-21 не установлено.";"";"";""
"0103";"ЗАПАЛ трубчатый в металлической оболочке";"";"NOT_ESTABLISHED_FOR_TRANSPORT_POSITION";"Отдельное значение для этой транспортной позиции в таблице 2.1 СанПиН 1.2.3685-21 не установлено.";"";"";""
"0104";"ШНУР (ЗАПАЛ) ДЕТОНИРУЮЩИЙ СЛАБОГО ДЕЙСТВИЯ в металлической оболочке";"";"NOT_ESTABLISHED_FOR_TRANSPORT_POSITION";"Отдельное значение для этой транспортной позиции в таблице 2.1 СанПиН 1.2.3685-21 не установлено.";"";"";""
"0105";"ШНУР ОГНЕПРОВОДНЫЙ БЕЗОПАСНЫЙ";"";"NOT_ESTABLISHED_FOR_TRANSPORT_POSITION";"Отдельное значение для этой транспортной позиции в таблице 2.1 СанПиН 1.2.3685-21 не установлено.";"";"";""
"0106";"ТРУБКИ ДЕТОНАЦИОННЫЕ";"";"NOT_ESTABLISHED_FOR_TRANSPORT_POSITION";"Отдельное значение для этой транспортной позиции в таблице 2.1 СанПиН 1.2.3685-21 не установлено.";"";"";""
"0107";"ТРУБКИ ДЕТОНАЦИОННЫЕ";"";"NOT_ESTABLISHED_FOR_TRANSPORT_POSITION";"Отдельное значение для этой транспортной позиции в таблице 2.1 СанПиН 1.2.3685-21 не установлено.";"";"";""
"0110";"ГРАНАТЫ ПРАКТИЧЕСКИЕ ручные или ружейные";"";"NOT_ESTABLISHED_FOR_TRANSPORT_POSITION";"Отдельное значение для этой транспортной позиции в таблице 2.1 СанПиН 1.2.3685-21 не установлено.";"";"";""
"0113";"ГУАНИЛНИТРОЗОАМИНОГУАНИЛИДЕНГИДРАЗИН УВЛАЖНЕННЫЙ с массовой долей воды не менее 30%";"";"NOT_ESTABLISHED_FOR_TRANSPORT_POSITION";"Отдельное значение для этой транспортной позиции в таблице 2.1 СанПиН 1.2.3685-21 не установлено.";"";"";""
"0114";"ГУАНИЛНИТРОЗОАМИНОГУАНИЛТЕТРАЗЕН (ТЕТРАЗЕН) УВЛАЖНЕННЫЙ с массовой долей воды или смеси спирта и воды не менее 30%";"";"NOT_ESTABLISHED_FOR_TRANSPORT_POSITION";"Отдельное значение для этой транспортной позиции в таблице 2.1 СанПиН 1.2.3685-21 не установлено.";"";"";""
"0118";"ГЕКСОЛИТ (ГЕКСОТОЛ) сухой или увлажненный с массовой долей воды менее 15%";"";"NOT_ESTABLISHED_FOR_TRANSPORT_POSITION";"Отдельное значение для этой транспортной позиции в таблице 2.1 СанПиН 1.2.3685-21 не установлено.";"";"";""
"0121";"ВОСПЛАМЕНИТЕЛИ";"";"NOT_ESTABLISHED_FOR_TRANSPORT_POSITION";"Отдельное значение для этой транспортной позиции в таблице 2.1 СанПиН 1.2.3685-21 не установлено.";"";"";""
"0124";"СНАРЯДЫ ПЕРФОРАТОРНЫЕ для нефтескважин без детонатора";"";"NOT_ESTABLISHED_FOR_TRANSPORT_POSITION";"Отдельное значение для этой транспортной позиции в таблице 2.1 СанПиН 1.2.3685-21 не установлено.";"";"";""
"0129";"СВИНЦА АЗИД УВЛАЖНЕННЫЙ с массовой долей воды или смеси спирта и воды не менее 20%";"";"NOT_ESTABLISHED_FOR_TRANSPORT_POSITION";"Отдельное значение для этой транспортной позиции в таблице 2.1 СанПиН 1.2.3685-21 не установлено.";"";"";""
"0130";"СВИНЦА СТИФНАТ (СВИНЦА ТРИНИТРОРЕЗОРЦИНАТ) УВЛАЖНЕННЫЙ с массовой долей воды или смеси спирта и воды не менее 20%";"";"NOT_ESTABLISHED_FOR_TRANSPORT_POSITION";"Отдельное значение для этой транспортной позиции в таблице 2.1 СанПиН 1.2.3685-21 не установлено.";"";"";""
"0131";"ВОСПЛАМЕНИТЕЛИ ОГНЕПРОВОДНОГО ШНУРА";"";"NOT_ESTABLISHED_FOR_TRANSPORT_POSITION";"Отдельное значение для этой транспортной позиции в таблице 2.1 СанПиН 1.2.3685-21 не установлено.";"";"";""
"0132";"СОЛИ МЕТАЛЛОВ ДЕФЛАГРИРУЮЩИЕ, НИТРОПРОИЗВОДНЫЕ АРОМАТИЧЕСКОГО РЯДА, Н.У.К.";"";"NOT_ESTABLISHED_FOR_TRANSPORT_POSITION";"Единая ПДК не устанавливается: контролируется по компонентному составу.";"";"";""
"0133";"МАННИТГЕКСАНИТРАТ (НИТРОМАННИТ) УВЛАЖНЕННЫЙ с массовой долей воды или смеси спирта и воды не менее 40%";"";"NOT_ESTABLISHED_FOR_TRANSPORT_POSITION";"Отдельное значение для этой транспортной позиции в таблице 2.1 СанПиН 1.2.3685-21 не установлено.";"";"";""
"0135";"РТУТЬ ГРЕМУЧАЯ УВЛАЖНЕННАЯ с массовой долей воды или смеси спирта и воды не менее 20%";"";"NOT_ESTABLISHED_FOR_TRANSPORT_POSITION";"Отдельное значение для этой транспортной позиции в таблице 2.1 СанПиН 1.2.3685-21 не установлено.";"";"";""
"0136";"МИНЫ с разрывным зарядом";"";"NOT_ESTABLISHED_FOR_TRANSPORT_POSITION";"Отдельное значение для этой транспортной позиции в таблице 2.1 СанПиН 1.2.3685-21 не установлено.";"";"";""
"0137";"МИНЫ с разрывным зарядом";"";"NOT_ESTABLISHED_FOR_TRANSPORT_POSITION";"Отдельное значение для этой транспортной позиции в таблице 2.1 СанПиН 1.2.3685-21 не установлено.";"";"";""
"0138";"МИНЫ с разрывным зарядом";"";"NOT_ESTABLISHED_FOR_TRANSPORT_POSITION";"Отдельное значение для этой транспортной позиции в таблице 2.1 СанПиН 1.2.3685-21 не установлено.";"";"";""
"0143";"НИТРОГЛИЦЕРИН ДЕСЕНСИБИЛИЗИРОВАННЫЙ с массовой долей нелетучего и нерастворимого в воде флегматизатора не менее 40%";"";"NOT_ESTABLISHED_FOR_TRANSPORT_POSITION";"Отдельное значение для этой транспортной позиции в таблице 2.1 СанПиН 1.2.3685-21 не установлено.";"";"";""
"0144";"НИТРОГЛИЦЕРИНА СПИРТОВОЙ РАСТВОР с массовой долей нитроглицерина более 1%, но не более 10%";"";"NOT_ESTABLISHED_FOR_TRANSPORT_POSITION";"Отдельное значение для этой транспортной позиции в таблице 2.1 СанПиН 1.2.3685-21 не установлено.";"";"";""
"0146";"НИТРОКРАХМАЛ сухой или увлажненный с массовой долей воды менее 20%";"";"NOT_ESTABLISHED_FOR_TRANSPORT_POSITION";"Отдельное значение для этой транспортной позиции в таблице 2.1 СанПиН 1.2.3685-21 не установлено.";"";"";""
"0147";"НИТРОМОЧЕВИНА";"";"NOT_ESTABLISHED_FOR_TRANSPORT_POSITION";"Отдельное значение для этой транспортной позиции в таблице 2.1 СанПиН 1.2.3685-21 не установлено.";"";"";""
"0150";"ПЕНТАЭРИТРИТТЕТРАНИТРАТ (ПЕНТАЭРИТРИТОЛ ТЕТРАНИТРАТ; ПЭТН) УВЛАЖНЕННЫЙ с массовой долей воды не менее 25%";"";"NOT_ESTABLISHED_FOR_TRANSPORT_POSITION";"Отдельное значение для этой транспортной позиции в таблице 2.1 СанПиН 1.2.3685-21 не установлено.";"";"";""
"0150";"ПЕНТАЭРИТРИТТЕТРАНИТРАТ (ПЕНТАЭРИТРИТОЛ ТЕТРАНИТРАТ; ПЭТН) ДЕСЕНСИБИЛИЗИРОВАННЫЙ с массовой долей флегматизатора не менее 15%";"";"NOT_ESTABLISHED_FOR_TRANSPORT_POSITION";"Отдельное значение для этой транспортной позиции в таблице 2.1 СанПиН 1.2.3685-21 не установлено.";"";"";""
"0151";"ПЕНТОЛИТ сухой или увлажнен-ный с массовой долей воды менее 15%";"";"NOT_ESTABLISHED_FOR_TRANSPORT_POSITION";"Отдельное значение для этой транспортной позиции в таблице 2.1 СанПиН 1.2.3685-21 не установлено.";"";"";""
"0153";"ТРИНИТРОАНИЛИН (ПИКРАМИД)";"";"NOT_ESTABLISHED_FOR_TRANSPORT_POSITION";"Отдельное значение для этой транспортной позиции в таблице 2.1 СанПиН 1.2.3685-21 не установлено.";"";"";""
"0154";"ТРИНИТРОФЕНОЛ (КИСЛОТА ПИКРИНОВАЯ) сухой или увлажненный с массовой долей воды менее 30%";"";"NOT_ESTABLISHED_FOR_TRANSPORT_POSITION";"Отдельное значение для этой транспортной позиции в таблице 2.1 СанПиН 1.2.3685-21 не установлено.";"";"";""
"0155";"ТРИНИТРОХЛОРБЕНЗОЛ (ПИКРИЛХЛОРИД)";"";"NOT_ESTABLISHED_FOR_TRANSPORT_POSITION";"Отдельное значение для этой транспортной позиции в таблице 2.1 СанПиН 1.2.3685-21 не установлено.";"";"";""
"0159";"ПОРОХ В БРИКЕТАХ (ПАСТА ПОРОХОВАЯ) УВЛАЖНЕННЫЙ с массовой долей воды не менее 25%";"";"NOT_ESTABLISHED_FOR_TRANSPORT_POSITION";"Отдельное значение для этой транспортной позиции в таблице 2.1 СанПиН 1.2.3685-21 не установлено.";"";"";""
"0160";"ПОРОХ БЕЗДЫМНЫЙ";"";"NOT_ESTABLISHED_FOR_TRANSPORT_POSITION";"Отдельное значение для этой транспортной позиции в таблице 2.1 СанПиН 1.2.3685-21 не установлено.";"";"";""
"0161";"ПОРОХ БЕЗДЫМНЫЙ";"";"NOT_ESTABLISHED_FOR_TRANSPORT_POSITION";"Отдельное значение для этой транспортной позиции в таблице 2.1 СанПиН 1.2.3685-21 не установлено.";"";"";""
"0167";"СНАРЯДЫ с разрывным зарядом";"";"NOT_ESTABLISHED_FOR_TRANSPORT_POSITION";"Отдельное значение для этой транспортной позиции в таблице 2.1 СанПиН 1.2.3685-21 не установлено.";"";"";""
"0168";"СНАРЯДЫ с разрывным зарядом";"";"NOT_ESTABLISHED_FOR_TRANSPORT_POSITION";"Отдельное значение для этой транспортной позиции в таблице 2.1 СанПиН 1.2.3685-21 не установлено.";"";"";""
"0169";"СНАРЯДЫ с разрывным зарядом";"";"NOT_ESTABLISHED_FOR_TRANSPORT_POSITION";"Отдельное значение для этой транспортной позиции в таблице 2.1 СанПиН 1.2.3685-21 не установлено.";"";"";""
"0171";"БОЕПРИПАСЫ ОСВЕТИТЕЛЬНЫЕ, снаряженные или не снаряженные разрывным, вышибным или метательным зарядом";"";"NOT_ESTABLISHED_FOR_TRANSPORT_POSITION";"Отдельное значение для этой транспортной позиции в таблице 2.1 СанПиН 1.2.3685-21 не установлено.";"";"";""
"0173";"УСТРОЙСТВА РАСЦЕПЛЕНИЯ ВЗРЫВЧАТЫЕ";"";"NOT_ESTABLISHED_FOR_TRANSPORT_POSITION";"Отдельное значение для этой транспортной позиции в таблице 2.1 СанПиН 1.2.3685-21 не установлено.";"";"";""
"0174";"ЗАКЛЕПКИ ВЗРЫВЧАТЫЕ";"";"NOT_ESTABLISHED_FOR_TRANSPORT_POSITION";"Отдельное значение для этой транспортной позиции в таблице 2.1 СанПиН 1.2.3685-21 не установлено.";"";"";""
"0180";"РАКЕТЫ с разрывным зарядом";"";"NOT_ESTABLISHED_FOR_TRANSPORT_POSITION";"Отдельное значение для этой транспортной позиции в таблице 2.1 СанПиН 1.2.3685-21 не установлено.";"";"";""
"0181";"РАКЕТЫ с разрывным зарядом";"";"NOT_ESTABLISHED_FOR_TRANSPORT_POSITION";"Отдельное значение для этой транспортной позиции в таблице 2.1 СанПиН 1.2.3685-21 не установлено.";"";"";""
"0182";"РАКЕТЫ с разрывным зарядом";"";"NOT_ESTABLISHED_FOR_TRANSPORT_POSITION";"Отдельное значение для этой транспортной позиции в таблице 2.1 СанПиН 1.2.3685-21 не установлено.";"";"";""
"0183";"РАКЕТЫ с инертной головкой";"";"NOT_ESTABLISHED_FOR_TRANSPORT_POSITION";"Отдельное значение для этой транспортной позиции в таблице 2.1 СанПиН 1.2.3685-21 не установлено.";"";"";""
"0186";"ДВИГАТЕЛИ РАКЕТНЫЕ";"";"NOT_ESTABLISHED_FOR_TRANSPORT_POSITION";"Отдельное значение для этой транспортной позиции в таблице 2.1 СанПиН 1.2.3685-21 не установлено.";"";"";""
"0190";"ВЗРЫВЧАТЫХ ВЕЩЕСТВ ОБРАЗЦЫ, кроме инициирующих ВВ";"";"NOT_ESTABLISHED_FOR_TRANSPORT_POSITION";"Отдельное значение для этой транспортной позиции в таблице 2.1 СанПиН 1.2.3685-21 не установлено.";"";"";""
"0191";"УСТРОЙСТВА СИГНАЛЬНЫЕ РУЧНЫЕ";"";"NOT_ESTABLISHED_FOR_TRANSPORT_POSITION";"Отдельное значение для этой транспортной позиции в таблице 2.1 СанПиН 1.2.3685-21 не установлено.";"";"";""
"0192";"ПЕТАРДЫ ЖЕЛЕЗНОДОРОЖНЫЕ ВЗРЫВЧАТЫЕ";"";"NOT_ESTABLISHED_FOR_TRANSPORT_POSITION";"Отдельное значение для этой транспортной позиции в таблице 2.1 СанПиН 1.2.3685-21 не установлено.";"";"";""
"0193";"ПЕТАРДЫ ЖЕЛЕЗНОДОРОЖНЫЕ ВЗРЫВЧАТЫЕ";"";"NOT_ESTABLISHED_FOR_TRANSPORT_POSITION";"Отдельное значение для этой транспортной позиции в таблице 2.1 СанПиН 1.2.3685-21 не установлено.";"";"";""
"0194";"СИГНАЛЫ БЕДСТВИЯ судовые";"";"NOT_ESTABLISHED_FOR_TRANSPORT_POSITION";"Отдельное значение для этой транспортной позиции в таблице 2.1 СанПиН 1.2.3685-21 не установлено.";"";"";""
"0195";"СИГНАЛЫ БЕДСТВИЯ судовые";"";"NOT_ESTABLISHED_FOR_TRANSPORT_POSITION";"Отдельное значение для этой транспортной позиции в таблице 2.1 СанПиН 1.2.3685-21 не установлено.";"";"";""
"0196";"СИГНАЛЫ ДЫМОВЫЕ";"";"NOT_ESTABLISHED_FOR_TRANSPORT_POSITION";"Отдельное значение для этой транспортной позиции в таблице 2.1 СанПиН 1.2.3685-21 не установлено.";"";"";""
"0197";"СИГНАЛЫ ДЫМОВЫЕ";"";"NOT_ESTABLISHED_FOR_TRANSPORT_POSITION";"Отдельное значение для этой транспортной позиции в таблице 2.1 СанПиН 1.2.3685-21 не установлено.";"";"";""
"0204";"СИГНАЛЫ ЗВУКОВЫЕ ВЗРЫВЧАТЫЕ";"";"NOT_ESTABLISHED_FOR_TRANSPORT_POSITION";"Отдельное значение для этой транспортной позиции в таблице 2.1 СанПиН 1.2.3685-21 не установлено.";"";"";""
"0207";"ТЕТРАНИТРОАНИЛИН";"";"NOT_ESTABLISHED_FOR_TRANSPORT_POSITION";"Отдельное значение для этой транспортной позиции в таблице 2.1 СанПиН 1.2.3685-21 не установлено.";"";"";""
"0208";"ТРИНИТРОФЕНИЛМЕТИЛНИТРАМИН (ТЕТРИЛ)";"";"NOT_ESTABLISHED_FOR_TRANSPORT_POSITION";"Отдельное значение для этой транспортной позиции в таблице 2.1 СанПиН 1.2.3685-21 не установлено.";"";"";""
"0209";"ТРИНИТРОТОЛУОЛ (ТНТ) сухой или увлажненный с массовой долей воды менее 30%";"";"NOT_ESTABLISHED_FOR_TRANSPORT_POSITION";"Отдельное значение для этой транспортной позиции в таблице 2.1 СанПиН 1.2.3685-21 не установлено.";"";"";""
"0212";"ТРАССЕРЫ ДЛЯ БОЕПРИПАСОВ";"";"NOT_ESTABLISHED_FOR_TRANSPORT_POSITION";"Отдельное значение для этой транспортной позиции в таблице 2.1 СанПиН 1.2.3685-21 не установлено.";"";"";""
"0213";"ТРИНИТРОАНИЗОЛ";"";"NOT_ESTABLISHED_FOR_TRANSPORT_POSITION";"Отдельное значение для этой транспортной позиции в таблице 2.1 СанПиН 1.2.3685-21 не установлено.";"";"";""
"0214";"ТРИНИТРОБЕНЗОЛ сухой или увлажненный с массовой долей воды менее 30%";"";"NOT_ESTABLISHED_FOR_TRANSPORT_POSITION";"Отдельное значение для этой транспортной позиции в таблице 2.1 СанПиН 1.2.3685-21 не установлено.";"";"";""
"0215";"КИСЛОТА ТРИНИТРОБЕНЗОЙНАЯ сухая или увлажненная с массовой долей воды менее 30%";"";"NOT_ESTABLISHED_FOR_TRANSPORT_POSITION";"Отдельное значение для этой транспортной позиции в таблице 2.1 СанПиН 1.2.3685-21 не установлено.";"";"";""
"0216";"ТРИНИТРО-м-КРЕЗОЛ";"";"NOT_ESTABLISHED_FOR_TRANSPORT_POSITION";"Отдельное значение для этой транспортной позиции в таблице 2.1 СанПиН 1.2.3685-21 не установлено.";"";"";""
"0217";"ТРИНИТРОНАФТАЛИН";"";"NOT_ESTABLISHED_FOR_TRANSPORT_POSITION";"Отдельное значение для этой транспортной позиции в таблице 2.1 СанПиН 1.2.3685-21 не установлено.";"";"";""
"0218";"ТРИНИТРОФЕНЕТОЛ";"";"NOT_ESTABLISHED_FOR_TRANSPORT_POSITION";"Отдельное значение для этой транспортной позиции в таблице 2.1 СанПиН 1.2.3685-21 не установлено.";"";"";""
"0219";"ТРИНИТРОРЕЗОРЦИН (КИСЛОТА СТИФНИНОВАЯ) сухой или увлажненный с массовой долей воды или смеси спирта и воды менее 20%";"";"NOT_ESTABLISHED_FOR_TRANSPORT_POSITION";"Отдельное значение для этой транспортной позиции в таблице 2.1 СанПиН 1.2.3685-21 не установлено.";"";"";""
"0220";"МОЧЕВИНЫ НИТРАТ сухой или увлажненный с массовой долей воды менее 20%";"";"NOT_ESTABLISHED_FOR_TRANSPORT_POSITION";"Отдельное значение для этой транспортной позиции в таблице 2.1 СанПиН 1.2.3685-21 не установлено.";"";"";""
"0221";"БОЕГОЛОВКИ ТОРПЕД с разрывным зарядом";"";"NOT_ESTABLISHED_FOR_TRANSPORT_POSITION";"Отдельное значение для этой транспортной позиции в таблице 2.1 СанПиН 1.2.3685-21 не установлено.";"";"";""
"0222";"АММОНИЯ НИТРАТ";"";"MATCHED_SANPIN_2_1";"6 мг/м³";"180";"Аммоний нитрат с кальцием, магнием дикарбонатом (удобрение КАН) (контроль по нитрату аммония)";"name"
"0224";"БАРИЯ АЗИД сухой или увлаж-ненный с массовой долей воды менее 50%";"";"NOT_ESTABLISHED_FOR_TRANSPORT_POSITION";"Отдельное значение для этой транспортной позиции в таблице 2.1 СанПиН 1.2.3685-21 не установлено.";"";"";""
"0225";"ДЕТОНАТОРЫ ВТОРИЧНЫЕ С ПЕРВИЧНЫМ ДЕТОНАТОРОМ";"";"NOT_ESTABLISHED_FOR_TRANSPORT_POSITION";"Отдельное значение для этой транспортной позиции в таблице 2.1 СанПиН 1.2.3685-21 не установлено.";"";"";""
"0226";"ЦИКЛОТЕТРАМЕТИЛЕНТЕТРАНИТРАМИН (НМХ; ОКТОГЕН) УВЛАЖНЕННЫЙ с массовой долей воды не менее 15%";"";"NOT_ESTABLISHED_FOR_TRANSPORT_POSITION";"Отдельное значение для этой транспортной позиции в таблице 2.1 СанПиН 1.2.3685-21 не установлено.";"";"";""
"0234";"НАТРИЯ ДИНИТРО-о-КРЕЗОЛЯТ сухой или увлажненный с массовой долей воды менее 15%";"";"NOT_ESTABLISHED_FOR_TRANSPORT_POSITION";"Отдельное значение для этой транспортной позиции в таблице 2.1 СанПиН 1.2.3685-21 не установлено.";"";"";""
"0235";"НАТРИЯ ПИКРАМАТ сухой или увлажненный с массовой долей воды менее 20%";"";"NOT_ESTABLISHED_FOR_TRANSPORT_POSITION";"Отдельное значение для этой транспортной позиции в таблице 2.1 СанПиН 1.2.3685-21 не установлено.";"";"";""
"0236";"ЦИРКОНИЯ ПИКРАМАТ сухой или увлажненный с массовой долей воды менее 20%";"";"NOT_ESTABLISHED_FOR_TRANSPORT_POSITION";"Отдельное значение для этой транспортной позиции в таблице 2.1 СанПиН 1.2.3685-21 не установлено.";"";"";""
"0237";"ЗАРЯДЫ КУМУЛЯТИВНЫЕ ГИБКИЕ УДЛИНЕННЫЕ";"";"NOT_ESTABLISHED_FOR_TRANSPORT_POSITION";"Отдельное значение для этой транспортной позиции в таблице 2.1 СанПиН 1.2.3685-21 не установлено.";"";"";""
"0238";"РАКЕТЫ ТРОСОМЕТАТЕЛЬНЫЕ";"";"NOT_ESTABLISHED_FOR_TRANSPORT_POSITION";"Отдельное значение для этой транспортной позиции в таблице 2.1 СанПиН 1.2.3685-21 не установлено.";"";"";""
"0240";"РАКЕТЫ ТРОСОМЕТАТЕЛЬНЫЕ";"";"NOT_ESTABLISHED_FOR_TRANSPORT_POSITION";"Отдельное значение для этой транспортной позиции в таблице 2.1 СанПиН 1.2.3685-21 не установлено.";"";"";""
"0241";"ВЗРЫВЧАТОЕ ВЕЩЕСТВО БРИЗАНТНОЕ, ТИП Е";"";"NOT_ESTABLISHED_FOR_TRANSPORT_POSITION";"Отдельное значение для этой транспортной позиции в таблице 2.1 СанПиН 1.2.3685-21 не установлено.";"";"";""
"0242";"ЗАРЯДЫ МЕТАТЕЛЬНЫЕ ДЛЯ ОРУДИЙ";"";"NOT_ESTABLISHED_FOR_TRANSPORT_POSITION";"Отдельное значение для этой транспортной позиции в таблице 2.1 СанПиН 1.2.3685-21 не установлено.";"";"";""
"0243";"БОЕПРИПАСЫ ЗАЖИГАТЕЛЬНЫЕ С БЕЛЫМ ФОСФОРОМ с разрывным, вышибным или метательным зарядом";"";"NOT_ESTABLISHED_FOR_TRANSPORT_POSITION";"Отдельное значение для этой транспортной позиции в таблице 2.1 СанПиН 1.2.3685-21 не установлено.";"";"";""
"0244";"БОЕПРИПАСЫ ЗАЖИГАТЕЛЬНЫЕ С БЕЛЫМ ФОСФОРОМ с разрывным, вышибным или метательным зарядом";"";"NOT_ESTABLISHED_FOR_TRANSPORT_POSITION";"Отдельное значение для этой транспортной позиции в таблице 2.1 СанПиН 1.2.3685-21 не установлено.";"";"";""
"0245";"БОЕПРИПАСЫ ДЫМОВЫЕ С БЕЛЫМ ФОСФОРОМ с разрывным, вышибным или метательным зарядом";"";"NOT_ESTABLISHED_FOR_TRANSPORT_POSITION";"Отдельное значение для этой транспортной позиции в таблице 2.1 СанПиН 1.2.3685-21 не установлено.";"";"";""
"0246";"БОЕПРИПАСЫ ДЫМОВЫЕ С БЕЛЫМ ФОСФОРОМ с разрывным, вышибным или метательным зарядом";"";"NOT_ESTABLISHED_FOR_TRANSPORT_POSITION";"Отдельное значение для этой транспортной позиции в таблице 2.1 СанПиН 1.2.3685-21 не установлено.";"";"";""
"0247";"БОЕПРИПАСЫ ЗАЖИГАТЕЛЬНЫЕ, снаряженные жидкостью или гелем, с разрывным, вышибным или метательным зарядом";"";"NOT_ESTABLISHED_FOR_TRANSPORT_POSITION";"Отдельное значение для этой транспортной позиции в таблице 2.1 СанПиН 1.2.3685-21 не установлено.";"";"";""
"0248";"УСТРОЙСТВА ВОДОАКТИВИРУЕМЫЕ с разрывным, вышибным или метательным зарядом";"";"NOT_ESTABLISHED_FOR_TRANSPORT_POSITION";"Отдельное значение для этой транспортной позиции в таблице 2.1 СанПиН 1.2.3685-21 не установлено.";"";"";""
"0249";"УСТРОЙСТВА ВОДОАКТИВИРУЕМЫЕ с разрывным, вышибным или метательным зарядом";"";"NOT_ESTABLISHED_FOR_TRANSPORT_POSITION";"Отдельное значение для этой транспортной позиции в таблице 2.1 СанПиН 1.2.3685-21 не установлено.";"";"";""
"0250";"ДВИГАТЕЛИ РАКЕТНЫЕ С ГИПЕРГОЛИЧЕСКОЙ ЖИДКОСТЬЮ с вышибным зарядом или без него";"";"NOT_ESTABLISHED_FOR_TRANSPORT_POSITION";"Отдельное значение для этой транспортной позиции в таблице 2.1 СанПиН 1.2.3685-21 не установлено.";"";"";""
"0254";"БОЕПРИПАСЫ ОСВЕТИТЕЛЬНЫЕ, снаряженные или не снаряженные разрывным, вышибным или метательным зарядом";"";"NOT_ESTABLISHED_FOR_TRANSPORT_POSITION";"Отдельное значение для этой транспортной позиции в таблице 2.1 СанПиН 1.2.3685-21 не установлено.";"";"";""
"0255";"ДЕТОНАТОРЫ ЭЛЕКТРИЧЕСКИЕ для взрывных работ";"";"NOT_ESTABLISHED_FOR_TRANSPORT_POSITION";"Отдельное значение для этой транспортной позиции в таблице 2.1 СанПиН 1.2.3685-21 не установлено.";"";"";""
"0257";"ТРУБКИ ДЕТОНАЦИОННЫЕ";"";"NOT_ESTABLISHED_FOR_TRANSPORT_POSITION";"Отдельное значение для этой транспортной позиции в таблице 2.1 СанПиН 1.2.3685-21 не установлено.";"";"";""
"0266";"ОКТОЛИТ (ОКТОЛ) сухой или увлажненный с массовой долей воды менее 15%";"";"NOT_ESTABLISHED_FOR_TRANSPORT_POSITION";"Отдельное значение для этой транспортной позиции в таблице 2.1 СанПиН 1.2.3685-21 не установлено.";"";"";""
"0267";"ДЕТОНАТОРЫ НЕЭЛЕКТРИЧЕСКИЕ для взрывных работ";"";"NOT_ESTABLISHED_FOR_TRANSPORT_POSITION";"Отдельное значение для этой транспортной позиции в таблице 2.1 СанПиН 1.2.3685-21 не установлено.";"";"";""
"0268";"ДЕТОНАТОРЫ ВТОРИЧНЫЕ С ПЕРВИЧНЫМ ДЕТОНАТОРОМ";"";"NOT_ESTABLISHED_FOR_TRANSPORT_POSITION";"Отдельное значение для этой транспортной позиции в таблице 2.1 СанПиН 1.2.3685-21 не установлено.";"";"";""
"0271";"ЗАРЯДЫ МЕТАТЕЛЬНЫЕ";"";"NOT_ESTABLISHED_FOR_TRANSPORT_POSITION";"Отдельное значение для этой транспортной позиции в таблице 2.1 СанПиН 1.2.3685-21 не установлено.";"";"";""
"0272";"ЗАРЯДЫ МЕТАТЕЛЬНЫЕ";"";"NOT_ESTABLISHED_FOR_TRANSPORT_POSITION";"Отдельное значение для этой транспортной позиции в таблице 2.1 СанПиН 1.2.3685-21 не установлено.";"";"";""
"0275";"ПАТРОНЫ ДЛЯ ЗАПУСКА МЕХАНИЗМОВ";"";"NOT_ESTABLISHED_FOR_TRANSPORT_POSITION";"Отдельное значение для этой транспортной позиции в таблице 2.1 СанПиН 1.2.3685-21 не установлено.";"";"";""
"0276";"ПАТРОНЫ ДЛЯ ЗАПУСКА МЕХАНИЗМОВ";"";"NOT_ESTABLISHED_FOR_TRANSPORT_POSITION";"Отдельное значение для этой транспортной позиции в таблице 2.1 СанПиН 1.2.3685-21 не установлено.";"";"";""
"0277";"ПАТРОНЫ ДЛЯ НЕФТЕСКВАЖИН";"";"NOT_ESTABLISHED_FOR_TRANSPORT_POSITION";"Отдельное значение для этой транспортной позиции в таблице 2.1 СанПиН 1.2.3685-21 не установлено.";"";"";""
"0278";"ПАТРОНЫ ДЛЯ НЕФТЕСКВАЖИН";"";"NOT_ESTABLISHED_FOR_TRANSPORT_POSITION";"Отдельное значение для этой транспортной позиции в таблице 2.1 СанПиН 1.2.3685-21 не установлено.";"";"";""
"0279";"ЗАРЯДЫ МЕТАТЕЛЬНЫЕ ДЛЯ ОРУДИЙ";"";"NOT_ESTABLISHED_FOR_TRANSPORT_POSITION";"Отдельное значение для этой транспортной позиции в таблице 2.1 СанПиН 1.2.3685-21 не установлено.";"";"";""
"0280";"ДВИГАТЕЛИ РАКЕТНЫЕ";"";"NOT_ESTABLISHED_FOR_TRANSPORT_POSITION";"Отдельное значение для этой транспортной позиции в таблице 2.1 СанПиН 1.2.3685-21 не установлено.";"";"";""
"0281";"ДВИГАТЕЛИ РАКЕТНЫЕ";"";"NOT_ESTABLISHED_FOR_TRANSPORT_POSITION";"Отдельное значение для этой транспортной позиции в таблице 2.1 СанПиН 1.2.3685-21 не установлено.";"";"";""
"0282";"НИТРОГУАНИДИН (ПИКРИТ) сухой или увлажненный с массовой долей воды менее 20%";"";"NOT_ESTABLISHED_FOR_TRANSPORT_POSITION";"Отдельное значение для этой транспортной позиции в таблице 2.1 СанПиН 1.2.3685-21 не установлено.";"";"";""
"0283";"ДЕТОНАТОРЫ ВТОРИЧНЫЕ без первичного детонатора";"";"NOT_ESTABLISHED_FOR_TRANSPORT_POSITION";"Отдельное значение для этой транспортной позиции в таблице 2.1 СанПиН 1.2.3685-21 не установлено.";"";"";""
"0284";"ГРАНАТЫ ручные или ружейные с разрывным зарядом";"";"NOT_ESTABLISHED_FOR_TRANSPORT_POSITION";"Отдельное значение для этой транспортной позиции в таблице 2.1 СанПиН 1.2.3685-21 не установлено.";"";"";""
"0285";"ГРАНАТЫ ручные или ружейные с разрывным зарядом";"";"NOT_ESTABLISHED_FOR_TRANSPORT_POSITION";"Отдельное значение для этой транспортной позиции в таблице 2.1 СанПиН 1.2.3685-21 не установлено.";"";"";""
"0286";"БОЕГОЛОВКИ РАКЕТ с разрывным зарядом";"";"NOT_ESTABLISHED_FOR_TRANSPORT_POSITION";"Отдельное значение для этой транспортной позиции в таблице 2.1 СанПиН 1.2.3685-21 не установлено.";"";"";""
"0287";"БОЕГОЛОВКИ РАКЕТ с разрывным зарядом";"";"NOT_ESTABLISHED_FOR_TRANSPORT_POSITION";"Отдельное значение для этой транспортной позиции в таблице 2.1 СанПиН 1.2.3685-21 не установлено.";"";"";""
"0288";"ЗАРЯДЫ КУМУЛЯТИВНЫЕ ГИБКИЕ УДЛИНЕННЫЕ";"";"NOT_ESTABLISHED_FOR_TRANSPORT_POSITION";"Отдельное значение для этой транспортной позиции в таблице 2.1 СанПиН 1.2.3685-21 не установлено.";"";"";""
"0289";"ШНУР ДЕТОНИРУЮЩИЙ гибкий";"";"NOT_ESTABLISHED_FOR_TRANSPORT_POSITION";"Отдельное значение для этой транспортной позиции в таблице 2.1 СанПиН 1.2.3685-21 не установлено.";"";"";""
"0290";"ШНУР (ЗАПАЛ) ДЕТОНИРУЮЩИЙ в металлической оболочке";"";"NOT_ESTABLISHED_FOR_TRANSPORT_POSITION";"Отдельное значение для этой транспортной позиции в таблице 2.1 СанПиН 1.2.3685-21 не установлено.";"";"";""
"0291";"БОМБЫ с разрывным зарядом";"";"NOT_ESTABLISHED_FOR_TRANSPORT_POSITION";"Отдельное значение для этой транспортной позиции в таблице 2.1 СанПиН 1.2.3685-21 не установлено.";"";"";""
"0292";"ГРАНАТЫ ручные или ружейные с разрывным зарядом";"";"NOT_ESTABLISHED_FOR_TRANSPORT_POSITION";"Отдельное значение для этой транспортной позиции в таблице 2.1 СанПиН 1.2.3685-21 не установлено.";"";"";""
"0293";"ГРАНАТЫ ручные или ружейные с разрывным зарядом";"";"NOT_ESTABLISHED_FOR_TRANSPORT_POSITION";"Отдельное значение для этой транспортной позиции в таблице 2.1 СанПиН 1.2.3685-21 не установлено.";"";"";""
"0294";"МИНЫ С РАЗРЫВНЫМ ЗАРЯДОМ";"";"NOT_ESTABLISHED_FOR_TRANSPORT_POSITION";"Отдельное значение для этой транспортной позиции в таблице 2.1 СанПиН 1.2.3685-21 не установлено.";"";"";""
"0295";"РАКЕТЫ с разрывным зарядом";"";"NOT_ESTABLISHED_FOR_TRANSPORT_POSITION";"Отдельное значение для этой транспортной позиции в таблице 2.1 СанПиН 1.2.3685-21 не установлено.";"";"";""
"0296";"СИГНАЛЫ ЗВУКОВЫЕ ВЗРЫВЧАТЫЕ";"";"NOT_ESTABLISHED_FOR_TRANSPORT_POSITION";"Отдельное значение для этой транспортной позиции в таблице 2.1 СанПиН 1.2.3685-21 не установлено.";"";"";""
"0297";"БОЕПРИПАСЫ ОСВЕТИТЕЛЬНЫЕ, снаряженные или не снаря-женные разрывным, вышибным или метательным зарядом";"";"NOT_ESTABLISHED_FOR_TRANSPORT_POSITION";"Отдельное значение для этой транспортной позиции в таблице 2.1 СанПиН 1.2.3685-21 не установлено.";"";"";""
"0299";"ФОТОАВИАБОМБЫ";"";"NOT_ESTABLISHED_FOR_TRANSPORT_POSITION";"Отдельное значение для этой транспортной позиции в таблице 2.1 СанПиН 1.2.3685-21 не установлено.";"";"";""
"0300";"БОЕПРИПАСЫ ЗАЖИГАТЕЛЬНЫЕ, снаряженные или не снаря-женные разрывным, вышибным или метательным зарядом";"";"NOT_ESTABLISHED_FOR_TRANSPORT_POSITION";"Отдельное значение для этой транспортной позиции в таблице 2.1 СанПиН 1.2.3685-21 не установлено.";"";"";""
"0301";"БОЕПРИПАСЫ СЛЕЗОТОЧИВЫЕ с разрывным, вышибным или метательным зарядом";"";"NOT_ESTABLISHED_FOR_TRANSPORT_POSITION";"Отдельное значение для этой транспортной позиции в таблице 2.1 СанПиН 1.2.3685-21 не установлено.";"";"";""
"0303";"БОЕПРИПАСЫ ДЫМОВЫЕ, снаряженные или не снаряженные разрывным, вышибным или мета-тельным зарядом";"";"NOT_ESTABLISHED_FOR_TRANSPORT_POSITION";"Отдельное значение для этой транспортной позиции в таблице 2.1 СанПиН 1.2.3685-21 не установлено.";"";"";""
"0303";"БОЕПРИПАСЫ ДЫМОВЫЕ, снаряженные или не снаряженные разрывным, вышибным или мета-тельным зарядом, содержащие коррозионные вещества";"";"NOT_ESTABLISHED_FOR_TRANSPORT_POSITION";"Отдельное значение для этой транспортной позиции в таблице 2.1 СанПиН 1.2.3685-21 не установлено.";"";"";""
"0303";"БОЕПРИПАСЫ ДЫМОВЫЕ, снаряженные или не снаряженные разрывным, вышибным или мета-тельным зарядом, содержащие токсичные при вдыхании вещества";"";"NOT_ESTABLISHED_FOR_TRANSPORT_POSITION";"Отдельное значение для этой транспортной позиции в таблице 2.1 СанПиН 1.2.3685-21 не установлено.";"";"";""
"0305";"ПОРОХ ДЛЯ ПИРОТЕХНИЧЕСКИХ ИЗДЕЛИЙ";"";"NOT_ESTABLISHED_FOR_TRANSPORT_POSITION";"Единая ПДК не устанавливается: контролируется по компонентному составу.";"";"";""
"0306";"ТРАССЕРЫ ДЛЯ БОЕПРИПАСОВ";"";"NOT_ESTABLISHED_FOR_TRANSPORT_POSITION";"Отдельное значение для этой транспортной позиции в таблице 2.1 СанПиН 1.2.3685-21 не установлено.";"";"";""
"0312";"ПАТРОНЫ СИГНАЛЬНЫЕ";"";"NOT_ESTABLISHED_FOR_TRANSPORT_POSITION";"Отдельное значение для этой транспортной позиции в таблице 2.1 СанПиН 1.2.3685-21 не установлено.";"";"";""
"0313";"СИГНАЛЫ ДЫМОВЫЕ";"";"NOT_ESTABLISHED_FOR_TRANSPORT_POSITION";"Отдельное значение для этой транспортной позиции в таблице 2.1 СанПиН 1.2.3685-21 не установлено.";"";"";""
"0314";"ВОСПЛАМЕНИТЕЛИ";"";"NOT_ESTABLISHED_FOR_TRANSPORT_POSITION";"Отдельное значение для этой транспортной позиции в таблице 2.1 СанПиН 1.2.3685-21 не установлено.";"";"";""
"0315";"ВОСПЛАМЕНИТЕЛИ";"";"NOT_ESTABLISHED_FOR_TRANSPORT_POSITION";"Отдельное значение для этой транспортной позиции в таблице 2.1 СанПиН 1.2.3685-21 не установлено.";"";"";""
"0316";"ТРУБКИ ЗАЖИГАТЕЛЬНЫЕ";"";"NOT_ESTABLISHED_FOR_TRANSPORT_POSITION";"Отдельное значение для этой транспортной позиции в таблице 2.1 СанПиН 1.2.3685-21 не установлено.";"";"";""
"0317";"ТРУБКИ ЗАЖИГАТЕЛЬНЫЕ";"";"NOT_ESTABLISHED_FOR_TRANSPORT_POSITION";"Отдельное значение для этой транспортной позиции в таблице 2.1 СанПиН 1.2.3685-21 не установлено.";"";"";""
"0318";"ГРАНАТЫ ПРАКТИЧЕСКИЕ ручные или ружейные";"";"NOT_ESTABLISHED_FOR_TRANSPORT_POSITION";"Отдельное значение для этой транспортной позиции в таблице 2.1 СанПиН 1.2.3685-21 не установлено.";"";"";""
"0319";"ВТУЛКИ КАПСЮЛЬНЫЕ";"";"NOT_ESTABLISHED_FOR_TRANSPORT_POSITION";"Отдельное значение для этой транспортной позиции в таблице 2.1 СанПиН 1.2.3685-21 не установлено.";"";"";""
"0320";"ВТУЛКИ КАПСЮЛЬНЫЕ";"";"NOT_ESTABLISHED_FOR_TRANSPORT_POSITION";"Отдельное значение для этой транспортной позиции в таблице 2.1 СанПиН 1.2.3685-21 не установлено.";"";"";""
"0321";"ПАТРОНЫ ДЛЯ ОРУЖИЯ с разрывным зарядом";"";"NOT_ESTABLISHED_FOR_TRANSPORT_POSITION";"Отдельное значение для этой транспортной позиции в таблице 2.1 СанПиН 1.2.3685-21 не установлено.";"";"";""
"0322";"ДВИГАТЕЛИ РАКЕТНЫЕ С ГИПЕРГОЛИЧЕСКОЙ ЖИДКОСТЬЮ с вышибным зарядом или без него";"";"NOT_ESTABLISHED_FOR_TRANSPORT_POSITION";"Отдельное значение для этой транспортной позиции в таблице 2.1 СанПиН 1.2.3685-21 не установлено.";"";"";""
"0323";"ПАТРОНЫ ДЛЯ ЗАПУСКА МЕХАНИЗМОВ";"";"NOT_ESTABLISHED_FOR_TRANSPORT_POSITION";"Отдельное значение для этой транспортной позиции в таблице 2.1 СанПиН 1.2.3685-21 не установлено.";"";"";""
"0324";"СНАРЯДЫ с разрывным зарядом";"";"NOT_ESTABLISHED_FOR_TRANSPORT_POSITION";"Отдельное значение для этой транспортной позиции в таблице 2.1 СанПиН 1.2.3685-21 не установлено.";"";"";""
"0325";"ВОСПЛАМЕНИТЕЛИ";"";"NOT_ESTABLISHED_FOR_TRANSPORT_POSITION";"Отдельное значение для этой транспортной позиции в таблице 2.1 СанПиН 1.2.3685-21 не установлено.";"";"";""
"0326";"ПАТРОНЫ ДЛЯ ОРУЖИЯ ХОЛОСТЫЕ";"";"NOT_ESTABLISHED_FOR_TRANSPORT_POSITION";"Отдельное значение для этой транспортной позиции в таблице 2.1 СанПиН 1.2.3685-21 не установлено.";"";"";""
"0327";"ПАТРОНЫ ДЛЯ ОРУЖИЯ ХОЛОСТЫЕ";"";"NOT_ESTABLISHED_FOR_TRANSPORT_POSITION";"Отдельное значение для этой транспортной позиции в таблице 2.1 СанПиН 1.2.3685-21 не установлено.";"";"";""
"0327";"ПАТРОНЫ ДЛЯ СТРЕЛКОВОГО ОРУЖИЯ ХОЛОСТЫЕ";"";"NOT_ESTABLISHED_FOR_TRANSPORT_POSITION";"Отдельное значение для этой транспортной позиции в таблице 2.1 СанПиН 1.2.3685-21 не установлено.";"";"";""
"0328";"ПАТРОНЫ ДЛЯ ОРУЖИЯ С ИНЕРТНЫМ СНАРЯДОМ";"";"NOT_ESTABLISHED_FOR_TRANSPORT_POSITION";"Отдельное значение для этой транспортной позиции в таблице 2.1 СанПиН 1.2.3685-21 не установлено.";"";"";""
"0329";"ТОРПЕДЫ с разрывным зарядом";"";"NOT_ESTABLISHED_FOR_TRANSPORT_POSITION";"Отдельное значение для этой транспортной позиции в таблице 2.1 СанПиН 1.2.3685-21 не установлено.";"";"";""
"0330";"ТОРПЕДЫ с разрывным зарядом";"";"NOT_ESTABLISHED_FOR_TRANSPORT_POSITION";"Отдельное значение для этой транспортной позиции в таблице 2.1 СанПиН 1.2.3685-21 не установлено.";"";"";""
"0331";"ВЗРЫВЧАТОЕ ВЕЩЕСТВО БРИЗАНТНОЕ, ТИП В";"";"NOT_ESTABLISHED_FOR_TRANSPORT_POSITION";"Отдельное значение для этой транспортной позиции в таблице 2.1 СанПиН 1.2.3685-21 не установлено.";"";"";""
"0332";"ВЗРЫВЧАТОЕ ВЕЩЕСТВО БРИЗАНТНОЕ, ТИП Е";"";"NOT_ESTABLISHED_FOR_TRANSPORT_POSITION";"Отдельное значение для этой транспортной позиции в таблице 2.1 СанПиН 1.2.3685-21 не установлено.";"";"";""
"0333";"СРЕДСТВА ПИРОТЕХНИЧЕСКИЕ";"";"NOT_ESTABLISHED_FOR_TRANSPORT_POSITION";"Отдельное значение для этой транспортной позиции в таблице 2.1 СанПиН 1.2.3685-21 не установлено.";"";"";""
"0334";"СРЕДСТВА ПИРОТЕХНИЧЕСКИЕ";"";"NOT_ESTABLISHED_FOR_TRANSPORT_POSITION";"Отдельное значение для этой транспортной позиции в таблице 2.1 СанПиН 1.2.3685-21 не установлено.";"";"";""
"0335";"СРЕДСТВА ПИРОТЕХНИЧЕСКИЕ";"";"NOT_ESTABLISHED_FOR_TRANSPORT_POSITION";"Отдельное значение для этой транспортной позиции в таблице 2.1 СанПиН 1.2.3685-21 не установлено.";"";"";""
"0336";"СРЕДСТВА ПИРОТЕХНИЧЕСКИЕ";"";"NOT_ESTABLISHED_FOR_TRANSPORT_POSITION";"Отдельное значение для этой транспортной позиции в таблице 2.1 СанПиН 1.2.3685-21 не установлено.";"";"";""
"0337";"СРЕДСТВА ПИРОТЕХНИЧЕСКИЕ";"";"NOT_ESTABLISHED_FOR_TRANSPORT_POSITION";"Отдельное значение для этой транспортной позиции в таблице 2.1 СанПиН 1.2.3685-21 не установлено.";"";"";""
"0338";"ПАТРОНЫ ДЛЯ ОРУЖИЯ ХОЛОСТЫЕ";"";"NOT_ESTABLISHED_FOR_TRANSPORT_POSITION";"Отдельное значение для этой транспортной позиции в таблице 2.1 СанПиН 1.2.3685-21 не установлено.";"";"";""
"0338";"ПАТРОНЫ ДЛЯ СТРЕЛКОВОГО ОРУЖИЯ ХОЛОСТЫЕ";"";"NOT_ESTABLISHED_FOR_TRANSPORT_POSITION";"Отдельное значение для этой транспортной позиции в таблице 2.1 СанПиН 1.2.3685-21 не установлено.";"";"";""
"0339";"ПАТРОНЫ ДЛЯ ОРУЖИЯ С ИНЕРТНЫМ СНАРЯДОМ";"";"NOT_ESTABLISHED_FOR_TRANSPORT_POSITION";"Отдельное значение для этой транспортной позиции в таблице 2.1 СанПиН 1.2.3685-21 не установлено.";"";"";""
"0339";"ПАТРОНЫ ДЛЯ СТРЕЛКОВОГО ОРУЖИЯ";"";"NOT_ESTABLISHED_FOR_TRANSPORT_POSITION";"Отдельное значение для этой транспортной позиции в таблице 2.1 СанПиН 1.2.3685-21 не установлено.";"";"";""
"0340";"НИТРОЦЕЛЛЮЛОЗА сухая или увлажненная с массовой долей воды (или спирта) менее 25%";"";"NOT_ESTABLISHED_FOR_TRANSPORT_POSITION";"Отдельное значение для этой транспортной позиции в таблице 2.1 СанПиН 1.2.3685-21 не установлено.";"";"";""
"0341";"НИТРОЦЕЛЛЮЛОЗА немодифицированная или пластифицированная с массовой долей пластификатора менее 18%";"";"NOT_ESTABLISHED_FOR_TRANSPORT_POSITION";"Отдельное значение для этой транспортной позиции в таблице 2.1 СанПиН 1.2.3685-21 не установлено.";"";"";""
"0342";"НИТРОЦЕЛЛЮЛОЗА ПРОПИТАННАЯ с массовой долей спирта не менее 25%";"";"NOT_ESTABLISHED_FOR_TRANSPORT_POSITION";"Отдельное значение для этой транспортной позиции в таблице 2.1 СанПиН 1.2.3685-21 не установлено.";"";"";""
"0343";"НИТРОЦЕЛЛЮЛОЗА ПЛАСТИФИЦИРОВАННАЯ с массовой долей пластификатора не менее 18%";"";"NOT_ESTABLISHED_FOR_TRANSPORT_POSITION";"Отдельное значение для этой транспортной позиции в таблице 2.1 СанПиН 1.2.3685-21 не установлено.";"";"";""
"0344";"СНАРЯДЫ с разрывным зарядом";"";"NOT_ESTABLISHED_FOR_TRANSPORT_POSITION";"Отдельное значение для этой транспортной позиции в таблице 2.1 СанПиН 1.2.3685-21 не установлено.";"";"";""
"0345";"СНАРЯДЫ инертные с трассером";"";"NOT_ESTABLISHED_FOR_TRANSPORT_POSITION";"Отдельное значение для этой транспортной позиции в таблице 2.1 СанПиН 1.2.3685-21 не установлено.";"";"";""
"0346";"СНАРЯДЫ с разрывным или вышибным зарядом";"";"NOT_ESTABLISHED_FOR_TRANSPORT_POSITION";"Отдельное значение для этой транспортной позиции в таблице 2.1 СанПиН 1.2.3685-21 не установлено.";"";"";""
"0347";"СНАРЯДЫ с разрывным или вышибным зарядом";"";"NOT_ESTABLISHED_FOR_TRANSPORT_POSITION";"Отдельное значение для этой транспортной позиции в таблице 2.1 СанПиН 1.2.3685-21 не установлено.";"";"";""
"0348";"ПАТРОНЫ ДЛЯ ОРУЖИЯ с разрывным зарядом";"";"NOT_ESTABLISHED_FOR_TRANSPORT_POSITION";"Отдельное значение для этой транспортной позиции в таблице 2.1 СанПиН 1.2.3685-21 не установлено.";"";"";""
"0349";"ИЗДЕЛИЯ ВЗРЫВЧАТЫЕ, Н.У.К.";"";"NOT_ESTABLISHED_FOR_TRANSPORT_POSITION";"Единая ПДК не устанавливается: контролируется по компонентному составу.";"";"";""
"0350";"ИЗДЕЛИЯ ВЗРЫВЧАТЫЕ, Н.У.К.";"";"NOT_ESTABLISHED_FOR_TRANSPORT_POSITION";"Единая ПДК не устанавливается: контролируется по компонентному составу.";"";"";""
"0351";"ИЗДЕЛИЯ ВЗРЫВЧАТЫЕ, Н.У.К.";"";"NOT_ESTABLISHED_FOR_TRANSPORT_POSITION";"Единая ПДК не устанавливается: контролируется по компонентному составу.";"";"";""
"0352";"ИЗДЕЛИЯ ВЗРЫВЧАТЫЕ, Н.У.К.";"";"NOT_ESTABLISHED_FOR_TRANSPORT_POSITION";"Единая ПДК не устанавливается: контролируется по компонентному составу.";"";"";""
"0353";"ИЗДЕЛИЯ ВЗРЫВЧАТЫЕ, Н.У.К.";"";"NOT_ESTABLISHED_FOR_TRANSPORT_POSITION";"Единая ПДК не устанавливается: контролируется по компонентному составу.";"";"";""
"0354";"ИЗДЕЛИЯ ВЗРЫВЧАТЫЕ, Н.У.К.";"";"NOT_ESTABLISHED_FOR_TRANSPORT_POSITION";"Единая ПДК не устанавливается: контролируется по компонентному составу.";"";"";""
"0355";"ИЗДЕЛИЯ ВЗРЫВЧАТЫЕ, Н.У.К.";"";"NOT_ESTABLISHED_FOR_TRANSPORT_POSITION";"Единая ПДК не устанавливается: контролируется по компонентному составу.";"";"";""
"0356";"ИЗДЕЛИЯ ВЗРЫВЧАТЫЕ, Н.У.К.";"";"NOT_ESTABLISHED_FOR_TRANSPORT_POSITION";"Единая ПДК не устанавливается: контролируется по компонентному составу.";"";"";""
"0357";"ВЕЩЕСТВА ВЗРЫВЧАТЫЕ, Н.У.К.";"";"NOT_ESTABLISHED_FOR_TRANSPORT_POSITION";"Единая ПДК не устанавливается: контролируется по компонентному составу.";"";"";""
"0358";"ВЕЩЕСТВА ВЗРЫВЧАТЫЕ, Н.У.К.";"";"NOT_ESTABLISHED_FOR_TRANSPORT_POSITION";"Единая ПДК не устанавливается: контролируется по компонентному составу.";"";"";""
"0359";"ВЕЩЕСТВА ВЗРЫВЧАТЫЕ, Н.У.К.";"";"NOT_ESTABLISHED_FOR_TRANSPORT_POSITION";"Единая ПДК не устанавливается: контролируется по компонентному составу.";"";"";""
"0360";"СБОРКИ ДЕТОНАТОРОВ НЕЭЛЕКТРИЧЕСКИЕ для взрывных работ";"";"NOT_ESTABLISHED_FOR_TRANSPORT_POSITION";"Отдельное значение для этой транспортной позиции в таблице 2.1 СанПиН 1.2.3685-21 не установлено.";"";"";""
"0361";"СБОРКИ ДЕТОНАТОРОВ НЕЭЛЕКТРИЧЕСКИЕ для взрывных работ";"";"NOT_ESTABLISHED_FOR_TRANSPORT_POSITION";"Отдельное значение для этой транспортной позиции в таблице 2.1 СанПиН 1.2.3685-21 не установлено.";"";"";""
"0362";"БОЕПРИПАСЫ ПРАКТИЧЕСКИЕ";"";"NOT_ESTABLISHED_FOR_TRANSPORT_POSITION";"Отдельное значение для этой транспортной позиции в таблице 2.1 СанПиН 1.2.3685-21 не установлено.";"";"";""
"0363";"БОЕПРИПАСЫ ИСПЫТАТЕЛЬНЫЕ";"";"NOT_ESTABLISHED_FOR_TRANSPORT_POSITION";"Отдельное значение для этой транспортной позиции в таблице 2.1 СанПиН 1.2.3685-21 не установлено.";"";"";""
"0364";"ДЕТОНАТОРЫ ДЛЯ БОЕПРИПАСОВ";"";"NOT_ESTABLISHED_FOR_TRANSPORT_POSITION";"Отдельное значение для этой транспортной позиции в таблице 2.1 СанПиН 1.2.3685-21 не установлено.";"";"";""
"0365";"ДЕТОНАТОРЫ ДЛЯ БОЕПРИПАСОВ";"";"NOT_ESTABLISHED_FOR_TRANSPORT_POSITION";"Отдельное значение для этой транспортной позиции в таблице 2.1 СанПиН 1.2.3685-21 не установлено.";"";"";""
"0366";"ДЕТОНАТОРЫ ДЛЯ БОЕПРИПАСОВ";"";"NOT_ESTABLISHED_FOR_TRANSPORT_POSITION";"Отдельное значение для этой транспортной позиции в таблице 2.1 СанПиН 1.2.3685-21 не установлено.";"";"";""
"0367";"ТРУБКИ ДЕТОНАЦИОННЫЕ";"";"NOT_ESTABLISHED_FOR_TRANSPORT_POSITION";"Отдельное значение для этой транспортной позиции в таблице 2.1 СанПиН 1.2.3685-21 не установлено.";"";"";""
"0368";"ТРУБКИ ЗАЖИГАТЕЛЬНЫЕ";"";"NOT_ESTABLISHED_FOR_TRANSPORT_POSITION";"Отдельное значение для этой транспортной позиции в таблице 2.1 СанПиН 1.2.3685-21 не установлено.";"";"";""
"0369";"БОЕГОЛОВКИ РАКЕТ с разрывным зарядом";"";"NOT_ESTABLISHED_FOR_TRANSPORT_POSITION";"Отдельное значение для этой транспортной позиции в таблице 2.1 СанПиН 1.2.3685-21 не установлено.";"";"";""
"0370";"БОЕГОЛОВКИ РАКЕТ с разрывным или вышибным зарядом";"";"NOT_ESTABLISHED_FOR_TRANSPORT_POSITION";"Отдельное значение для этой транспортной позиции в таблице 2.1 СанПиН 1.2.3685-21 не установлено.";"";"";""
"0371";"БОЕГОЛОВКИ РАКЕТ с разрывным или вышибным зарядом";"";"NOT_ESTABLISHED_FOR_TRANSPORT_POSITION";"Отдельное значение для этой транспортной позиции в таблице 2.1 СанПиН 1.2.3685-21 не установлено.";"";"";""
"0372";"ГРАНАТЫ ПРАКТИЧЕСКИЕ ручные или ружейные";"";"NOT_ESTABLISHED_FOR_TRANSPORT_POSITION";"Отдельное значение для этой транспортной позиции в таблице 2.1 СанПиН 1.2.3685-21 не установлено.";"";"";""
"0373";"УСТРОЙСТВА СИГНАЛЬНЫЕ РУЧНЫЕ";"";"NOT_ESTABLISHED_FOR_TRANSPORT_POSITION";"Отдельное значение для этой транспортной позиции в таблице 2.1 СанПиН 1.2.3685-21 не установлено.";"";"";""
"0374";"СИГНАЛЫ ЗВУКОВЫЕ ВЗРЫВЧАТЫЕ";"";"NOT_ESTABLISHED_FOR_TRANSPORT_POSITION";"Отдельное значение для этой транспортной позиции в таблице 2.1 СанПиН 1.2.3685-21 не установлено.";"";"";""
"0375";"СИГНАЛЫ ЗВУКОВЫЕ ВЗРЫВЧАТЫЕ";"";"NOT_ESTABLISHED_FOR_TRANSPORT_POSITION";"Отдельное значение для этой транспортной позиции в таблице 2.1 СанПиН 1.2.3685-21 не установлено.";"";"";""
"0376";"ВТУЛКИ КАПСЮЛЬНЫЕ";"";"NOT_ESTABLISHED_FOR_TRANSPORT_POSITION";"Отдельное значение для этой транспортной позиции в таблице 2.1 СанПиН 1.2.3685-21 не установлено.";"";"";""
"0377";"КАПСЮЛИ-ВОСПЛАМЕНИТЕЛИ";"";"NOT_ESTABLISHED_FOR_TRANSPORT_POSITION";"Отдельное значение для этой транспортной позиции в таблице 2.1 СанПиН 1.2.3685-21 не установлено.";"";"";""
"0378";"КАПСЮЛИ-ВОСПЛАМЕНИТЕЛИ";"";"NOT_ESTABLISHED_FOR_TRANSPORT_POSITION";"Отдельное значение для этой транспортной позиции в таблице 2.1 СанПиН 1.2.3685-21 не установлено.";"";"";""
"0379";"ГИЛЬЗЫ ПАТРОННЫЕ ПУСТЫЕ С КАПСЮЛЯМИ";"";"NOT_ESTABLISHED_FOR_TRANSPORT_POSITION";"Отдельное значение для этой транспортной позиции в таблице 2.1 СанПиН 1.2.3685-21 не установлено.";"";"";""
"0380";"ИЗДЕЛИЯ ПИРОФОРНЫЕ";"";"NOT_ESTABLISHED_FOR_TRANSPORT_POSITION";"Единая ПДК не устанавливается: контролируется по компонентному составу.";"";"";""
"0381";"ПАТРОНЫ ДЛЯ ЗАПУСКА МЕХАНИЗМОВ";"";"NOT_ESTABLISHED_FOR_TRANSPORT_POSITION";"Отдельное значение для этой транспортной позиции в таблице 2.1 СанПиН 1.2.3685-21 не установлено.";"";"";""
"0382";"ЭЛЕМЕНТЫ ЦЕПИ ВЗРЫВАНИЯ, Н.У.К.";"";"NOT_ESTABLISHED_FOR_TRANSPORT_POSITION";"Единая ПДК не устанавливается: контролируется по компонентному составу.";"";"";""
"0383";"ЭЛЕМЕНТЫ ЦЕПИ ВЗРЫВАНИЯ, Н.У.К.";"";"NOT_ESTABLISHED_FOR_TRANSPORT_POSITION";"Единая ПДК не устанавливается: контролируется по компонентному составу.";"";"";""
"0384";"ЭЛЕМЕНТЫ ЦЕПИ ВЗРЫВАНИЯ, Н.У.К.";"";"NOT_ESTABLISHED_FOR_TRANSPORT_POSITION";"Единая ПДК не устанавливается: контролируется по компонентному составу.";"";"";""
"0385";"5-НИТРОБЕНЗОТРИАЗОЛ";"";"NOT_ESTABLISHED_FOR_TRANSPORT_POSITION";"Отдельное значение для этой транспортной позиции в таблице 2.1 СанПиН 1.2.3685-21 не установлено.";"";"";""
"0386";"КИСЛОТА ТРИНИТРОБЕНЗОЛСУЛЬФОНОВАЯ";"";"NOT_ESTABLISHED_FOR_TRANSPORT_POSITION";"Отдельное значение для этой транспортной позиции в таблице 2.1 СанПиН 1.2.3685-21 не установлено.";"";"";""
"0387";"ТРИНИТРОФТОРЕНОН";"";"NOT_ESTABLISHED_FOR_TRANSPORT_POSITION";"Отдельное значение для этой транспортной позиции в таблице 2.1 СанПиН 1.2.3685-21 не установлено.";"";"";""
"0388";"ТРИНИТРОТОЛУОЛА (ТНТ) И ТРИНИТРОБЕНЗОЛА СМЕСЬ";"";"NOT_ESTABLISHED_FOR_TRANSPORT_POSITION";"Единая ПДК не устанавливается: контролируется по компонентному составу.";"";"";""
"0388";"ТРИНИТРОТОЛУОЛА (ТНТ) И ГЕКСАНИТРОСТИЛЬБЕНА СМЕСЬ";"";"NOT_ESTABLISHED_FOR_TRANSPORT_POSITION";"Единая ПДК не устанавливается: контролируется по компонентному составу.";"";"";""
"0389";"ТРИНИТРОТОЛУОЛА (ТНТ) СМЕСЬ, СОДЕРЖАЩАЯ ТРИНИТРОБЕНЗОЛ И ГЕКСАНИТРОСТИЛЬБЕН";"";"NOT_ESTABLISHED_FOR_TRANSPORT_POSITION";"Единая ПДК не устанавливается: контролируется по компонентному составу.";"";"";""
"0390";"ТРИТОНАЛ";"";"NOT_ESTABLISHED_FOR_TRANSPORT_POSITION";"Отдельное значение для этой транспортной позиции в таблице 2.1 СанПиН 1.2.3685-21 не установлено.";"";"";""
"0391";"ЦИКЛОТРИМЕТИЛЕНТРИНИТРАМИНА (ГЕКСОГЕНА; ЦИКЛОНИТА; RDX) И ЦИКЛОТЕТРАМЕТИЛЕНТЕТРАНИТРАМИНА (НМХ; ОКТОГЕН) СМЕСЬ УВЛАЖНЕННАЯ с массовой долей воды не менее 15%";"";"NOT_ESTABLISHED_FOR_TRANSPORT_POSITION";"Единая ПДК не устанавливается: контролируется по компонентному составу.";"";"";""
"0391";"ЦИКЛОТРИМЕТИЛЕНТРИНИТРАМИНА И ЦИКЛОТЕТРАМЕТИЛЕНТЕТРАНИТРАМИНА СМЕСЬ ДЕСЕНСИБИЛИЗИРОВАННАЯ с массовой долей флегматизатора не менее 10%";"";"NOT_ESTABLISHED_FOR_TRANSPORT_POSITION";"Единая ПДК не устанавливается: контролируется по компонентному составу.";"";"";""
"0392";"ГЕКСАНИТРОСТИЛЬБЕН";"";"NOT_ESTABLISHED_FOR_TRANSPORT_POSITION";"Отдельное значение для этой транспортной позиции в таблице 2.1 СанПиН 1.2.3685-21 не установлено.";"";"";""
"0393";"ГЕКСАТОНАЛ";"";"NOT_ESTABLISHED_FOR_TRANSPORT_POSITION";"Отдельное значение для этой транспортной позиции в таблице 2.1 СанПиН 1.2.3685-21 не установлено.";"";"";""
"0394";"ТРИНИТРОРЕЗОРЦИН (КИСЛОТА СТИФНИНОВАЯ) УВЛАЖНЕННЫЙ с массовой долей воды или смеси спирта и воды не менее 20%";"";"NOT_ESTABLISHED_FOR_TRANSPORT_POSITION";"Отдельное значение для этой транспортной позиции в таблице 2.1 СанПиН 1.2.3685-21 не установлено.";"";"";""
"0395";"ДВИГАТЕЛИ РАКЕТНЫЕ ЖИДКОСТНЫЕ, ЗАПРАВЛЕННЫЕ ТОПЛИВОМ";"";"NOT_ESTABLISHED_FOR_TRANSPORT_POSITION";"Отдельное значение для этой транспортной позиции в таблице 2.1 СанПиН 1.2.3685-21 не установлено.";"";"";""
"0396";"ДВИГАТЕЛИ РАКЕТНЫЕ ЖИДКОСТНЫЕ, ЗАПРАВЛЕННЫЕ ТОПЛИВОМ";"";"NOT_ESTABLISHED_FOR_TRANSPORT_POSITION";"Отдельное значение для этой транспортной позиции в таблице 2.1 СанПиН 1.2.3685-21 не установлено.";"";"";""
"0397";"РАКЕТЫ, ЗАПРАВЛЕННЫЕ ЖИДКИМ ТОПЛИВОМ, с разрывным зарядом";"";"NOT_ESTABLISHED_FOR_TRANSPORT_POSITION";"Отдельное значение для этой транспортной позиции в таблице 2.1 СанПиН 1.2.3685-21 не установлено.";"";"";""
"0398";"РАКЕТЫ, ЗАПРАВЛЕННЫЕ ЖИДКИМ ТОПЛИВОМ, с разрывным зарядом";"";"NOT_ESTABLISHED_FOR_TRANSPORT_POSITION";"Отдельное значение для этой транспортной позиции в таблице 2.1 СанПиН 1.2.3685-21 не установлено.";"";"";""
"0399";"БОМБЫ С ЛЕГКОВОСПЛАМЕНЯЮЩЕЙСЯ ЖИДКОСТЬЮ с разрывным зарядом";"";"NOT_ESTABLISHED_FOR_TRANSPORT_POSITION";"Отдельное значение для этой транспортной позиции в таблице 2.1 СанПиН 1.2.3685-21 не установлено.";"";"";""
"0400";"БОМБЫ С ЛЕГКОВОСПЛАМЕНЯЮЩЕЙСЯ ЖИДКОСТЬЮ с разрывным зарядом";"";"NOT_ESTABLISHED_FOR_TRANSPORT_POSITION";"Отдельное значение для этой транспортной позиции в таблице 2.1 СанПиН 1.2.3685-21 не установлено.";"";"";""
"0401";"ДИПИКРИЛСУЛЬФИД сухой или увлажненный с массовой долей воды менее 10%";"";"NOT_ESTABLISHED_FOR_TRANSPORT_POSITION";"Отдельное значение для этой транспортной позиции в таблице 2.1 СанПиН 1.2.3685-21 не установлено.";"";"";""
"0402";"АММОНИЯ ПЕРХЛОРАТ";"";"NOT_ESTABLISHED_FOR_TRANSPORT_POSITION";"Отдельное значение для этой транспортной позиции в таблице 2.1 СанПиН 1.2.3685-21 не установлено.";"";"";""
"0403";"РАКЕТЫ ОСВЕТИТЕЛЬНЫЕ АВИАЦИОННЫЕ";"";"NOT_ESTABLISHED_FOR_TRANSPORT_POSITION";"Отдельное значение для этой транспортной позиции в таблице 2.1 СанПиН 1.2.3685-21 не установлено.";"";"";""
"0404";"РАКЕТЫ ОСВЕТИТЕЛЬНЫЕ АВИАЦИОННЫЕ";"";"NOT_ESTABLISHED_FOR_TRANSPORT_POSITION";"Отдельное значение для этой транспортной позиции в таблице 2.1 СанПиН 1.2.3685-21 не установлено.";"";"";""
"0405";"ПАТРОНЫ СИГНАЛЬНЫЕ";"";"NOT_ESTABLISHED_FOR_TRANSPORT_POSITION";"Отдельное значение для этой транспортной позиции в таблице 2.1 СанПиН 1.2.3685-21 не установлено.";"";"";""
"0406";"ДИНИТРОЗОБЕНЗОЛ";"";"NOT_ESTABLISHED_FOR_TRANSPORT_POSITION";"Отдельное значение для этой транспортной позиции в таблице 2.1 СанПиН 1.2.3685-21 не установлено.";"";"";""
"0407";"КИСЛОТА ТЕТРАЗОЛ-1-УКСУСНАЯ";"";"NOT_ESTABLISHED_FOR_TRANSPORT_POSITION";"Отдельное значение для этой транспортной позиции в таблице 2.1 СанПиН 1.2.3685-21 не установлено.";"";"";""
"0408";"ТРУБКИ ДЕТОНАЦИОННЫЕ с защитными элементами";"";"NOT_ESTABLISHED_FOR_TRANSPORT_POSITION";"Отдельное значение для этой транспортной позиции в таблице 2.1 СанПиН 1.2.3685-21 не установлено.";"";"";""
"0409";"ТРУБКИ ДЕТОНАЦИОННЫЕ с защитными элементами";"";"NOT_ESTABLISHED_FOR_TRANSPORT_POSITION";"Отдельное значение для этой транспортной позиции в таблице 2.1 СанПиН 1.2.3685-21 не установлено.";"";"";""
"0410";"ТРУБКИ ДЕТОНАЦИОННЫЕ с защитными элементами";"";"NOT_ESTABLISHED_FOR_TRANSPORT_POSITION";"Отдельное значение для этой транспортной позиции в таблице 2.1 СанПиН 1.2.3685-21 не установлено.";"";"";""
"0411";"ПЕНТАЭРИТРИТТЕТРАНИТРАТ (ПЕНТАЭРИТРОЛТЕТРАНИТРАТ; ПЭТН) с массовой долей парафина не менее 7%";"";"NOT_ESTABLISHED_FOR_TRANSPORT_POSITION";"Отдельное значение для этой транспортной позиции в таблице 2.1 СанПиН 1.2.3685-21 не установлено.";"";"";""
"0412";"ПАТРОНЫ ДЛЯ ОРУЖИЯ с разрывным зарядом";"";"NOT_ESTABLISHED_FOR_TRANSPORT_POSITION";"Отдельное значение для этой транспортной позиции в таблице 2.1 СанПиН 1.2.3685-21 не установлено.";"";"";""
"0413";"ПАТРОНЫ ДЛЯ ОРУЖИЯ ХОЛОСТЫЕ";"";"NOT_ESTABLISHED_FOR_TRANSPORT_POSITION";"Отдельное значение для этой транспортной позиции в таблице 2.1 СанПиН 1.2.3685-21 не установлено.";"";"";""
"0414";"ЗАРЯДЫ МЕТАТЕЛЬНЫЕ ДЛЯ ОРУДИЙ";"";"NOT_ESTABLISHED_FOR_TRANSPORT_POSITION";"Отдельное значение для этой транспортной позиции в таблице 2.1 СанПиН 1.2.3685-21 не установлено.";"";"";""
"0415";"ЗАРЯДЫ МЕТАТЕЛЬНЫЕ";"";"NOT_ESTABLISHED_FOR_TRANSPORT_POSITION";"Отдельное значение для этой транспортной позиции в таблице 2.1 СанПиН 1.2.3685-21 не установлено.";"";"";""
"0417";"ПАТРОНЫ ДЛЯ ОРУЖИЯ С ИНЕРТНЫМ СНАРЯДОМ";"";"NOT_ESTABLISHED_FOR_TRANSPORT_POSITION";"Отдельное значение для этой транспортной позиции в таблице 2.1 СанПиН 1.2.3685-21 не установлено.";"";"";""
"0417";"ПАТРОНЫ ДЛЯ СТРЕЛКОВОГО ОРУЖИЯ";"";"NOT_ESTABLISHED_FOR_TRANSPORT_POSITION";"Отдельное значение для этой транспортной позиции в таблице 2.1 СанПиН 1.2.3685-21 не установлено.";"";"";""
"0418";"РАКЕТЫ ОСВЕТИТЕЛЬНЫЕ, ЗАПУСКАЕМЫЕ С ЗЕМЛИ";"";"NOT_ESTABLISHED_FOR_TRANSPORT_POSITION";"Отдельное значение для этой транспортной позиции в таблице 2.1 СанПиН 1.2.3685-21 не установлено.";"";"";""
"0419";"РАКЕТЫ ОСВЕТИТЕЛЬНЫЕ, ЗАПУСКАЕМЫЕ С ЗЕМЛИ";"";"NOT_ESTABLISHED_FOR_TRANSPORT_POSITION";"Отдельное значение для этой транспортной позиции в таблице 2.1 СанПиН 1.2.3685-21 не установлено.";"";"";""
"0420";"РАКЕТЫ ОСВЕТИТЕЛЬНЫЕ АВИАЦИОННЫЕ";"";"NOT_ESTABLISHED_FOR_TRANSPORT_POSITION";"Отдельное значение для этой транспортной позиции в таблице 2.1 СанПиН 1.2.3685-21 не установлено.";"";"";""
"0421";"РАКЕТЫ ОСВЕТИТЕЛЬНЫЕ АВИАЦИОННЫЕ";"";"NOT_ESTABLISHED_FOR_TRANSPORT_POSITION";"Отдельное значение для этой транспортной позиции в таблице 2.1 СанПиН 1.2.3685-21 не установлено.";"";"";""
"0424";"СНАРЯДЫ инертные с трассером";"";"NOT_ESTABLISHED_FOR_TRANSPORT_POSITION";"Отдельное значение для этой транспортной позиции в таблице 2.1 СанПиН 1.2.3685-21 не установлено.";"";"";""
"0425";"СНАРЯДЫ инертные с трассером";"";"NOT_ESTABLISHED_FOR_TRANSPORT_POSITION";"Отдельное значение для этой транспортной позиции в таблице 2.1 СанПиН 1.2.3685-21 не установлено.";"";"";""
"0426";"СНАРЯДЫ с разрывным или вышибным зарядом";"";"NOT_ESTABLISHED_FOR_TRANSPORT_POSITION";"Отдельное значение для этой транспортной позиции в таблице 2.1 СанПиН 1.2.3685-21 не установлено.";"";"";""
"0427";"СНАРЯДЫ с разрывным или вышибным зарядом";"";"NOT_ESTABLISHED_FOR_TRANSPORT_POSITION";"Отдельное значение для этой транспортной позиции в таблице 2.1 СанПиН 1.2.3685-21 не установлено.";"";"";""
"0428";"ИЗДЕЛИЯ ПИРОТЕХНИЧЕСКИЕ для технических целей";"";"NOT_ESTABLISHED_FOR_TRANSPORT_POSITION";"Единая ПДК не устанавливается: контролируется по компонентному составу.";"";"";""
"0429";"ИЗДЕЛИЯ ПИРОТЕХНИЧЕСКИЕ для технических целей";"";"NOT_ESTABLISHED_FOR_TRANSPORT_POSITION";"Единая ПДК не устанавливается: контролируется по компонентному составу.";"";"";""
"0430";"ИЗДЕЛИЯ ПИРОТЕХНИЧЕСКИЕ для технических целей";"";"NOT_ESTABLISHED_FOR_TRANSPORT_POSITION";"Единая ПДК не устанавливается: контролируется по компонентному составу.";"";"";""
"0431";"ИЗДЕЛИЯ ПИРОТЕХНИЧЕСКИЕ для технических целей";"";"NOT_ESTABLISHED_FOR_TRANSPORT_POSITION";"Единая ПДК не устанавливается: контролируется по компонентному составу.";"";"";""
"0432";"ИЗДЕЛИЯ ПИРОТЕХНИЧЕСКИЕ для технических целей";"";"NOT_ESTABLISHED_FOR_TRANSPORT_POSITION";"Единая ПДК не устанавливается: контролируется по компонентному составу.";"";"";""
"0433";"ПОРОХ В БРИКЕТАХ (ПАСТА ПОРОХОВАЯ), УВЛАЖНЕННЫЙ с массовой долей спирта не менее 17%";"";"NOT_ESTABLISHED_FOR_TRANSPORT_POSITION";"Отдельное значение для этой транспортной позиции в таблице 2.1 СанПиН 1.2.3685-21 не установлено.";"";"";""
"0434";"СНАРЯДЫ с разрывным или вышибным зарядом";"";"NOT_ESTABLISHED_FOR_TRANSPORT_POSITION";"Отдельное значение для этой транспортной позиции в таблице 2.1 СанПиН 1.2.3685-21 не установлено.";"";"";""
"0435";"СНАРЯДЫ с разрывным или вышибным зарядом";"";"NOT_ESTABLISHED_FOR_TRANSPORT_POSITION";"Отдельное значение для этой транспортной позиции в таблице 2.1 СанПиН 1.2.3685-21 не установлено.";"";"";""
"0436";"РАКЕТЫ с вышибным зарядом";"";"NOT_ESTABLISHED_FOR_TRANSPORT_POSITION";"Отдельное значение для этой транспортной позиции в таблице 2.1 СанПиН 1.2.3685-21 не установлено.";"";"";""
"0437";"РАКЕТЫ с вышибным зарядом";"";"NOT_ESTABLISHED_FOR_TRANSPORT_POSITION";"Отдельное значение для этой транспортной позиции в таблице 2.1 СанПиН 1.2.3685-21 не установлено.";"";"";""
"0438";"РАКЕТЫ с вышибным зарядом";"";"NOT_ESTABLISHED_FOR_TRANSPORT_POSITION";"Отдельное значение для этой транспортной позиции в таблице 2.1 СанПиН 1.2.3685-21 не установлено.";"";"";""
"0439";"ЗАРЯДЫ КУМУЛЯТИВНЫЕ без детонатора";"";"NOT_ESTABLISHED_FOR_TRANSPORT_POSITION";"Отдельное значение для этой транспортной позиции в таблице 2.1 СанПиН 1.2.3685-21 не установлено.";"";"";""
"0440";"ЗАРЯДЫ КУМУЛЯТИВНЫЕ без детонатора";"";"NOT_ESTABLISHED_FOR_TRANSPORT_POSITION";"Отдельное значение для этой транспортной позиции в таблице 2.1 СанПиН 1.2.3685-21 не установлено.";"";"";""
"0441";"ЗАРЯДЫ КУМУЛЯТИВНЫЕ без детонатора";"";"NOT_ESTABLISHED_FOR_TRANSPORT_POSITION";"Отдельное значение для этой транспортной позиции в таблице 2.1 СанПиН 1.2.3685-21 не установлено.";"";"";""
"0442";"ЗАРЯДЫ ВЗРЫВЧАТЫЕ ПРОМЫШЛЕННЫЕ без детонатора";"";"NOT_ESTABLISHED_FOR_TRANSPORT_POSITION";"Отдельное значение для этой транспортной позиции в таблице 2.1 СанПиН 1.2.3685-21 не установлено.";"";"";""
"0443";"ЗАРЯДЫ ВЗРЫВЧАТЫЕ ПРОМЫШЛЕННЫЕ без детонатора";"";"NOT_ESTABLISHED_FOR_TRANSPORT_POSITION";"Отдельное значение для этой транспортной позиции в таблице 2.1 СанПиН 1.2.3685-21 не установлено.";"";"";""
"0444";"ЗАРЯДЫ ВЗРЫВЧАТЫЕ ПРОМЫШЛЕННЫЕ без детонатора";"";"NOT_ESTABLISHED_FOR_TRANSPORT_POSITION";"Отдельное значение для этой транспортной позиции в таблице 2.1 СанПиН 1.2.3685-21 не установлено.";"";"";""
"0445";"ЗАРЯДЫ ВЗРЫВЧАТЫЕ ПРОМЫШЛЕННЫЕ без детонатора";"";"NOT_ESTABLISHED_FOR_TRANSPORT_POSITION";"Отдельное значение для этой транспортной позиции в таблице 2.1 СанПиН 1.2.3685-21 не установлено.";"";"";""
"0446";"ГИЛЬЗЫ СГОРАЕМЫЕ ПУСТЫЕ БЕЗ КАПСЮЛЯ";"";"NOT_ESTABLISHED_FOR_TRANSPORT_POSITION";"Отдельное значение для этой транспортной позиции в таблице 2.1 СанПиН 1.2.3685-21 не установлено.";"";"";""
"0447";"ГИЛЬЗЫ СГОРАЕМЫЕ ПУСТЫЕ БЕЗ КАПСЮЛЯ";"";"NOT_ESTABLISHED_FOR_TRANSPORT_POSITION";"Отдельное значение для этой транспортной позиции в таблице 2.1 СанПиН 1.2.3685-21 не установлено.";"";"";""
"0448";"КИСЛОТА 5-МЕРКАПТОТЕТРАЗОЛ-1-УКСУСНАЯ";"";"NOT_ESTABLISHED_FOR_TRANSPORT_POSITION";"Отдельное значение для этой транспортной позиции в таблице 2.1 СанПиН 1.2.3685-21 не установлено.";"";"";""
"0449";"ТОРПЕДЫ С ЖИДКИМ ТОПЛИВОМ, снаряженные или не снаряженные разрывным зарядом";"";"NOT_ESTABLISHED_FOR_TRANSPORT_POSITION";"Отдельное значение для этой транспортной позиции в таблице 2.1 СанПиН 1.2.3685-21 не установлено.";"";"";""
"0450";"ТОРПЕДЫ С ЖИДКИМ ТОПЛИВОМ с инертной головкой";"";"NOT_ESTABLISHED_FOR_TRANSPORT_POSITION";"Отдельное значение для этой транспортной позиции в таблице 2.1 СанПиН 1.2.3685-21 не установлено.";"";"";""
"0451";"ТОРПЕДЫ с разрывным зарядом";"";"NOT_ESTABLISHED_FOR_TRANSPORT_POSITION";"Отдельное значение для этой транспортной позиции в таблице 2.1 СанПиН 1.2.3685-21 не установлено.";"";"";""
"0452";"ГРАНАТЫ ПРАКТИЧЕСКИЕ ручные или ружейные";"";"NOT_ESTABLISHED_FOR_TRANSPORT_POSITION";"Отдельное значение для этой транспортной позиции в таблице 2.1 СанПиН 1.2.3685-21 не установлено.";"";"";""
"0453";"РАКЕТЫ ТРОСОМЕТАТЕЛЬНЫЕ";"";"NOT_ESTABLISHED_FOR_TRANSPORT_POSITION";"Отдельное значение для этой транспортной позиции в таблице 2.1 СанПиН 1.2.3685-21 не установлено.";"";"";""
"0454";"ВОСПЛАМЕНИТЕЛИ";"";"NOT_ESTABLISHED_FOR_TRANSPORT_POSITION";"Отдельное значение для этой транспортной позиции в таблице 2.1 СанПиН 1.2.3685-21 не установлено.";"";"";""
"0455";"ДЕТОНАТОРЫ НЕЭЛЕКТРИЧЕСКИЕ для взрывных работ";"";"NOT_ESTABLISHED_FOR_TRANSPORT_POSITION";"Отдельное значение для этой транспортной позиции в таблице 2.1 СанПиН 1.2.3685-21 не установлено.";"";"";""
"0456";"ДЕТОНАТОРЫ ЭЛЕКТРИЧЕ СКИЕ для взрывных работ";"";"NOT_ESTABLISHED_FOR_TRANSPORT_POSITION";"Отдельное значение для этой транспортной позиции в таблице 2.1 СанПиН 1.2.3685-21 не установлено.";"";"";""
"0457";"ЗАРЯДЫ РАЗРЫВНЫЕ ПЛАСТИФИЦИРОВАННЫЕ";"";"NOT_ESTABLISHED_FOR_TRANSPORT_POSITION";"Отдельное значение для этой транспортной позиции в таблице 2.1 СанПиН 1.2.3685-21 не установлено.";"";"";""
"0458";"ЗАРЯДЫ РАЗРЫВНЫЕ ПЛАСТИФИЦИРОВАННЫЕ";"";"NOT_ESTABLISHED_FOR_TRANSPORT_POSITION";"Отдельное значение для этой транспортной позиции в таблице 2.1 СанПиН 1.2.3685-21 не установлено.";"";"";""
"0459";"ЗАРЯДЫ РАЗРЫВНЫЕ ПЛАСТИФИЦИРОВАННЫЕ";"";"NOT_ESTABLISHED_FOR_TRANSPORT_POSITION";"Отдельное значение для этой транспортной позиции в таблице 2.1 СанПиН 1.2.3685-21 не установлено.";"";"";""
"0460";"ЗАРЯДЫ РАЗРЫВНЫЕ ПЛАСТИФИЦИРОВАННЫЕ";"";"NOT_ESTABLISHED_FOR_TRANSPORT_POSITION";"Отдельное значение для этой транспортной позиции в таблице 2.1 СанПиН 1.2.3685-21 не установлено.";"";"";""
"0461";"ЭЛЕМЕНТЫ ЦЕПИ ВЗРЫВАНИЯ, Н.У.К.";"";"NOT_ESTABLISHED_FOR_TRANSPORT_POSITION";"Единая ПДК не устанавливается: контролируется по компонентному составу.";"";"";""
"0462";"ВЗРЫВЧАТЫЕ ИЗДЕЛИЯ, Н.У.К.";"";"NOT_ESTABLISHED_FOR_TRANSPORT_POSITION";"Единая ПДК не устанавливается: контролируется по компонентному составу.";"";"";""
"0463";"ВЗРЫВЧАТЫЕ ИЗДЕЛИЯ, Н.У.К.";"";"NOT_ESTABLISHED_FOR_TRANSPORT_POSITION";"Единая ПДК не устанавливается: контролируется по компонентному составу.";"";"";""
"0464";"ВЗРЫВЧАТЫЕ ИЗДЕЛИЯ, Н.У.К.";"";"NOT_ESTABLISHED_FOR_TRANSPORT_POSITION";"Единая ПДК не устанавливается: контролируется по компонентному составу.";"";"";""
"0465";"ВЗРЫВЧАТЫЕ ИЗДЕЛИЯ, Н.У.К.";"";"NOT_ESTABLISHED_FOR_TRANSPORT_POSITION";"Единая ПДК не устанавливается: контролируется по компонентному составу.";"";"";""
"0466";"ВЗРЫВЧАТЫЕ ИЗДЕЛИЯ, Н.У.К.";"";"NOT_ESTABLISHED_FOR_TRANSPORT_POSITION";"Единая ПДК не устанавливается: контролируется по компонентному составу.";"";"";""
"0467";"ВЗРЫВЧАТЫЕ ИЗДЕЛИЯ, Н.У.К.";"";"NOT_ESTABLISHED_FOR_TRANSPORT_POSITION";"Единая ПДК не устанавливается: контролируется по компонентному составу.";"";"";""
"0468";"ВЗРЫВЧАТЫЕ ИЗДЕЛИЯ, Н.У.К.";"";"NOT_ESTABLISHED_FOR_TRANSPORT_POSITION";"Единая ПДК не устанавливается: контролируется по компонентному составу.";"";"";""
"0469";"ВЗРЫВЧАТЫЕ ИЗДЕЛИЯ, Н.У.К.";"";"NOT_ESTABLISHED_FOR_TRANSPORT_POSITION";"Единая ПДК не устанавливается: контролируется по компонентному составу.";"";"";""
"0470";"ВЗРЫВЧАТЫЕ ИЗДЕЛИЯ, Н.У.К.";"";"NOT_ESTABLISHED_FOR_TRANSPORT_POSITION";"Единая ПДК не устанавливается: контролируется по компонентному составу.";"";"";""
"0471";"ВЗРЫВЧАТЫЕ ИЗДЕЛИЯ, Н.У.К.";"";"NOT_ESTABLISHED_FOR_TRANSPORT_POSITION";"Единая ПДК не устанавливается: контролируется по компонентному составу.";"";"";""
"0472";"ВЗРЫВЧАТЫЕ ИЗДЕЛИЯ, Н.У.К.";"";"NOT_ESTABLISHED_FOR_TRANSPORT_POSITION";"Единая ПДК не устанавливается: контролируется по компонентному составу.";"";"";""
"0473";"ВЗРЫВЧАТЫЕ ВЕЩЕСТВА, Н.У.К.";"";"NOT_ESTABLISHED_FOR_TRANSPORT_POSITION";"Единая ПДК не устанавливается: контролируется по компонентному составу.";"";"";""
"0474";"ВЗРЫВЧАТЫЕ ВЕЩЕСТВА, Н.У.К.";"";"NOT_ESTABLISHED_FOR_TRANSPORT_POSITION";"Единая ПДК не устанавливается: контролируется по компонентному составу.";"";"";""
"0475";"ВЗРЫВЧАТЫЕ ВЕЩЕСТВА, Н.У.К.";"";"NOT_ESTABLISHED_FOR_TRANSPORT_POSITION";"Единая ПДК не устанавливается: контролируется по компонентному составу.";"";"";""
"0476";"ВЗРЫВЧАТЫЕ ВЕЩЕСТВА, Н.У.К.";"";"NOT_ESTABLISHED_FOR_TRANSPORT_POSITION";"Единая ПДК не устанавливается: контролируется по компонентному составу.";"";"";""
"0477";"ВЗРЫВЧАТЫЕ ВЕЩЕСТВА, Н.У.К.";"";"NOT_ESTABLISHED_FOR_TRANSPORT_POSITION";"Единая ПДК не устанавливается: контролируется по компонентному составу.";"";"";""
"0478";"ВЗРЫВЧАТЫЕ ВЕЩЕСТВА, Н.У.К.";"";"NOT_ESTABLISHED_FOR_TRANSPORT_POSITION";"Единая ПДК не устанавливается: контролируется по компонентному составу.";"";"";""
"0479";"ВЗРЫВЧАТЫЕ ВЕЩЕСТВА, Н.У.К.";"";"NOT_ESTABLISHED_FOR_TRANSPORT_POSITION";"Единая ПДК не устанавливается: контролируется по компонентному составу.";"";"";""
"0480";"ВЗРЫВЧАТЫЕ ВЕЩЕСТВА, Н.У.К.";"";"NOT_ESTABLISHED_FOR_TRANSPORT_POSITION";"Единая ПДК не устанавливается: контролируется по компонентному составу.";"";"";""
"0481";"ВЗРЫВЧАТЫЕ ВЕЩЕСТВА, Н.У.К.";"";"NOT_ESTABLISHED_FOR_TRANSPORT_POSITION";"Единая ПДК не устанавливается: контролируется по компонентному составу.";"";"";""
"0482";"ВЗРЫВЧАТЫЕ ВЕЩЕСТВА ОЧЕНЬ НИЗКОЙ ЧУВСТВИТЕЛЬНОСТИ (ВЗРЫВЧАТЫЕ ВЕЩЕСТВА ОНЧ), Н.У.К.";"";"NOT_ESTABLISHED_FOR_TRANSPORT_POSITION";"Единая ПДК не устанавливается: контролируется по компонентному составу.";"";"";""
"0483";"ЦИКЛОТРИМЕТИЛЕНТРИНИТРАМИН (ГЕКСОГЕН; ЦИКЛОНИТ; RDX) ДЕСЕНСИБИЛИЗИРОВАННЫЙ";"";"NOT_ESTABLISHED_FOR_TRANSPORT_POSITION";"Отдельное значение для этой транспортной позиции в таблице 2.1 СанПиН 1.2.3685-21 не установлено.";"";"";""
"0484";"ЦИКЛОТЕТРАМЕТИЛЕНТЕТРАНИТРАМИН (ОКТОГЕН; НМХ) ДЕСЕНСИБИЛИЗИРОВАННЫЙ";"";"NOT_ESTABLISHED_FOR_TRANSPORT_POSITION";"Отдельное значение для этой транспортной позиции в таблице 2.1 СанПиН 1.2.3685-21 не установлено.";"";"";""
"0485";"ВЕЩЕСТВА ВЗРЫВЧАТЫЕ, Н.У.К.";"";"NOT_ESTABLISHED_FOR_TRANSPORT_POSITION";"Единая ПДК не устанавливается: контролируется по компонентному составу.";"";"";""
"0486";"ВЗРЫВЧАТЫЕ ИЗДЕЛИЯ ЧРЕЗВЫЧАЙНО НИЗКОЙ ЧУВСТВИТЕЛЬНОСТИ (ВЗРЫВЧАТЫЕ ИЗДЕЛИЯ ЧНЧ)";"";"NOT_ESTABLISHED_FOR_TRANSPORT_POSITION";"Единая ПДК не устанавливается: контролируется по компонентному составу.";"";"";""
"0487";"СИГНАЛЫ ДЫМОВЫЕ";"";"NOT_ESTABLISHED_FOR_TRANSPORT_POSITION";"Отдельное значение для этой транспортной позиции в таблице 2.1 СанПиН 1.2.3685-21 не установлено.";"";"";""
"0488";"БОЕПРИПАСЫ ПРАКТИЧЕСКИЕ";"";"NOT_ESTABLISHED_FOR_TRANSPORT_POSITION";"Отдельное значение для этой транспортной позиции в таблице 2.1 СанПиН 1.2.3685-21 не установлено.";"";"";""
"0489";"ДИНИТРОГЛИКОЛЬУРИЛ (ДИНГУ)";"";"NOT_ESTABLISHED_FOR_TRANSPORT_POSITION";"Отдельное значение для этой транспортной позиции в таблице 2.1 СанПиН 1.2.3685-21 не установлено.";"";"";""
"0490";"НИТРОТРИАЗОЛОН (НТО)";"";"NOT_ESTABLISHED_FOR_TRANSPORT_POSITION";"Отдельное значение для этой транспортной позиции в таблице 2.1 СанПиН 1.2.3685-21 не установлено.";"";"";""
"0491";"ЗАРЯДЫ МЕТАТЕЛЬНЫЕ";"";"NOT_ESTABLISHED_FOR_TRANSPORT_POSITION";"Отдельное значение для этой транспортной позиции в таблице 2.1 СанПиН 1.2.3685-21 не установлено.";"";"";""
"0492";"ПЕТАРДЫ ЖЕЛЕЗНОДОРОЖНЫЕ ВЗРЫВЧАТЫЕ";"";"NOT_ESTABLISHED_FOR_TRANSPORT_POSITION";"Отдельное значение для этой транспортной позиции в таблице 2.1 СанПиН 1.2.3685-21 не установлено.";"";"";""
"0493";"ПЕТАРДЫ ЖЕЛЕЗНОДОРОЖНЫЕ ВЗРЫВЧАТЫЕ";"";"NOT_ESTABLISHED_FOR_TRANSPORT_POSITION";"Отдельное значение для этой транспортной позиции в таблице 2.1 СанПиН 1.2.3685-21 не установлено.";"";"";""
"0494";"СНАРЯДЫ ПЕРФОРАТОРНЫЕ для нефтескважин без детонатора";"";"NOT_ESTABLISHED_FOR_TRANSPORT_POSITION";"Отдельное значение для этой транспортной позиции в таблице 2.1 СанПиН 1.2.3685-21 не установлено.";"";"";""
"0495";"ВЗРЫВЧАТОЕ ВЕЩЕСТВО МЕТАТЕЛЬНОЕ ЖИДКОЕ";"";"NOT_ESTABLISHED_FOR_TRANSPORT_POSITION";"Отдельное значение для этой транспортной позиции в таблице 2.1 СанПиН 1.2.3685-21 не установлено.";"";"";""
"0496";"ОКТОНАЛ";"";"NOT_ESTABLISHED_FOR_TRANSPORT_POSITION";"Отдельное значение для этой транспортной позиции в таблице 2.1 СанПиН 1.2.3685-21 не установлено.";"";"";""
"0497";"ВЗРЫВЧАТОЕ ВЕЩЕСТВО МЕТАТЕЛЬНОЕ ЖИДКОЕ";"";"NOT_ESTABLISHED_FOR_TRANSPORT_POSITION";"Отдельное значение для этой транспортной позиции в таблице 2.1 СанПиН 1.2.3685-21 не установлено.";"";"";""
"0498";"ВЗРЫВЧАТОЕ ВЕЩЕСТВО МЕТАТЕЛЬНОЕ ТВЕРДОЕ";"";"NOT_ESTABLISHED_FOR_TRANSPORT_POSITION";"Отдельное значение для этой транспортной позиции в таблице 2.1 СанПиН 1.2.3685-21 не установлено.";"";"";""
"0499";"ВЗРЫВЧАТОЕ ВЕЩЕСТВО МЕТАТЕЛЬНОЕ ТВЕРДОЕ";"";"NOT_ESTABLISHED_FOR_TRANSPORT_POSITION";"Отдельное значение для этой транспортной позиции в таблице 2.1 СанПиН 1.2.3685-21 не установлено.";"";"";""
"0500";"СБОРКИ ДЕТОНАТОРОВ НЕЭЛЕКТРИЧЕСКИЕ для взрывных работ";"";"NOT_ESTABLISHED_FOR_TRANSPORT_POSITION";"Отдельное значение для этой транспортной позиции в таблице 2.1 СанПиН 1.2.3685-21 не установлено.";"";"";""
"0501";"ВЗРЫВЧАТОЕ ВЕЩЕСТВО МЕТАТЕЛЬНОЕ ТВЕРДОЕ";"";"NOT_ESTABLISHED_FOR_TRANSPORT_POSITION";"Отдельное значение для этой транспортной позиции в таблице 2.1 СанПиН 1.2.3685-21 не установлено.";"";"";""
"0502";"РАКЕТЫ с инертной головкой";"";"NOT_ESTABLISHED_FOR_TRANSPORT_POSITION";"Отдельное значение для этой транспортной позиции в таблице 2.1 СанПиН 1.2.3685-21 не установлено.";"";"";""
"0503";"УСТРОЙСТВА БЕЗОПАСНОСТИ ПИРОТЕХНИЧЕСКИЕ";"";"NOT_ESTABLISHED_FOR_TRANSPORT_POSITION";"Отдельное значение для этой транспортной позиции в таблице 2.1 СанПиН 1.2.3685-21 не установлено.";"";"";""
"0504";"1Н-ТЕТРАЗОЛ";"";"MATCHED_SANPIN_2_1";"10 мг/м³";"324";"N-[4-[2,4-Бис(1,1-циметилпропил)фенокси]бутил-1-гидрокси-4-[(1-фенил-1Н-тетразол-5-ил)тио]-2-нафталинкарбоксамид(N-[4-[2,4-бис(2-метилбутан-2-ил)фенокси]бутил]-1-гидрокси-4-(1-фенилтетразол-5-ил)сульфанилнафталин-2-карбоксамид)";"name"
"0505";"СИГНАЛЫ БЕДСТВИЯ судовые";"";"NOT_ESTABLISHED_FOR_TRANSPORT_POSITION";"Отдельное значение для этой транспортной позиции в таблице 2.1 СанПиН 1.2.3685-21 не установлено.";"";"";""
"0506";"СИГНАЛЫ БЕДСТВИЯ судовые";"";"NOT_ESTABLISHED_FOR_TRANSPORT_POSITION";"Отдельное значение для этой транспортной позиции в таблице 2.1 СанПиН 1.2.3685-21 не установлено.";"";"";""
"0507";"СИГНАЛЫ ДЫМОВЫЕ";"";"NOT_ESTABLISHED_FOR_TRANSPORT_POSITION";"Отдельное значение для этой транспортной позиции в таблице 2.1 СанПиН 1.2.3685-21 не установлено.";"";"";""
"0508";"1-ГИДРОКСИБЕНЗОТРИАЗОЛ БЕЗВОДНЫЙ, сухой или увлажненный, с массовой долей воды менее 20%";"";"NOT_ESTABLISHED_FOR_TRANSPORT_POSITION";"Отдельное значение для этой транспортной позиции в таблице 2.1 СанПиН 1.2.3685-21 не установлено.";"";"";""
"0509";"ПОРОХ БЕЗДЫМНЫЙ";"";"NOT_ESTABLISHED_FOR_TRANSPORT_POSITION";"Отдельное значение для этой транспортной позиции в таблице 2.1 СанПиН 1.2.3685-21 не установлено.";"";"";""
"0510";"ДВИГАТЕЛИ РАКЕТНЫЕ";"";"NOT_ESTABLISHED_FOR_TRANSPORT_POSITION";"Отдельное значение для этой транспортной позиции в таблице 2.1 СанПиН 1.2.3685-21 не установлено.";"";"";""
"1001";"АЦЕТИЛЕН РАСТВОРЕННЫЙ";"";"NOT_ESTABLISHED_FOR_TRANSPORT_POSITION";"Отдельное значение для этой транспортной позиции в таблице 2.1 СанПиН 1.2.3685-21 не установлено.";"";"";""
"1002";"ВОЗДУХ СЖАТЫЙ";"";"MATCHED_SANPIN_2_1";"0,5 мг/м³";"476";"Газы шинного производства, вулканизационные (по суммарному содержанию аминосоединений в воздухе) (Резины на основе СКИ-3, СКД, СКС-3, АРКМ-15)";"name"
"1003";"ВОЗДУХ ОХЛАЖДЕННЫЙ ЖИДКИЙ";"";"MATCHED_SANPIN_2_1";"0,5 мг/м³";"476";"Газы шинного производства, вулканизационные (по суммарному содержанию аминосоединений в воздухе) (Резины на основе СКИ-3, СКД, СКС-3, АРКМ-15)";"name"
"1005";"АММИАК БЕЗВОДНЫЙ";"NH₃";"MATCHED_SANPIN_2_1";"20 мг/м³";"178";"Аммиак";"formula"
"1006";"АРГОН СЖАТЫЙ";"";"NOT_ESTABLISHED_FOR_TRANSPORT_POSITION";"Отдельное значение для этой транспортной позиции в таблице 2.1 СанПиН 1.2.3685-21 не установлено.";"";"";""
"1008";"БОРА ТРИФТОРИД";"BF₃";"MATCHED_SANPIN_2_1";"1 мг/м³";"369";"Бортрифторид (бор трифтористый)";"formula"
"1009";"БРОМТРИФТОРМЕТАН (ГАЗ РЕФРИЖЕРАТОРНЫЙ R 13B1)";"";"MATCHED_SANPIN_2_1";"3000 мг/м³";"395";"Бромтрифторметан (Фреон 13В1)";"name"
"1010";"БУТАДИЕНЫ СТАБИЛИЗИРОВАННЫЕ";"";"NOT_ESTABLISHED_FOR_TRANSPORT_POSITION";"Отдельное значение для этой транспортной позиции в таблице 2.1 СанПиН 1.2.3685-21 не установлено.";"";"";""
"1010";"БУТАДИЕНОВ И УГЛЕВОДОРОДОВ СМЕСЬ СТАБИЛИЗИРОВАННАЯ, имеющая при 70°С давление паров, не превышающее 1,1 МПа (11 бар), и имеющие при 50°С плотность не менее 0,525 кг/л";"";"NOT_ESTABLISHED_FOR_TRANSPORT_POSITION";"Единая ПДК не устанавливается: контролируется по компонентному составу.";"";"";""
"1011";"БУТАН";"";"MATCHED_SANPIN_2_1";"900/300 мг/м³ (максимальная разовая / среднесменная)";"404";"Бутан";"name"
"1012";"БУТИЛЕНОВ СМЕСЬ";"";"NOT_ESTABLISHED_FOR_TRANSPORT_POSITION";"Единая ПДК не устанавливается: контролируется по компонентному составу.";"";"";""
"1012";"1-БУТИЛЕН";"";"NOT_ESTABLISHED_FOR_TRANSPORT_POSITION";"Отдельное значение для этой транспортной позиции в таблице 2.1 СанПиН 1.2.3685-21 не установлено.";"";"";""
"1012";"цис-2-БУТИЛЕН";"";"NOT_ESTABLISHED_FOR_TRANSPORT_POSITION";"Отдельное значение для этой транспортной позиции в таблице 2.1 СанПиН 1.2.3685-21 не установлено.";"";"";""
"1012";"транс-2-БУТИЛЕН";"";"NOT_ESTABLISHED_FOR_TRANSPORT_POSITION";"Отдельное значение для этой транспортной позиции в таблице 2.1 СанПиН 1.2.3685-21 не установлено.";"";"";""
"1013";"УГЛЕРОДА ДИОКСИД";"";"MATCHED_SANPIN_2_1";"27000/9000 мг/м³ (максимальная разовая / среднесменная)";"2124";"Углерода диоксид (двуокись углерода, углекислый газ)";"name"
"1016";"УГЛЕРОДА МОНООКСИД СЖАТЫЙ";"CO";"MATCHED_SANPIN_2_1";"20 мг/м³";"2122";"Углерод оксид (**) (угарный газ; углерода окись)";"formula"
"1017";"ХЛОР";"Cl₂";"MATCHED_SANPIN_2_1";"1 мг/м³";"2218";"Хлор+";"formula"
"1018";"ХЛОРДИФТОРМЕТАН (ГАЗ РЕФРИЖЕРАТОРНЫЙ R 22)";"CHClF₂";"MATCHED_SANPIN_2_1";"3000 мг/м³";"908";"Дифторхлорметан (Фреон 22; Хладон 22)";"formula"
"1020";"ХЛОРПЕНТАФТОРЭТАН (ГАЗ РЕФРИЖЕРАТОРНЫЙ R 115)";"C₂ClF₅";"MATCHED_SANPIN_2_1";"3000 мг/м³";"1666";"Пентафторхлорэтан";"formula"
"1021";"1-ХЛОР-1,2,2,2-ТЕТРАФТОРЭТАН (ГАЗ РЕФРИЖЕРАТОРНЫЙ R 124)";"C₂HClF₄";"MATCHED_SANPIN_2_1";"3000 мг/м³";"1955";"1,1,2,2-Тетрафтор-1-хлорэтан (Фреон 124-а)";"formula"
"1022";"ХЛОРТРИФТОРМЕТАН (ГАЗ РЕФРИЖЕРАТОРНЫЙ R 13)";"CClF₃";"NOT_ESTABLISHED_FOR_TRANSPORT_POSITION";"Отдельное значение для этой транспортной позиции в таблице 2.1 СанПиН 1.2.3685-21 не установлено.";"";"";""
"1023";"ГАЗ КАМЕННОУГОЛЬНЫЙ СЖАТЫЙ";"";"NOT_ESTABLISHED_FOR_TRANSPORT_POSITION";"Отдельное значение для этой транспортной позиции в таблице 2.1 СанПиН 1.2.3685-21 не установлено.";"";"";""
"1026";"ЦИАН";"";"NOT_ESTABLISHED_FOR_TRANSPORT_POSITION";"Отдельное значение для этой транспортной позиции в таблице 2.1 СанПиН 1.2.3685-21 не установлено.";"";"";""
"1027";"ЦИКЛОПРОПАН";"";"NOT_ESTABLISHED_FOR_TRANSPORT_POSITION";"Отдельное значение для этой транспортной позиции в таблице 2.1 СанПиН 1.2.3685-21 не установлено.";"";"";""
"1028";"ДИХЛОРДИФТОРМЕТАН (ГАЗ РЕФРИЖЕРАТОРНЫЙ R 12)";"CCl₂F₂";"MATCHED_SANPIN_2_1";"3000 мг/м³";"895";"Цифтордихлорметан (Фреон 12; Хладон 12)";"formula"
"1029";"ДИХЛОРФТОРМЕТАН (ГАЗ РЕФРИЖЕРАТОРНЫЙ R 21)";"";"MATCHED_SANPIN_2_1";"3000 мг/м³";"954";"Дихлорфторметан (Фреон 21; фтордихлорметан)";"name"
"1030";"1,1-ДИФТОРЭТАН (ГАЗ РЕФРИЖЕРАТОРНЫЙ R 152a)";"";"MATCHED_SANPIN_2_1";"3000 мг/м³";"907";"1,2-Дифторэтан (Фреон 152; Хладон 152)";"name"
"1032";"ДИМЕТИЛАМИН БЕЗВОДНЫЙ";"(CH₃)₂NH";"MATCHED_SANPIN_2_1";"1 мг/м³";"1321";"N-Метилметанамин+ (диметиламин)";"name"
"1033";"ЭФИР ДИМЕТИЛОВЫЙ";"";"MATCHED_SANPIN_2_1";"600/200 мг/м³ (максимальная разовая / среднесменная)";"1587";"Оксибисметан (диметиловый эфир)";"name"
"1035";"ЭТАН";"";"NOT_ESTABLISHED_FOR_TRANSPORT_POSITION";"Отдельное значение для этой транспортной позиции в таблице 2.1 СанПиН 1.2.3685-21 не установлено.";"";"";""
"1036";"ЭТИЛАМИН";"";"MATCHED_SANPIN_2_1";"10 мг/м³";"2414";"Этил амин (аминоэтан; этанамин)";"name"
"1037";"ЭТИЛХЛОРИД";"";"MATCHED_SANPIN_2_1";"0,5 мг/м³";"2280";"2-Хлорэтанол+ (этиленхлоргидрин; этилхлорид)";"name"
"1038";"ЭТИЛЕН ОХЛАЖДЕННЫЙ ЖИДКИЙ";"";"NOT_ESTABLISHED_FOR_TRANSPORT_POSITION";"Отдельное значение для этой транспортной позиции в таблице 2.1 СанПиН 1.2.3685-21 не установлено.";"";"";""
"1039";"ЭФИР ЭТИЛМЕТИЛОВЫЙ";"";"NOT_ESTABLISHED_FOR_TRANSPORT_POSITION";"Отдельное значение для этой транспортной позиции в таблице 2.1 СанПиН 1.2.3685-21 не установлено.";"";"";""
"1040";"ЭТИЛЕНА ОКСИД";"C₂H₄O";"MATCHED_SANPIN_2_1";"3/1 мг/м³ (максимальная разовая / среднесменная)";"2380";"1,2-Эпоксиэтан (оксиран; эпоксиэтилен; этилена окись; этиленоксид)";"name"
"1040";"ЭТИЛЕНА ОКСИД С АЗОТОМ при общем давлении до 1 МПа (10 бар) при температуре 50°С";"C₂H₄O";"MATCHED_SANPIN_2_1";"3/1 мг/м³ (максимальная разовая / среднесменная)";"2380";"1,2-Эпоксиэтан (оксиран; эпоксиэтилен; этилена окись; этиленоксид)";"name"
"1041";"ЭТИЛЕНА ОКСИДА И УГЛЕРОДА ДИОКСИДА СМЕСЬ, содержащая более 9%, но не более 87% этилена оксида";"";"NOT_ESTABLISHED_FOR_TRANSPORT_POSITION";"Единая ПДК не устанавливается: контролируется по компонентному составу.";"";"";""
"1043";"УДОБРЕНИЯ АММИАЧНОГО РАСТВОР, содержащий свободный аммиак";"";"NOT_ESTABLISHED_FOR_TRANSPORT_POSITION";"Отдельное значение для этой транспортной позиции в таблице 2.1 СанПиН 1.2.3685-21 не установлено.";"";"";""
"1044";"ОГНЕТУШИТЕЛИ, содержащие сжатый или сжиженный газ";"";"NOT_ESTABLISHED_FOR_TRANSPORT_POSITION";"Отдельное значение для этой транспортной позиции в таблице 2.1 СанПиН 1.2.3685-21 не установлено.";"";"";""
"1045";"ФТОР СЖАТЫЙ";"F₂";"MATCHED_SANPIN_2_1";"0,03 мг/м³";"2199";"Фтор";"name"
"1046";"ГЕЛИЙ СЖАТЫЙ";"";"NOT_ESTABLISHED_FOR_TRANSPORT_POSITION";"Отдельное значение для этой транспортной позиции в таблице 2.1 СанПиН 1.2.3685-21 не установлено.";"";"";""
"1048";"ВОДОРОД БРОМИСТЫЙ БЕЗВОДНЫЙ";"HBr";"MATCHED_SANPIN_2_1";"2 мг/м³";"532";"Гидробромид (водород бромид; водород бромистый)";"formula"
"1049";"ВОДОРОД СЖАТЫЙ";"";"NOT_ESTABLISHED_FOR_TRANSPORT_POSITION";"Отдельное значение для этой транспортной позиции в таблице 2.1 СанПиН 1.2.3685-21 не установлено.";"";"";""
"1050";"ВОДОРОД ХЛОРИСТЫЙ БЕЗВОДНЫЙ";"HCl";"MATCHED_SANPIN_2_1";"5 мг/м³";"609";"Гидрохлорид (водород хлорид; хлоргидрат)";"formula"
"1051";"ВОДОРОД ЦИАНИСТЫЙ СТАБИЛИЗИРОВАННЫЙ, содержащий менее 3% воды";"HCN";"MATCHED_SANPIN_2_1";"0,3 мг/м³";"610";"Гидроцианид+ (водород цианид; синильная кислота)";"formula"
"1052";"ВОДОРОД ФТОРИСТЫЙ БЕЗВОДНЫЙ";"HF";"MATCHED_SANPIN_2_1";"0,5/0,1 мг/м³ (максимальная разовая / среднесменная)";"608";"Гидрофторид /в пересчете на фтор/ (водород фторид)";"formula"
"1053";"СЕРОВОДОРОД";"H₂S";"MATCHED_SANPIN_2_1";"10 мг/м³";"711";"Дигидросульфид (водород сульфид; сероводород)";"formula"
"1055";"ИЗОБУТИЛЕН";"";"NOT_ESTABLISHED_FOR_TRANSPORT_POSITION";"Отдельное значение для этой транспортной позиции в таблице 2.1 СанПиН 1.2.3685-21 не установлено.";"";"";""
"1056";"КРИПТОН СЖАТЫЙ";"";"NOT_ESTABLISHED_FOR_TRANSPORT_POSITION";"Отдельное значение для этой транспортной позиции в таблице 2.1 СанПиН 1.2.3685-21 не установлено.";"";"";""
"1057";"ЗАЖИГАЛКИ";"";"NOT_ESTABLISHED_FOR_TRANSPORT_POSITION";"Отдельное значение для этой транспортной позиции в таблице 2.1 СанПиН 1.2.3685-21 не установлено.";"";"";""
"1057";"БАЛЛОНЧИКИ ДЛЯ ЗАПРАВКИ ЗАЖИГАЛОК, содержащие легковоспламеня-ющийся газ";"";"NOT_ESTABLISHED_FOR_TRANSPORT_POSITION";"Отдельное значение для этой транспортной позиции в таблице 2.1 СанПиН 1.2.3685-21 не установлено.";"";"";""
"1058";"ГАЗЫ СЖИЖЕННЫЕ невоспла-меняющиеся, содержащие азот, углерода диоксид или воздух";"";"MATCHED_SANPIN_2_1";"27000/9000 мг/м³ (максимальная разовая / среднесменная)";"2124";"Углерода диоксид (двуокись углерода, углекислый газ)";"name"
"1060";"МЕТИЛАЦЕТИЛЕНА И ПРОПАДИЕНА СМЕСЬ СТАБИЛИЗИРОВАННАЯ, такая как смесь Р1 или смесь Р2";"";"NOT_ESTABLISHED_FOR_TRANSPORT_POSITION";"Единая ПДК не устанавливается: контролируется по компонентному составу.";"";"";""
"1061";"МЕТИЛАМИН БЕЗВОДНЫЙ";"CH₃NH₂";"MATCHED_SANPIN_2_1";"1 мг/м³";"1256";"Метиламин+ (аминометан)";"formula"
"1062";"МЕТИЛ БРОБИД, с содержанием не более 2% хлорпикрина";"CH₃Br";"MATCHED_SANPIN_2_1";"3/1 мг/м³ (максимальная разовая / среднесменная)";"384";"Бромметан (бромистый метил)";"formula"
"1063";"МЕТИЛХЛОРИД (ГАЗ рефрижераторный R 40)";"CH₃Cl";"MATCHED_SANPIN_2_1";"10/5 мг/м³ (максимальная разовая / среднесменная)";"2243";"Хлорметан (метил хлористый)";"formula"
"1064";"МЕТИЛМЕРКАПТАН";"CH₃SH";"MATCHED_SANPIN_2_1";"0,8 мг/м³";"1254";"Метантиол";"formula"
"1065";"НЕОН СЖАТЫЙ";"";"NOT_ESTABLISHED_FOR_TRANSPORT_POSITION";"Отдельное значение для этой транспортной позиции в таблице 2.1 СанПиН 1.2.3685-21 не установлено.";"";"";""
"1066";"АЗОТ СЖАТЫЙ";"";"MATCHED_SANPIN_2_1";"2 мг/м³";"4";"Азота диоксид (азот (IV) оксид; азота двуокись)";"name"
"1067";"ДИАЗОТА ТЕТРАОКСИД (АЗОТА ДИОКСИД)";"";"NOT_ESTABLISHED_FOR_TRANSPORT_POSITION";"Отдельное значение для этой транспортной позиции в таблице 2.1 СанПиН 1.2.3685-21 не установлено.";"";"";""
"1069";"НИТРОЗИЛХЛОРИД";"";"NOT_ESTABLISHED_FOR_TRANSPORT_POSITION";"Отдельное значение для этой транспортной позиции в таблице 2.1 СанПиН 1.2.3685-21 не установлено.";"";"";""
"1070";"АЗОТА ГЕМИОКСИД";"";"NOT_ESTABLISHED_FOR_TRANSPORT_POSITION";"Отдельное значение для этой транспортной позиции в таблице 2.1 СанПиН 1.2.3685-21 не установлено.";"";"";""
"1071";"ГАЗ НЕФТЯНОЙ СЖАТЫЙ";"";"NOT_ESTABLISHED_FOR_TRANSPORT_POSITION";"Отдельное значение для этой транспортной позиции в таблице 2.1 СанПиН 1.2.3685-21 не установлено.";"";"";""
"1072";"КИСЛОРОД СЖАТЫЙ";"";"NOT_ESTABLISHED_FOR_TRANSPORT_POSITION";"Отдельное значение для этой транспортной позиции в таблице 2.1 СанПиН 1.2.3685-21 не установлено.";"";"";""
"1073";"КИСЛОРОД ОХЛАЖДЕННЫЙ ЖИДКИЙ";"";"NOT_ESTABLISHED_FOR_TRANSPORT_POSITION";"Отдельное значение для этой транспортной позиции в таблице 2.1 СанПиН 1.2.3685-21 не установлено.";"";"";""
"1075";"ГАЗЫ НЕФТЯНЫЕ СЖИЖЕННЫЕ";"";"NOT_ESTABLISHED_FOR_TRANSPORT_POSITION";"Отдельное значение для этой транспортной позиции в таблице 2.1 СанПиН 1.2.3685-21 не установлено.";"";"";""
"1076";"ФОСГЕН";"COCl₂";"MATCHED_SANPIN_2_1";"0,5 мг/м³";"1101";"Карбонилдихлорид (Фосген)";"formula"
"1077";"ПРОПИЛЕН";"";"MATCHED_SANPIN_2_1";"1 мг/м³";"2375";"1,2-Эпоксипропан+ (метилоксиран; пропилена окись)";"name"
"1078";"ГАЗ РЕФРИЖЕРАТОРНЫЙ, Н.У.К., такой как смесь F1, смесь F2 или смесь F3";"";"NOT_ESTABLISHED_FOR_TRANSPORT_POSITION";"Единая ПДК не устанавливается: контролируется по компонентному составу.";"";"";""
"1079";"СЕРЫ ДИОКСИД";"SO₂";"MATCHED_SANPIN_2_1";"10 мг/м³";"1837";"Сера диоксид+ (сернистый ангидрид; сернистый газ)";"formula"
"1080";"СЕРЫ ГЕКСАФТОРИД";"";"NOT_ESTABLISHED_FOR_TRANSPORT_POSITION";"Отдельное значение для этой транспортной позиции в таблице 2.1 СанПиН 1.2.3685-21 не установлено.";"";"";""
"1081";"ТЕТРАФТОРЭТИЛЕН СТАБИЛИЗИРОВАННЫЙ";"";"MATCHED_SANPIN_2_1";"30 мг/м³";"1958";"Тетрафторэтен (перфторэтилен; тетрафторэтилен)";"name"
"1082";"ТРИФТОРХЛОРЭТИЛЕН СТАБИЛИЗИРОВАННЫЙ (ГАЗ РЕФРИЖЕРАТОРНЫЙ R 1113)";"";"MATCHED_SANPIN_2_1";"5 мг/м³";"2070";"Трифторхлорэтилен";"name"
"1083";"ТРИМЕТИЛАМИН БЕЗВОДНЫЙ";"(CH₃)₃N";"MATCHED_SANPIN_2_1";"5 мг/м³";"2029";"Триметиламин+";"name"
"1085";"ВИНИЛБРОМИД СТАБИЛИЗИРОВАННЫЙ";"";"NOT_ESTABLISHED_FOR_TRANSPORT_POSITION";"Отдельное значение для этой транспортной позиции в таблице 2.1 СанПиН 1.2.3685-21 не установлено.";"";"";""
"1086";"ВИНИЛХЛОРИД СТАБИЛИЗИРОВАННЫЙ";"";"MATCHED_SANPIN_2_1";"5/1 мг/м³ (максимальная разовая / среднесменная)";"2282";"Хлорэтен (винилхлорид; винил хлористый; хлорвинил; хлорэтилен; этиленхлорид)";"name"
"1087";"ЭФИР ВИНИЛМЕТИЛОВЫЙ СТАБИЛИЗИРОВАННЫЙ";"";"NOT_ESTABLISHED_FOR_TRANSPORT_POSITION";"Отдельное значение для этой транспортной позиции в таблице 2.1 СанПиН 1.2.3685-21 не установлено.";"";"";""
"1088";"АЦЕТАЛЬ";"";"NOT_ESTABLISHED_FOR_TRANSPORT_POSITION";"Отдельное значение для этой транспортной позиции в таблице 2.1 СанПиН 1.2.3685-21 не установлено.";"";"";""
"1089";"АЦЕТАЛЬДЕГИД";"";"MATCHED_SANPIN_2_1";"5 мг/м³";"213";"Ацетальдегид+";"name"
"1090";"АЦЕТОН";"";"MATCHED_SANPIN_2_1";"800/200 мг/м³ (максимальная разовая / среднесменная)";"1763";"Пропан-2-он (Ацетон)";"name"
"1091";"МАСЛА АЦЕТОНОВЫЕ";"";"NOT_ESTABLISHED_FOR_TRANSPORT_POSITION";"Отдельное значение для этой транспортной позиции в таблице 2.1 СанПиН 1.2.3685-21 не установлено.";"";"";""
"1092";"АКРОЛЕИН СТАБИЛИЗИРОВАННЫЙ";"";"MATCHED_SANPIN_2_1";"0,2 мг/м³";"1765";"Проп-2-ен-1-аль (акрилальдегид; акролеин)";"name"
"1093";"АКРИЛОНИТРИЛ СТАБИЛИЗИРОВАННЫЙ";"C₃H₃N";"MATCHED_SANPIN_2_1";"1,5/0,5 мг/м³ (максимальная разовая / среднесменная)";"1777";"Проп-2-енонитрил+ (акриловой кислоты нитрил; акрилонитрил)";"formula"
"1098";"СПИРТ АЛЛИЛОВЫЙ";"";"MATCHED_SANPIN_2_1";"2 мг/м³";"1875";"Спирты непредельного ряда (аллиловый, кротониловый)";"name"
"1099";"АЛЛИЛБРОМИД";"";"NOT_ESTABLISHED_FOR_TRANSPORT_POSITION";"Отдельное значение для этой транспортной позиции в таблице 2.1 СанПиН 1.2.3685-21 не установлено.";"";"";""
"1100";"АЛЛИЛХЛОРИД";"";"NOT_ESTABLISHED_FOR_TRANSPORT_POSITION";"Отдельное значение для этой транспортной позиции в таблице 2.1 СанПиН 1.2.3685-21 не установлено.";"";"";""
"1104";"АМИЛАЦЕТАТЫ";"";"MATCHED_SANPIN_2_1";"3 мг/м³";"720";"4,6-Ди(1,1-диметилэтиперокси)пентилацетат (4,6-ди(трет-бутилперокси)амилацетат)";"name"
"1105";"ПЕНТАНОЛЫ";"";"NOT_ESTABLISHED_FOR_TRANSPORT_POSITION";"Отдельное значение для этой транспортной позиции в таблице 2.1 СанПиН 1.2.3685-21 не установлено.";"";"";""
"1106";"АМИЛАМИН";"";"NOT_ESTABLISHED_FOR_TRANSPORT_POSITION";"Отдельное значение для этой транспортной позиции в таблице 2.1 СанПиН 1.2.3685-21 не установлено.";"";"";""
"1107";"АМИЛХЛОРИД";"";"NOT_ESTABLISHED_FOR_TRANSPORT_POSITION";"Отдельное значение для этой транспортной позиции в таблице 2.1 СанПиН 1.2.3685-21 не установлено.";"";"";""
"1108";"1-ПЕНТЕН (н-АМИЛЕН)";"";"NOT_ESTABLISHED_FOR_TRANSPORT_POSITION";"Отдельное значение для этой транспортной позиции в таблице 2.1 СанПиН 1.2.3685-21 не установлено.";"";"";""
"1109";"АМИЛФОРМИАТЫ";"";"NOT_ESTABLISHED_FOR_TRANSPORT_POSITION";"Отдельное значение для этой транспортной позиции в таблице 2.1 СанПиН 1.2.3685-21 не установлено.";"";"";""
"1110";"н-АМИЛМЕТИЛКЕТОН";"";"NOT_ESTABLISHED_FOR_TRANSPORT_POSITION";"Отдельное значение для этой транспортной позиции в таблице 2.1 СанПиН 1.2.3685-21 не установлено.";"";"";""
"1111";"АМИЛМЕРКАПТАН";"";"NOT_ESTABLISHED_FOR_TRANSPORT_POSITION";"Отдельное значение для этой транспортной позиции в таблице 2.1 СанПиН 1.2.3685-21 не установлено.";"";"";""
"1112";"АМИЛНИТРАТ";"";"NOT_ESTABLISHED_FOR_TRANSPORT_POSITION";"Отдельное значение для этой транспортной позиции в таблице 2.1 СанПиН 1.2.3685-21 не установлено.";"";"";""
"1113";"АМИЛНИТРИТ";"";"NOT_ESTABLISHED_FOR_TRANSPORT_POSITION";"Отдельное значение для этой транспортной позиции в таблице 2.1 СанПиН 1.2.3685-21 не установлено.";"";"";""
"1114";"БЕНЗОЛ";"";"MATCHED_SANPIN_2_1";"15/5 мг/м³ (максимальная разовая / среднесменная)";"280";"Бензол+";"name"
"1120";"БУТАНОЛЫ";"";"MATCHED_SANPIN_2_1";"30/10 мг/м³ (максимальная разовая / среднесменная)";"420";"Бутанол (смесь изомеров) (бутиловые спирты)";"name"
"1123";"БУТИЛАЦЕТАТЫ";"";"MATCHED_SANPIN_2_1";"200/50 мг/м³ (максимальная разовая / среднесменная)";"429";"Бутилацетат (уксусной кислоты бутиловый эфир)";"name"
"1125";"н-БУТИЛАМИН";"";"MATCHED_SANPIN_2_1";"10 мг/м³";"67";"1-Аминобутан+ (бутиламин)";"name"
"1126";"1-БРОМБУТАН";"";"MATCHED_SANPIN_2_1";"0,3 мг/м³";"376";"1-Бромбутан+";"name"
"1127";"ХЛОРБУТАНЫ";"";"NOT_ESTABLISHED_FOR_TRANSPORT_POSITION";"Отдельное значение для этой транспортной позиции в таблице 2.1 СанПиН 1.2.3685-21 не установлено.";"";"";""
"1128";"н-БУТИЛФОРМИАТ";"";"NOT_ESTABLISHED_FOR_TRANSPORT_POSITION";"Отдельное значение для этой транспортной позиции в таблице 2.1 СанПиН 1.2.3685-21 не установлено.";"";"";""
"1129";"БУТИРАЛЬДЕГИД";"";"MATCHED_SANPIN_2_1";"5 мг/м³";"405";"Бутаналь+ (бутиральдегид; масляный альдегид)";"name"
"1130";"МАСЛО КАМФОРНОЕ";"";"NOT_ESTABLISHED_FOR_TRANSPORT_POSITION";"Отдельное значение для этой транспортной позиции в таблице 2.1 СанПиН 1.2.3685-21 не установлено.";"";"";""
"1131";"СЕРОУГЛЕРОД";"CS₂";"MATCHED_SANPIN_2_1";"10/3 мг/м³ (максимальная разовая / среднесменная)";"2121";"Углерод дисульфид (сероуглерод)";"formula"
"1133";"КЛЕИ, содержащие легковоспламеняющуюся жидкость";"";"NOT_ESTABLISHED_FOR_TRANSPORT_POSITION";"Отдельное значение для этой транспортной позиции в таблице 2.1 СанПиН 1.2.3685-21 не установлено.";"";"";""
"1133";"КЛЕИ, содержащие легковоспламеняющуюся жидкость (давление паров при 50°С более 110 кПа)";"";"NOT_ESTABLISHED_FOR_TRANSPORT_POSITION";"Отдельное значение для этой транспортной позиции в таблице 2.1 СанПиН 1.2.3685-21 не установлено.";"";"";""
"1133";"КЛЕИ, содержащие легковоспламеняющуюся жидкость (давление паров при 50°С не более 110 кПа)";"";"NOT_ESTABLISHED_FOR_TRANSPORT_POSITION";"Отдельное значение для этой транспортной позиции в таблице 2.1 СанПиН 1.2.3685-21 не установлено.";"";"";""
"1133";"КЛЕИ, содержащие легковоспламеняющуюся жидкость (имеющие температуру вспышки ниже 23°С и вязкие согласно пункту 2.2.3.1.4) (давление паров при 50° С более 110 кПа)";"";"NOT_ESTABLISHED_FOR_TRANSPORT_POSITION";"Отдельное значение для этой транспортной позиции в таблице 2.1 СанПиН 1.2.3685-21 не установлено.";"";"";""
"1133";"КЛЕИ, содержащие легковоспламеняющуюся жидкость (имеющие температуру вспышки ниже 23°С и вязкие согласно пункту 2.2.3.1.4) (давление паров при 50° С не более 110 кПа)";"";"NOT_ESTABLISHED_FOR_TRANSPORT_POSITION";"Отдельное значение для этой транспортной позиции в таблице 2.1 СанПиН 1.2.3685-21 не установлено.";"";"";""
"1134";"ХЛОРБЕНЗОЛ";"";"MATCHED_SANPIN_2_1";"100/50 мг/м³ (максимальная разовая / среднесменная)";"2223";"Хлорбензол+";"name"
"1135";"ЭТИЛЕНХЛОРГИДРИН";"";"MATCHED_SANPIN_2_1";"0,5 мг/м³";"2280";"2-Хлорэтанол+ (этиленхлоргидрин; этилхлорид)";"name"
"1136";"ДИСТИЛЛЯТЫ КАМЕННОУГОЛЬНОЙ СМОЛЫ ЛЕГКОВОСПЛАМЕНЯЮЩИЕСЯ";"";"NOT_ESTABLISHED_FOR_TRANSPORT_POSITION";"Отдельное значение для этой транспортной позиции в таблице 2.1 СанПиН 1.2.3685-21 не установлено.";"";"";""
"1139";"РАСТВОР ДЛЯ НАНЕСЕНИЯ ПОКРЫТИЯ (включая растворы для обработки или покрытия поверхностей, используемые в промышленных или иных целях, например для нанесения грунтовочного покрытия на корпус автомобилей, футировки барабанов или бочек)";"";"NOT_ESTABLISHED_FOR_TRANSPORT_POSITION";"Отдельное значение для этой транспортной позиции в таблице 2.1 СанПиН 1.2.3685-21 не установлено.";"";"";""
"1139";"РАСТВОР ДЛЯ НАНЕСЕНИЯ ПОКРЫТИЯ (включая растворы для обработки или покрытия поверхностей, используемые в промышленных или иных целях, например для нанесения грунтовочного покрытия на корпус автомобилей, футировки барабанов или бочек) (давление паров при 50°С более 110 кПа)";"";"NOT_ESTABLISHED_FOR_TRANSPORT_POSITION";"Отдельное значение для этой транспортной позиции в таблице 2.1 СанПиН 1.2.3685-21 не установлено.";"";"";""
"1139";"РАСТВОР ДЛЯ НАНЕСЕНИЯ ПОКРЫТИЯ (включая растворы для обработки или покрытия поверхностей, используемые в промышленных или иных целях, например для нанесения грунтовочного покрытия на корпус автомобилей, футировки барабанов или бочек) (давление паров при 50°С не более 110 кПа)";"";"NOT_ESTABLISHED_FOR_TRANSPORT_POSITION";"Отдельное значение для этой транспортной позиции в таблице 2.1 СанПиН 1.2.3685-21 не установлено.";"";"";""
"1139";"РАСТВОР ДЛЯ НАНЕСЕНИЯ ПОКРЫТИЯ (включая растворы для обработки или покрытия поверхностей, используемые в промышленных или иных целях, например для нанесения грунтовочного покрытия или корпус автомобилей, футеровки барабанов или бочек) (имеющий температуру вспышки ниже 23°С и вязкий согласно пункту 2.2.3.1.4) (давление паров при 50°С более 110 кПа)";"";"NOT_ESTABLISHED_FOR_TRANSPORT_POSITION";"Отдельное значение для этой транспортной позиции в таблице 2.1 СанПиН 1.2.3685-21 не установлено.";"";"";""
"1139";"РАСТВОР ДЛЯ НАНЕСЕНИЯ ПОКРЫТИЯ (включая растворы для обработки или покрытия поверхностей, используемые в промышленных или иных целях, например для нанесения грунтовочного покрытия или корпус автомобилей, футеровки барабанов или бочек) (имеющий температуру вспышки ниже 23°С и вязкий согласно пункту 2.2.3.1.4) (давление паров при 50°С не более 110 кПа)";"";"NOT_ESTABLISHED_FOR_TRANSPORT_POSITION";"Отдельное значение для этой транспортной позиции в таблице 2.1 СанПиН 1.2.3685-21 не установлено.";"";"";""
"1143";"КРОТОНАЛЬДЕГИД";"";"MATCHED_SANPIN_2_1";"0,5 мг/м³";"422";"(E)-Бут-2-еналь (кротональдегид)";"name"
"1143";"КРОТОНАЛЬДЕГИД СТАБИЛИЗИРОВАННЫЙ";"";"MATCHED_SANPIN_2_1";"0,5 мг/м³";"422";"(E)-Бут-2-еналь (кротональдегид)";"name"
"1144";"КРОТОНИЛЕН";"";"NOT_ESTABLISHED_FOR_TRANSPORT_POSITION";"Отдельное значение для этой транспортной позиции в таблице 2.1 СанПиН 1.2.3685-21 не установлено.";"";"";""
"1145";"ЦИКЛОГЕКСАН";"";"MATCHED_SANPIN_2_1";"80 мг/м³";"2317";"Циклогексан";"name"
"1146";"ЦИКЛОПЕНТАН";"";"MATCHED_SANPIN_2_1";"0,5 мг/м³";"772";"2,3,5,6,7,8-Гексагидро-1H-циклопентан[b]-хинолин-9-амин гидрохлорид (9-амино-2,3,5,6,7,8-гексагидро-1H-циклопентан[b]-хинолина гидрохлорид)";"name"
"1147";"ДЕКАГИДРОНАФТАЛИН";"";"NOT_ESTABLISHED_FOR_TRANSPORT_POSITION";"Отдельное значение для этой транспортной позиции в таблице 2.1 СанПиН 1.2.3685-21 не установлено.";"";"";""
"1148";"СПИРТ ДИАЦЕТОНОВЫЙ";"";"MATCHED_SANPIN_2_1";"100 мг/м³";"557";"4-Гидрокси-4-метилпентан-2-он (диацетоновый спирт)";"name"
"1149";"ЭФИРЫ ДИБУТИЛОВЫЕ";"";"NOT_ESTABLISHED_FOR_TRANSPORT_POSITION";"Отдельное значение для этой транспортной позиции в таблице 2.1 СанПиН 1.2.3685-21 не установлено.";"";"";""
"1150";"1,2-ДИХЛОРЭТИЛЕН";"";"MATCHED_SANPIN_2_1";"100/50 мг/м³ (максимальная разовая / среднесменная)";"963";"1,1-Дихлорэтен (1,1-дихлорэтилен)";"name"
"1152";"ДИХЛОРПЕНТАНЫ";"";"NOT_ESTABLISHED_FOR_TRANSPORT_POSITION";"Отдельное значение для этой транспортной позиции в таблице 2.1 СанПиН 1.2.3685-21 не установлено.";"";"";""
"1153";"ЭФИР ДИЭТИЛОВЫЙ ЭТИЛЕНГЛИКОЛЯ";"";"MATCHED_SANPIN_2_1";"900/300 мг/м³ (максимальная разовая / среднесменная)";"2469";"Этоксиэтан (диэтиловый эфир)";"name"
"1154";"ДИЭТИЛАМИН";"";"MATCHED_SANPIN_2_1";"30 мг/м³";"970";"Диэтиламин+";"name"
"1155";"ЭФИР ДИЭТИЛОВЫЙ (ЭФИР ЭТИЛОВЫЙ)";"";"MATCHED_SANPIN_2_1";"900/300 мг/м³ (максимальная разовая / среднесменная)";"2469";"Этоксиэтан (диэтиловый эфир)";"name"
"1156";"ДИЭТИЛКЕТОН";"";"NOT_ESTABLISHED_FOR_TRANSPORT_POSITION";"Отдельное значение для этой транспортной позиции в таблице 2.1 СанПиН 1.2.3685-21 не установлено.";"";"";""
"1157";"ДИИЗОБУТИЛКЕТОН";"";"NOT_ESTABLISHED_FOR_TRANSPORT_POSITION";"Отдельное значение для этой транспортной позиции в таблице 2.1 СанПиН 1.2.3685-21 не установлено.";"";"";""
"1158";"ДИИЗОПРОПИЛАМИН";"";"MATCHED_SANPIN_2_1";"5 мг/м³";"1440";"N-(1-Метилэтил) пропан-2-амин+ (диизопропиламин)";"name"
"1159";"ЭФИР ДИИЗОПРОПИЛОВЫЙ";"";"NOT_ESTABLISHED_FOR_TRANSPORT_POSITION";"Отдельное значение для этой транспортной позиции в таблице 2.1 СанПиН 1.2.3685-21 не установлено.";"";"";""
"1160";"ДИМЕТИЛАМИНА ВОДНЫЙ РАСТВОР";"";"NOT_ESTABLISHED_FOR_TRANSPORT_POSITION";"Отдельное значение для этой транспортной позиции в таблице 2.1 СанПиН 1.2.3685-21 не установлено.";"";"";""
"1161";"ДИМЕТИЛКАРБОНАТ";"";"MATCHED_SANPIN_2_1";"20 мг/м³";"768";"Диметилкарбонат";"name"
"1162";"ДИМЕТИЛДИХЛОРСИЛАН";"";"NOT_ESTABLISHED_FOR_TRANSPORT_POSITION";"Отдельное значение для этой транспортной позиции в таблице 2.1 СанПиН 1.2.3685-21 не установлено.";"";"";""
"1163";"ДИМЕТИЛГИДРАЗИН НЕСИММЕТРИЧНЫЙ";"";"NOT_ESTABLISHED_FOR_TRANSPORT_POSITION";"Отдельное значение для этой транспортной позиции в таблице 2.1 СанПиН 1.2.3685-21 не установлено.";"";"";""
"1164";"ДИМЕТИЛСУЛЬФИД";"";"MATCHED_SANPIN_2_1";"50 мг/м³";"805";"Диметилсульфид+";"name"
"1165";"ДИОКСАН";"";"MATCHED_SANPIN_2_1";"10 мг/м³";"863";"1,4-Диоксан+ (диоксид диэтилена)";"name"
"1166";"ДИОКСОЛАН";"";"MATCHED_SANPIN_2_1";"50 мг/м³";"866";"Диоксолан-1,3+";"name"
"1167";"ЭФИР ДИВИНИЛОВЫЙ СТАБИЛИЗИРОВАННЫЙ";"";"NOT_ESTABLISHED_FOR_TRANSPORT_POSITION";"Отдельное значение для этой транспортной позиции в таблице 2.1 СанПиН 1.2.3685-21 не установлено.";"";"";""
"1169";"ЭКСТРАКТЫ АРОМАТИЧЕСКИЕ ЖИДКИЕ (давление паров при 50°С более 110 кПа)";"";"NOT_ESTABLISHED_FOR_TRANSPORT_POSITION";"Отдельное значение для этой транспортной позиции в таблице 2.1 СанПиН 1.2.3685-21 не установлено.";"";"";""
"1169";"ЭКСТРАКТЫ АРОМАТИЧЕСКИЕ ЖИДКИЕ (давление паров при 50°С не более 110 кПа)";"";"NOT_ESTABLISHED_FOR_TRANSPORT_POSITION";"Отдельное значение для этой транспортной позиции в таблице 2.1 СанПиН 1.2.3685-21 не установлено.";"";"";""
"1169";"ЭКСТРАКТЫ АРОМАТИЧЕСКИЕ ЖИДКИЕ";"";"NOT_ESTABLISHED_FOR_TRANSPORT_POSITION";"Отдельное значение для этой транспортной позиции в таблице 2.1 СанПиН 1.2.3685-21 не установлено.";"";"";""
"1169";"ЭКСТРАКТЫ АРОМАТИЧЕСКИЕ ЖИДКИЕ (имеющие температуру вспышки ниже 23°С и вязкие согласно пункту 2.2.3.1.4) (давление паров при 50°С более 110 кПа)";"";"NOT_ESTABLISHED_FOR_TRANSPORT_POSITION";"Отдельное значение для этой транспортной позиции в таблице 2.1 СанПиН 1.2.3685-21 не установлено.";"";"";""
"1169";"ЭКСТРАКТЫ АРОМАТИЧЕСКИЕ ЖИДКИЕ (имеющие температуру вспышки ниже 23°С и вязкие согласно пункту 2.2.3.1.4) (давление паров при 50°С не более 110 кПа)";"";"NOT_ESTABLISHED_FOR_TRANSPORT_POSITION";"Отдельное значение для этой транспортной позиции в таблице 2.1 СанПиН 1.2.3685-21 не установлено.";"";"";""
"1170";"ЭТАНОЛ (СПИРТ ЭТИЛОВЫЙ)";"";"MATCHED_SANPIN_2_1";"2000/1000 мг/м³ (максимальная разовая / среднесменная)";"2391";"Этанол (этиловый спирт)";"name"
"1170";"ЭТАНОЛА РАСТВОР (СПИРТА ЭТИЛОВОГО РАСТВОР)";"";"NOT_ESTABLISHED_FOR_TRANSPORT_POSITION";"Отдельное значение для этой транспортной позиции в таблице 2.1 СанПиН 1.2.3685-21 не установлено.";"";"";""
"1171";"ЭФИР МОНОЭТИЛОВЫЙ ЭТИЛЕНГЛИКОЛЯ";"";"NOT_ESTABLISHED_FOR_TRANSPORT_POSITION";"Отдельное значение для этой транспортной позиции в таблице 2.1 СанПиН 1.2.3685-21 не установлено.";"";"";""
"1172";"ЭФИР МОНОЭТИЛОВЫЙ ЭТИЛЕНГЛИКОЛЯ И КИСЛОТЫ УКСУСНОЙ";"";"NOT_ESTABLISHED_FOR_TRANSPORT_POSITION";"Отдельное значение для этой транспортной позиции в таблице 2.1 СанПиН 1.2.3685-21 не установлено.";"";"";""
"1173";"ЭТИЛАЦЕТАТ";"";"MATCHED_SANPIN_2_1";"200/50 мг/м³ (максимальная разовая / среднесменная)";"2417";"Этилацетат (уксусной кислоты этиловый эфир)";"name"
"1175";"ЭТИЛБЕНЗОЛ";"";"MATCHED_SANPIN_2_1";"150/50 мг/м³ (максимальная разовая / среднесменная)";"2418";"Этилбензол";"name"
"1176";"ЭТИЛБОРАТ";"";"NOT_ESTABLISHED_FOR_TRANSPORT_POSITION";"Отдельное значение для этой транспортной позиции в таблице 2.1 СанПиН 1.2.3685-21 не установлено.";"";"";""
"1177";"ЭТИЛБУТИЛАЦЕТАТ";"";"NOT_ESTABLISHED_FOR_TRANSPORT_POSITION";"Отдельное значение для этой транспортной позиции в таблице 2.1 СанПиН 1.2.3685-21 не установлено.";"";"";""
"1178";"2-ЭТИЛБУТИРАЛЬДЕГИД";"";"NOT_ESTABLISHED_FOR_TRANSPORT_POSITION";"Отдельное значение для этой транспортной позиции в таблице 2.1 СанПиН 1.2.3685-21 не установлено.";"";"";""
"1179";"ЭФИР ЭТИЛБУТИЛОВЫЙ";"";"NOT_ESTABLISHED_FOR_TRANSPORT_POSITION";"Отдельное значение для этой транспортной позиции в таблице 2.1 СанПиН 1.2.3685-21 не установлено.";"";"";""
"1180";"ЭТИЛБУТИРАТ";"";"NOT_ESTABLISHED_FOR_TRANSPORT_POSITION";"Отдельное значение для этой транспортной позиции в таблице 2.1 СанПиН 1.2.3685-21 не установлено.";"";"";""
"1181";"ЭТИЛХЛОРАЦЕТАТ";"";"MATCHED_SANPIN_2_1";"7 мг/м³";"2456";"Этилхлорацетат+ (хлоруксусной кислоты этиловый эфир)";"name"
"1182";"ЭТИЛХЛОРФОРМИАТ";"";"NOT_ESTABLISHED_FOR_TRANSPORT_POSITION";"Отдельное значение для этой транспортной позиции в таблице 2.1 СанПиН 1.2.3685-21 не установлено.";"";"";""
"1183";"ЭТИЛДИХЛОРСИЛАН";"";"NOT_ESTABLISHED_FOR_TRANSPORT_POSITION";"Отдельное значение для этой транспортной позиции в таблице 2.1 СанПиН 1.2.3685-21 не установлено.";"";"";""
"1184";"ЭТИЛЕНДИХЛОРИД";"";"NOT_ESTABLISHED_FOR_TRANSPORT_POSITION";"Отдельное значение для этой транспортной позиции в таблице 2.1 СанПиН 1.2.3685-21 не установлено.";"";"";""
"1185";"ЭТИЛЕНИМИН СТАБИЛИЗИРОВАННЫЙ";"C₂H₅N";"MATCHED_SANPIN_2_1";"0,02 мг/м³";"2437";"Этиленимин+ (Азиридин)";"formula"
"1188";"ЭФИР МОНОМЕТИЛОВЫЙ ЭТИЛЕНГЛИКОЛЯ";"";"NOT_ESTABLISHED_FOR_TRANSPORT_POSITION";"Отдельное значение для этой транспортной позиции в таблице 2.1 СанПиН 1.2.3685-21 не установлено.";"";"";""
"1189";"ЭФИР МОНОМЕТИЛОВЫЙ ЭТИЛЕНГЛИКОЛЯ И КИСЛОТЫ УКСУСНОЙ";"";"NOT_ESTABLISHED_FOR_TRANSPORT_POSITION";"Отдельное значение для этой транспортной позиции в таблице 2.1 СанПиН 1.2.3685-21 не установлено.";"";"";""
"1190";"ЭТИЛФОРМИАТ";"";"NOT_ESTABLISHED_FOR_TRANSPORT_POSITION";"Отдельное значение для этой транспортной позиции в таблице 2.1 СанПиН 1.2.3685-21 не установлено.";"";"";""
"1191";"АЛЬДЕГИДЫ ОКТИЛОВЫЕ";"";"NOT_ESTABLISHED_FOR_TRANSPORT_POSITION";"Отдельное значение для этой транспортной позиции в таблице 2.1 СанПиН 1.2.3685-21 не установлено.";"";"";""
"1192";"ЭТИЛЛАКТАТ";"";"NOT_ESTABLISHED_FOR_TRANSPORT_POSITION";"Отдельное значение для этой транспортной позиции в таблице 2.1 СанПиН 1.2.3685-21 не установлено.";"";"";""
"1193";"ЭТИЛМЕТИЛКЕТОН (МЕТИЛЭТИЛКЕТОН)";"";"NOT_ESTABLISHED_FOR_TRANSPORT_POSITION";"Отдельное значение для этой транспортной позиции в таблице 2.1 СанПиН 1.2.3685-21 не установлено.";"";"";""
"1194";"ЭТИЛНИТРИТА РАСТВОР";"";"NOT_ESTABLISHED_FOR_TRANSPORT_POSITION";"Отдельное значение для этой транспортной позиции в таблице 2.1 СанПиН 1.2.3685-21 не установлено.";"";"";""
"1195";"ЭТИЛПРОПИОНАТ";"";"NOT_ESTABLISHED_FOR_TRANSPORT_POSITION";"Отдельное значение для этой транспортной позиции в таблице 2.1 СанПиН 1.2.3685-21 не установлено.";"";"";""
"1196";"ЭТИЛТРИХЛОРСИЛАН";"";"NOT_ESTABLISHED_FOR_TRANSPORT_POSITION";"Отдельное значение для этой транспортной позиции в таблице 2.1 СанПиН 1.2.3685-21 не установлено.";"";"";""
"1197";"ЭКСТРАКТЫ АРОМАТНЫЕ ЖИДКИЕ (давление паров при 50°С более 110 кПа)";"";"NOT_ESTABLISHED_FOR_TRANSPORT_POSITION";"Отдельное значение для этой транспортной позиции в таблице 2.1 СанПиН 1.2.3685-21 не установлено.";"";"";""
"1197";"ЭКСТРАКТЫ АРОМАТНЫЕ ЖИДКИЕ (давление паров при 50°С не более 110 кПа)";"";"NOT_ESTABLISHED_FOR_TRANSPORT_POSITION";"Отдельное значение для этой транспортной позиции в таблице 2.1 СанПиН 1.2.3685-21 не установлено.";"";"";""
"1197";"ЭКСТРАКТЫ АРОМАТНЫЕ ЖИДКИЕ";"";"NOT_ESTABLISHED_FOR_TRANSPORT_POSITION";"Отдельное значение для этой транспортной позиции в таблице 2.1 СанПиН 1.2.3685-21 не установлено.";"";"";""
"1197";"ЭКСТРАКТЫ АРОМАТНЫЕ ЖИДКИЕ (имеющие температуру вспышки ниже 23°С и вязкие согласно пункту 2.2.3.1.4) (давление паров при 50°С более 110 кПа)";"";"NOT_ESTABLISHED_FOR_TRANSPORT_POSITION";"Отдельное значение для этой транспортной позиции в таблице 2.1 СанПиН 1.2.3685-21 не установлено.";"";"";""
"1197";"ЭКСТРАКТЫ АРОМАТНЫЕ ЖИДКИЕ (имеющие температуру вспышки ниже 23°С и вязкие согласно пункту 2.2.3.1.4) (давление паров при 50°С не более 110 кПа)";"";"NOT_ESTABLISHED_FOR_TRANSPORT_POSITION";"Отдельное значение для этой транспортной позиции в таблице 2.1 СанПиН 1.2.3685-21 не установлено.";"";"";""
"1198";"ФОРМАЛЬДЕГИДА РАСТВОР ЛЕГКОВОСПЛАМЕНЯЮЩИЙСЯ";"";"NOT_ESTABLISHED_FOR_TRANSPORT_POSITION";"Отдельное значение для этой транспортной позиции в таблице 2.1 СанПиН 1.2.3685-21 не установлено.";"";"";""
"1199";"ФУРАЛЬДЕГИДЫ";"";"MATCHED_SANPIN_2_1";"10 мг/м³";"2205";"Фуран-2-альдегид+ (2-фуральдегид; фурфураль; 2-фурфуральдегид)";"name"
"1201";"МАСЛО СИВУШНОЕ";"";"NOT_ESTABLISHED_FOR_TRANSPORT_POSITION";"Отдельное значение для этой транспортной позиции в таблице 2.1 СанПиН 1.2.3685-21 не установлено.";"";"";""
"1202";"ГАЗОЙЛЬ (температура вспышки не более 60°С)";"";"NOT_ESTABLISHED_FOR_TRANSPORT_POSITION";"Отдельное значение для этой транспортной позиции в таблице 2.1 СанПиН 1.2.3685-21 не установлено.";"";"";""
"1202";"ТОПЛИВО ДИЗЕЛЬНОЕ (температура вспышки не более 60°С)";"";"NOT_ESTABLISHED_FOR_TRANSPORT_POSITION";"Отдельное значение для этой транспортной позиции в таблице 2.1 СанПиН 1.2.3685-21 не установлено.";"";"";""
"1202";"ТОПЛИВО ПЕЧНОЕ ЛЕГКОЕ (температура вспышки не более 60°С)";"";"NOT_ESTABLISHED_FOR_TRANSPORT_POSITION";"Отдельное значение для этой транспортной позиции в таблице 2.1 СанПиН 1.2.3685-21 не установлено.";"";"";""
"1202";"ТОПЛИВО ДИЗЕЛЬНОЕ, соответствующее стандарту EN 590:2013+AC:2014";"";"NOT_ESTABLISHED_FOR_TRANSPORT_POSITION";"Отдельное значение для этой транспортной позиции в таблице 2.1 СанПиН 1.2.3685-21 не установлено.";"";"";""
"1202";"ГАЗОЙЛЬ с температурой вспышки, указанной в стандарте EN 590:2013 + AC:2014";"";"NOT_ESTABLISHED_FOR_TRANSPORT_POSITION";"Отдельное значение для этой транспортной позиции в таблице 2.1 СанПиН 1.2.3685-21 не установлено.";"";"";""
"1202";"ТОПЛИВО ПЕЧНОЕ ЛЕГКОЕ с температурой вспышки, указанной в стандарте EN 590:2013 + AC: 2014";"";"NOT_ESTABLISHED_FOR_TRANSPORT_POSITION";"Отдельное значение для этой транспортной позиции в таблице 2.1 СанПиН 1.2.3685-21 не установлено.";"";"";""
"1202";"ГАЗОЙЛЬ ( температура вспышки более 60°С и не более 100°С)";"";"NOT_ESTABLISHED_FOR_TRANSPORT_POSITION";"Отдельное значение для этой транспортной позиции в таблице 2.1 СанПиН 1.2.3685-21 не установлено.";"";"";""
"1202";"ТОПЛИВО ДИЗЕЛЬНОЕ (температура вспышки более 60°С и не более 100°С)";"";"NOT_ESTABLISHED_FOR_TRANSPORT_POSITION";"Отдельное значение для этой транспортной позиции в таблице 2.1 СанПиН 1.2.3685-21 не установлено.";"";"";""
"1202";"ТОПЛИВО ПЕЧНОЕ ЛЕГКОЕ ( температура вспышки более 61°С и не более 100°С)";"";"NOT_ESTABLISHED_FOR_TRANSPORT_POSITION";"Отдельное значение для этой транспортной позиции в таблице 2.1 СанПиН 1.2.3685-21 не установлено.";"";"";""
"1203";"БЕНЗИН МОТОРНЫЙ";"";"NOT_ESTABLISHED_FOR_TRANSPORT_POSITION";"Отдельное значение для этой транспортной позиции в таблице 2.1 СанПиН 1.2.3685-21 не установлено.";"";"";""
"1203";"ГАЗОЛИН";"";"NOT_ESTABLISHED_FOR_TRANSPORT_POSITION";"Отдельное значение для этой транспортной позиции в таблице 2.1 СанПиН 1.2.3685-21 не установлено.";"";"";""
"1203";"ПЕТРОЛ";"";"NOT_ESTABLISHED_FOR_TRANSPORT_POSITION";"Отдельное значение для этой транспортной позиции в таблице 2.1 СанПиН 1.2.3685-21 не установлено.";"";"";""
"1204";"НИТРОГЛИЦЕРИНА СПИРТОВОЙ РАСТВОР с долей нитроглицерина не более 1%";"";"NOT_ESTABLISHED_FOR_TRANSPORT_POSITION";"Отдельное значение для этой транспортной позиции в таблице 2.1 СанПиН 1.2.3685-21 не установлено.";"";"";""
"1206";"ГЕПТАНЫ";"";"NOT_ESTABLISHED_FOR_TRANSPORT_POSITION";"Отдельное значение для этой транспортной позиции в таблице 2.1 СанПиН 1.2.3685-21 не установлено.";"";"";""
"1207";"ГЕКСАЛЬДЕГИД";"";"NOT_ESTABLISHED_FOR_TRANSPORT_POSITION";"Отдельное значение для этой транспортной позиции в таблице 2.1 СанПиН 1.2.3685-21 не установлено.";"";"";""
"1208";"ГЕКСАНЫ";"";"NOT_ESTABLISHED_FOR_TRANSPORT_POSITION";"Отдельное значение для этой транспортной позиции в таблице 2.1 СанПиН 1.2.3685-21 не установлено.";"";"";""
"1210";"КРАСКА ТИПОГРАФСКАЯ легковоспламеняющаяся";"";"NOT_ESTABLISHED_FOR_TRANSPORT_POSITION";"Отдельное значение для этой транспортной позиции в таблице 2.1 СанПиН 1.2.3685-21 не установлено.";"";"";""
"1210";"МАТЕРИАЛ, ИСПОЛЬЗУЕМЫЙ С ТИПОГРАФИЧЕСКОЙ КРАСКОЙ (включая разбавитель или растворитель типограической краски), легковоспламеняющийся";"";"NOT_ESTABLISHED_FOR_TRANSPORT_POSITION";"Единая ПДК не устанавливается: контролируется по компонентному составу.";"";"";""
"1210";"КРАСКА ТИПОГРАФСКАЯ легковоспламеняющаяся (имеющая температуру вспышки ниже 23°С, вязкая согласно пункту 2.2.3.1.4) (давление паров при 50°С более 110 кПа)";"";"NOT_ESTABLISHED_FOR_TRANSPORT_POSITION";"Отдельное значение для этой транспортной позиции в таблице 2.1 СанПиН 1.2.3685-21 не установлено.";"";"";""
"1210";"МАТЕРИАЛ, ИСПОЛЬЗУЕМЫЙ С ТИПОГРАФИЧЕСКОЙ КРАСКОЙ (включая разбавитель или растворитель типограической краски), легковоспламеняющийся (имеющая температуру вспышки ниже 23°С, вязкая согласно пункту 2.2.3.1.4) (давление паров при 50°С более 110 кПа)";"";"NOT_ESTABLISHED_FOR_TRANSPORT_POSITION";"Единая ПДК не устанавливается: контролируется по компонентному составу.";"";"";""
"1210";"КРАСКА ТИПОГРАФСКАЯ легковоспламеняющаяся (имеющая температуру вспышки ниже 23°С, вязкая согласно пункту 2.2.3.1.4) (давление паров при 50°С не более 110 кПа)";"";"NOT_ESTABLISHED_FOR_TRANSPORT_POSITION";"Отдельное значение для этой транспортной позиции в таблице 2.1 СанПиН 1.2.3685-21 не установлено.";"";"";""
"1210";"МАТЕРИАЛ, ИСПОЛЬЗУЕМЫЙ С ТИПОГРАФИЧЕСКОЙ КРАСКОЙ (включая разбавитель или растворитель типограической краски), легковоспламеняющийся (имеющая температуру вспышки ниже 23°С, вязкая согласно пункту 2.2.3.1.4) (давление паров при 50°С не более 110 кПа)";"";"NOT_ESTABLISHED_FOR_TRANSPORT_POSITION";"Единая ПДК не устанавливается: контролируется по компонентному составу.";"";"";""
"1210";"КРАСКА ТИПОГРАФСКАЯ легковоспламеняющаяся (давление паров при 50°С более 110 кПа)";"";"NOT_ESTABLISHED_FOR_TRANSPORT_POSITION";"Отдельное значение для этой транспортной позиции в таблице 2.1 СанПиН 1.2.3685-21 не установлено.";"";"";""
"1210";"МАТЕРИАЛ, ИСПОЛЬЗУЕМЫЙ С ТИПОГРАФИЧЕСКОЙ КРАСКОЙ (включая разбавитель или растворитель типограической краски), легковоспламеняющийся (давление паров при 50°С более 110 кПа)";"";"NOT_ESTABLISHED_FOR_TRANSPORT_POSITION";"Единая ПДК не устанавливается: контролируется по компонентному составу.";"";"";""
"1210";"КРАСКА ТИПОГРАФСКАЯ легковоспламеняющаяся (давление паров при 50°С не более 110 кПа)";"";"NOT_ESTABLISHED_FOR_TRANSPORT_POSITION";"Отдельное значение для этой транспортной позиции в таблице 2.1 СанПиН 1.2.3685-21 не установлено.";"";"";""
"1210";"МАТЕРИАЛ, ИСПОЛЬЗУЕМЫЙ С ТИПОГРАФИЧЕСКОЙ КРАСКОЙ (включая разбавитель или растворитель типограической краски), легковоспламеняющийся (давление паров при 50°С не более 110 кПа)";"";"NOT_ESTABLISHED_FOR_TRANSPORT_POSITION";"Единая ПДК не устанавливается: контролируется по компонентному составу.";"";"";""
"1212";"ИЗОБУТАНОЛ (СПИРТ ИЗОБУТИЛОВЫЙ)";"";"MATCHED_SANPIN_2_1";"10 мг/м³";"1372";"2-Метилпропан-1-ол (изобутиловый спирт)";"name"
"1213";"ИЗОБУТИЛАЦЕТАТ";"";"MATCHED_SANPIN_2_1";"10 мг/м³";"1385";"1-Метилпропилацетат (изобутилацетат)";"name"
"1214";"ИЗОБУТИЛАМИН";"";"NOT_ESTABLISHED_FOR_TRANSPORT_POSITION";"Отдельное значение для этой транспортной позиции в таблице 2.1 СанПиН 1.2.3685-21 не установлено.";"";"";""
"1216";"ИЗООКТЕНЫ";"";"NOT_ESTABLISHED_FOR_TRANSPORT_POSITION";"Отдельное значение для этой транспортной позиции в таблице 2.1 СанПиН 1.2.3685-21 не установлено.";"";"";""
"1218";"ИЗОПРЕН СТАБИЛИЗИРОВАННЫЙ";"";"MATCHED_SANPIN_2_1";"40 мг/м³";"1271";"2-Метилбута-1,3-диен (Изопрен; 2-метилбута-диен-1,3)";"name"
"1219";"ИЗОПРОПАНОЛ (СПИРТ ИЗОПРОПИЛОВЫЙ)";"";"MATCHED_SANPIN_2_1";"50/10 мг/м³ (максимальная разовая / среднесменная)";"1761";"Пропан-2-ол (изопропиловый спирт)";"name"
"1220";"ИЗОПРОПИЛАЦЕТАТ";"";"NOT_ESTABLISHED_FOR_TRANSPORT_POSITION";"Отдельное значение для этой транспортной позиции в таблице 2.1 СанПиН 1.2.3685-21 не установлено.";"";"";""
"1221";"ИЗОПРОПИЛАМИН";"";"MATCHED_SANPIN_2_1";"1 мг/м³";"132";"2-Аминопропан+ (изопропиламин; метилэтиламин)";"name"
"1222";"ИЗОПРОПИЛНИТРАТ";"";"NOT_ESTABLISHED_FOR_TRANSPORT_POSITION";"Отдельное значение для этой транспортной позиции в таблице 2.1 СанПиН 1.2.3685-21 не установлено.";"";"";""
"1223";"КЕРОСИН";"";"MATCHED_SANPIN_2_1";"600/300 мг/м³ (максимальная разовая / среднесменная)";"1106";"Керосин/в пересчете на C/";"name"
"1224";"КЕТОНЫ ЖИДКИЕ, Н.У.К. (давление паров при 50°С более 110 кПа)";"";"NOT_ESTABLISHED_FOR_TRANSPORT_POSITION";"Единая ПДК не устанавливается: контролируется по компонентному составу.";"";"";""
"1224";"КЕТОНЫ ЖИДКИЕ, Н.У.К. (давление паров при 50°С не более 110 кПа)";"";"NOT_ESTABLISHED_FOR_TRANSPORT_POSITION";"Единая ПДК не устанавливается: контролируется по компонентному составу.";"";"";""
"1224";"КЕТОНЫ ЖИДКИЕ, Н.У.К.";"";"NOT_ESTABLISHED_FOR_TRANSPORT_POSITION";"Единая ПДК не устанавливается: контролируется по компонентному составу.";"";"";""
"1228";"МЕРКАПТАНЫ ЖИДКИЕ ЛЕГКОВОСПЛАМЕНЯЮЩИЕСЯ ТОКСИЧНЫЕ, Н.У.К.";"";"NOT_ESTABLISHED_FOR_TRANSPORT_POSITION";"Единая ПДК не устанавливается: контролируется по компонентному составу.";"";"";""
"1228";"МЕРКАПТАНОВ СМЕСЬ ЖИДКАЯ ЛЕГКОВОСПЛАМЕНЯЮЩАЯСЯ ТОКСИЧНАЯ, Н.У.К.";"";"NOT_ESTABLISHED_FOR_TRANSPORT_POSITION";"Единая ПДК не устанавливается: контролируется по компонентному составу.";"";"";""
"1229";"МЕЗИТИЛОКСИД";"";"NOT_ESTABLISHED_FOR_TRANSPORT_POSITION";"Отдельное значение для этой транспортной позиции в таблице 2.1 СанПиН 1.2.3685-21 не установлено.";"";"";""
"1230";"МЕТАНОЛ";"";"MATCHED_SANPIN_2_1";"15/5 мг/м³ (максимальная разовая / среднесменная)";"1250";"Метанол+ (метиловый спирт)";"name"
"1231";"МЕТИЛАЦЕТАТ";"";"MATCHED_SANPIN_2_1";"100 мг/м³";"1261";"Метилацетат (уксусной кислоты метиловый эфир)";"name"
"1233";"МЕТИЛАМИЛАЦЕТАТ";"";"NOT_ESTABLISHED_FOR_TRANSPORT_POSITION";"Отдельное значение для этой транспортной позиции в таблице 2.1 СанПиН 1.2.3685-21 не установлено.";"";"";""
"1234";"МЕТИЛАЛЬ";"";"NOT_ESTABLISHED_FOR_TRANSPORT_POSITION";"Отдельное значение для этой транспортной позиции в таблице 2.1 СанПиН 1.2.3685-21 не установлено.";"";"";""
"1235";"МЕТИЛАМИНА ВОДНЫЙ РАСТВОР";"";"NOT_ESTABLISHED_FOR_TRANSPORT_POSITION";"Отдельное значение для этой транспортной позиции в таблице 2.1 СанПиН 1.2.3685-21 не установлено.";"";"";""
"1237";"МЕТИЛБУТИРАТ";"";"NOT_ESTABLISHED_FOR_TRANSPORT_POSITION";"Отдельное значение для этой транспортной позиции в таблице 2.1 СанПиН 1.2.3685-21 не установлено.";"";"";""
"1238";"МЕТИЛХЛОРФОРМИАТ";"";"MATCHED_SANPIN_2_1";"0,05 мг/м³";"1416";"Метилхлорформиат+ (хлормуравьиной кислоты метиловый эфир)";"name"
"1239";"ЭФИР МЕТИЛХЛОРМЕТИЛОВЫЙ";"";"NOT_ESTABLISHED_FOR_TRANSPORT_POSITION";"Отдельное значение для этой транспортной позиции в таблице 2.1 СанПиН 1.2.3685-21 не установлено.";"";"";""
"1242";"МЕТИЛДИХЛОРСИЛАН";"";"NOT_ESTABLISHED_FOR_TRANSPORT_POSITION";"Отдельное значение для этой транспортной позиции в таблице 2.1 СанПиН 1.2.3685-21 не установлено.";"";"";""
"1243";"МЕТИЛФОРМИАТ";"";"NOT_ESTABLISHED_FOR_TRANSPORT_POSITION";"Отдельное значение для этой транспортной позиции в таблице 2.1 СанПиН 1.2.3685-21 не установлено.";"";"";""
"1244";"МЕТИЛГИДРАЗИН";"";"NOT_ESTABLISHED_FOR_TRANSPORT_POSITION";"Отдельное значение для этой транспортной позиции в таблице 2.1 СанПиН 1.2.3685-21 не установлено.";"";"";""
"1245";"МЕТИЛИЗОБУТИЛКЕТОН";"";"MATCHED_SANPIN_2_1";"5 мг/м³";"1355";"4-Метилпентан-2-он+ (метилизобутилкетон)";"name"
"1246";"МЕТИЛИЗОПРОПЕНИЛКЕТОН СТАБИЛИЗИРОВАННЫЙ";"";"NOT_ESTABLISHED_FOR_TRANSPORT_POSITION";"Отдельное значение для этой транспортной позиции в таблице 2.1 СанПиН 1.2.3685-21 не установлено.";"";"";""
"1247";"МЕТИЛМЕТАКРИЛАТА МОНОМЕР СТАБИЛИЗИРОВАННЫЙ";"";"NOT_ESTABLISHED_FOR_TRANSPORT_POSITION";"Отдельное значение для этой транспортной позиции в таблице 2.1 СанПиН 1.2.3685-21 не установлено.";"";"";""
"1248";"МЕТИЛПРОПИОНАТ";"";"MATCHED_SANPIN_2_1";"10 мг/м³";"1393";"Метилпропионат+ (пропионовой кислоты метиловый эфир)";"name"
"1249";"МЕТИЛПРОПИЛКЕТОН";"";"NOT_ESTABLISHED_FOR_TRANSPORT_POSITION";"Отдельное значение для этой транспортной позиции в таблице 2.1 СанПиН 1.2.3685-21 не установлено.";"";"";""
"1250";"МЕТИЛТРИХЛОРСИЛАН";"";"NOT_ESTABLISHED_FOR_TRANSPORT_POSITION";"Отдельное значение для этой транспортной позиции в таблице 2.1 СанПиН 1.2.3685-21 не установлено.";"";"";""
"1251";"МЕТИЛВИНИЛКЕТОН СТАБИЛИЗИРОВАННЫЙ";"";"NOT_ESTABLISHED_FOR_TRANSPORT_POSITION";"Отдельное значение для этой транспортной позиции в таблице 2.1 СанПиН 1.2.3685-21 не установлено.";"";"";""
"1259";"НИКЕЛЯ КАРБОНИЛ";"";"NOT_ESTABLISHED_FOR_TRANSPORT_POSITION";"Отдельное значение для этой транспортной позиции в таблице 2.1 СанПиН 1.2.3685-21 не установлено.";"";"";""
"1261";"НИТРОМЕТАН";"";"MATCHED_SANPIN_2_1";"30 мг/м³";"1555";"Нитрометан";"name"
"1262";"ОКТАНЫ";"";"NOT_ESTABLISHED_FOR_TRANSPORT_POSITION";"Отдельное значение для этой транспортной позиции в таблице 2.1 СанПиН 1.2.3685-21 не установлено.";"";"";""
"1263";"КРАСКА (включая краску, лак, эмаль, краситель, шеллак, олифу, политуру, жидкий наполнитель и жидкую лаковую основу)";"";"NOT_ESTABLISHED_FOR_TRANSPORT_POSITION";"Отдельное значение для этой транспортной позиции в таблице 2.1 СанПиН 1.2.3685-21 не установлено.";"";"";""
"1263";"КРАСКА (включая краску, лак, эмаль, краситель, шеллак, олифу, политуру, жидкий наполнитель и жидкую лаковую основу) (давление паров при 50°С более 110 кПа)";"";"NOT_ESTABLISHED_FOR_TRANSPORT_POSITION";"Отдельное значение для этой транспортной позиции в таблице 2.1 СанПиН 1.2.3685-21 не установлено.";"";"";""
"1263";"КРАСКА (включая краску, лак, эмаль, краситель, шеллак, олифу, политуру, жидкий наполнитель и жидкую лаковую основу) (давление паров при 50°С не более 110 кПа)";"";"NOT_ESTABLISHED_FOR_TRANSPORT_POSITION";"Отдельное значение для этой транспортной позиции в таблице 2.1 СанПиН 1.2.3685-21 не установлено.";"";"";""
"1263";"КРАСКА (включая краску, лак, эмаль, краситель, шеллак, олифу, политуру, жидкий наполнитель и жидкую лаковую основу) (имеющая температуру вспышки ниже 23 °С, вязкая согласно пункту 2.2.3.1.4) (давление паров при 50 °С более 110 кПа)";"";"NOT_ESTABLISHED_FOR_TRANSPORT_POSITION";"Отдельное значение для этой транспортной позиции в таблице 2.1 СанПиН 1.2.3685-21 не установлено.";"";"";""
"1263";"КРАСКА (включая краску, лак, эмаль, краситель, шеллак, олифу, политуру, жидкий наполнитель и жидкую лаковую основу) (имеющая температуру вспышки ниже 23°С, вязкаясогласно пункту 2.2.3.1.4) (давление паров при 50 °С не более 110 кПа)";"";"NOT_ESTABLISHED_FOR_TRANSPORT_POSITION";"Отдельное значение для этой транспортной позиции в таблице 2.1 СанПиН 1.2.3685-21 не установлено.";"";"";""
"1263";"МАТЕРИАЛ ЛАКОКРАСОЧНЫЙ (включая разбавитель или растворитель краски)";"";"NOT_ESTABLISHED_FOR_TRANSPORT_POSITION";"Единая ПДК не устанавливается: контролируется по компонентному составу.";"";"";""
"1263";"МАТЕРИАЛ ЛАКОКРАСОЧНЫЙ (включая разбавитель или растворитель краски) (давление паров при 50°С более 110 кПа)";"";"NOT_ESTABLISHED_FOR_TRANSPORT_POSITION";"Единая ПДК не устанавливается: контролируется по компонентному составу.";"";"";""
"1263";"МАТЕРИАЛ ЛАКОКРАСОЧНЫЙ (включая разбавитель или растворитель краски) (давление паров при 50°С не более 110 кПа)";"";"NOT_ESTABLISHED_FOR_TRANSPORT_POSITION";"Единая ПДК не устанавливается: контролируется по компонентному составу.";"";"";""
"1263";"МАТЕРИАЛ ЛАКОКРАСОЧНЫЙ (включая разбавитель или растворитель краски) (имеющий температуру вспышки ниже 23°С, вязкий согласно пункту 2.2.3.1.4) (давление паров при 50 °С более 110 кПа)";"";"NOT_ESTABLISHED_FOR_TRANSPORT_POSITION";"Единая ПДК не устанавливается: контролируется по компонентному составу.";"";"";""
"1263";"МАТЕРИАЛ ЛАКОКРАСОЧНЫЙ (включая разбавитель или растворитель краски) (имеющий температуру вспышки ниже 23°С, вязкий согласно пункту 2.2.3.1.4) (давление паров при 50 °С не более 110 кПа)";"";"NOT_ESTABLISHED_FOR_TRANSPORT_POSITION";"Единая ПДК не устанавливается: контролируется по компонентному составу.";"";"";""
"1264";"ПАРАЛЬДЕГИД";"";"NOT_ESTABLISHED_FOR_TRANSPORT_POSITION";"Отдельное значение для этой транспортной позиции в таблице 2.1 СанПиН 1.2.3685-21 не установлено.";"";"";""
"1265";"ПЕНТАНЫ жидкие";"";"NOT_ESTABLISHED_FOR_TRANSPORT_POSITION";"Отдельное значение для этой транспортной позиции в таблице 2.1 СанПиН 1.2.3685-21 не установлено.";"";"";""
"1266";"ПАРФЮМЕРНЫЕ ПРОДУКТЫ, содержащие ЛЕГКОВОСПЛАМЕНЯЮЩИЕСЯ растворители (давление паров при 50°С более 110 кПа)";"";"NOT_ESTABLISHED_FOR_TRANSPORT_POSITION";"Отдельное значение для этой транспортной позиции в таблице 2.1 СанПиН 1.2.3685-21 не установлено.";"";"";""
"1266";"ПАРФЮМЕРНЫЕ ПРОДУКТЫ, содержащие ЛЕГКОВОСПЛАМЕНЯЮЩИЕСЯ растворители (давление паров при 50°С не более 110 кПа)";"";"NOT_ESTABLISHED_FOR_TRANSPORT_POSITION";"Отдельное значение для этой транспортной позиции в таблице 2.1 СанПиН 1.2.3685-21 не установлено.";"";"";""
"1266";"ПАРФЮМЕРНЫЕ ПРОДУКТЫ, содержащие легковоспламеняющиеся растворители";"";"NOT_ESTABLISHED_FOR_TRANSPORT_POSITION";"Отдельное значение для этой транспортной позиции в таблице 2.1 СанПиН 1.2.3685-21 не установлено.";"";"";""
"1266";"ПАРФЮМЕРНЫЕ ПРОДУКТЫ, содержащие ЛЕГКОВОСПЛАМЕНЯЮЩИЕСЯ растворители (имеющие температуру вспышки ниже 23 °С, вязкие согласно пункту 2.2.3.1.4) (давление паров при 50 °С более 110 кПа)";"";"NOT_ESTABLISHED_FOR_TRANSPORT_POSITION";"Отдельное значение для этой транспортной позиции в таблице 2.1 СанПиН 1.2.3685-21 не установлено.";"";"";""
"1266";"ПАРФЮМЕРНЫЕ ПРОДУКТЫ, содержащие ЛЕГКОВОСПЛАМЕНЯЮЩИЕСЯ растворители (имеющие температуру вспышки ниже 23 °С, вязкие согласно пункту 2.2.3.1.4) (давление паров при 50 °С не более 110 кПа)";"";"NOT_ESTABLISHED_FOR_TRANSPORT_POSITION";"Отдельное значение для этой транспортной позиции в таблице 2.1 СанПиН 1.2.3685-21 не установлено.";"";"";""
"1267";"НЕФТЬ СЫРАЯ";"";"MATCHED_SANPIN_2_1";"-/10 мг/м³ (максимальная разовая / среднесменная)";"1529";"Нефть сырая+";"name"
"1267";"НЕФТЬ СЫРАЯ (давление паров при 50°С более 110 кПа)";"";"MATCHED_SANPIN_2_1";"-/10 мг/м³ (максимальная разовая / среднесменная)";"1529";"Нефть сырая+";"name"
"1267";"НЕФТЬ СЫРАЯ (давление паров при 50°С не более 110 кПа)";"";"MATCHED_SANPIN_2_1";"-/10 мг/м³ (максимальная разовая / среднесменная)";"1529";"Нефть сырая+";"name"
"1268";"НЕФТИ ДИСТИЛЛЯТЫ, Н.У.К.";"";"NOT_ESTABLISHED_FOR_TRANSPORT_POSITION";"Единая ПДК не устанавливается: контролируется по компонентному составу.";"";"";""
"1268";"НЕФТИ ДИСТИЛЛЯТЫ, Н.У.К. (давление паров при 50°С более 110 кПа)";"";"NOT_ESTABLISHED_FOR_TRANSPORT_POSITION";"Единая ПДК не устанавливается: контролируется по компонентному составу.";"";"";""
"1268";"НЕФТИ ДИСТИЛЛЯТЫ, Н.У.К. (давление паров при 50°С не более 110 кПа)";"";"NOT_ESTABLISHED_FOR_TRANSPORT_POSITION";"Единая ПДК не устанавливается: контролируется по компонентному составу.";"";"";""
"1268";"НЕФТЕПРОДУКТЫ, Н.У.К.";"";"NOT_ESTABLISHED_FOR_TRANSPORT_POSITION";"Единая ПДК не устанавливается: контролируется по компонентному составу.";"";"";""
"1268";"НЕФТЕПРОДУКТЫ, Н.У.К. (давление паров при 50°С более 110 кПа)";"";"NOT_ESTABLISHED_FOR_TRANSPORT_POSITION";"Единая ПДК не устанавливается: контролируется по компонентному составу.";"";"";""
"1268";"НЕФТЕПРОДУКТЫ, Н.У.К. (давление паров при 50°С не более 110 кПа)";"";"NOT_ESTABLISHED_FOR_TRANSPORT_POSITION";"Единая ПДК не устанавливается: контролируется по компонентному составу.";"";"";""
"1272";"МАСЛО ХВОЙНОЕ";"";"NOT_ESTABLISHED_FOR_TRANSPORT_POSITION";"Отдельное значение для этой транспортной позиции в таблице 2.1 СанПиН 1.2.3685-21 не установлено.";"";"";""
"1274";"н-ПРОПАНОЛ (СПИРТ ПРОПИЛОВЫЙ НОРМАЛЬНЫЙ)";"";"MATCHED_SANPIN_2_1";"30/10 мг/м³ (максимальная разовая / среднесменная)";"1762";"Пропан-1-ол (пропиловый спирт)";"name"
"1275";"ПРОПИОНАЛЬДЕГИД";"";"MATCHED_SANPIN_2_1";"5 мг/м³";"1785";"Пропиональдегид+ (пропаналь)";"name"
"1276";"н-ПРОПИЛАЦЕТАТ";"";"MATCHED_SANPIN_2_1";"200 мг/м³";"1778";"Пропилацетат (уксусной кислоты пропиловый эфир)";"name"
"1277";"ПРОПИЛАМИН";"";"MATCHED_SANPIN_2_1";"5 мг/м³";"131";"1-Аминопропан (пропиламин)";"name"
"1278";"1-ХЛОРПРОПАН";"";"MATCHED_SANPIN_2_1";"2 мг/м³";"2261";"3-Хлорпропан-1-ол+ (3-хлорпропиловый спирт)";"name"
"1279";"1,2-ДИХЛОРПРОПАН";"";"MATCHED_SANPIN_2_1";"10 мг/м³";"937";"1,2-Дихлорпропан";"name"
"1280";"ПРОПИЛЕНОКСИД";"";"NOT_ESTABLISHED_FOR_TRANSPORT_POSITION";"Отдельное значение для этой транспортной позиции в таблице 2.1 СанПиН 1.2.3685-21 не установлено.";"";"";""
"1281";"ПРОПИЛФОРМИАТЫ";"";"NOT_ESTABLISHED_FOR_TRANSPORT_POSITION";"Отдельное значение для этой транспортной позиции в таблице 2.1 СанПиН 1.2.3685-21 не установлено.";"";"";""
"1282";"ПИРИДИН";"";"MATCHED_SANPIN_2_1";"5 мг/м³";"1689";"Пиридин";"name"
"1286";"МАСЛО СМОЛЯНОЕ (давление паров при 50°С более 110 кПа)";"";"NOT_ESTABLISHED_FOR_TRANSPORT_POSITION";"Отдельное значение для этой транспортной позиции в таблице 2.1 СанПиН 1.2.3685-21 не установлено.";"";"";""
"1286";"МАСЛО СМОЛЯНОЕ (давление паров при 50°С не более 110 кПа)";"";"NOT_ESTABLISHED_FOR_TRANSPORT_POSITION";"Отдельное значение для этой транспортной позиции в таблице 2.1 СанПиН 1.2.3685-21 не установлено.";"";"";""
"1286";"МАСЛО СМОЛЯНОЕ";"";"NOT_ESTABLISHED_FOR_TRANSPORT_POSITION";"Отдельное значение для этой транспортной позиции в таблице 2.1 СанПиН 1.2.3685-21 не установлено.";"";"";""
"1286";"МАСЛО СМОЛЯНОЕ (имеющее температуру вспышки ниже 23°С, вязкое согласно пункту 2.2.3.1.4) (давление паров при 50 °С более 110 кПа)";"";"NOT_ESTABLISHED_FOR_TRANSPORT_POSITION";"Отдельное значение для этой транспортной позиции в таблице 2.1 СанПиН 1.2.3685-21 не установлено.";"";"";""
"1286";"МАСЛО СМОЛЯНОЕ (имеющее температуру вспышки ниже 23°С, вязкое согласно пункту 2.2.3.1.4) (давление паров при 50 °С не более 110 кПа)";"";"NOT_ESTABLISHED_FOR_TRANSPORT_POSITION";"Отдельное значение для этой транспортной позиции в таблице 2.1 СанПиН 1.2.3685-21 не установлено.";"";"";""
"1287";"КАУЧУКА РАСТВОР (давление паров при 50°С более 110 кПа)";"";"NOT_ESTABLISHED_FOR_TRANSPORT_POSITION";"Отдельное значение для этой транспортной позиции в таблице 2.1 СанПиН 1.2.3685-21 не установлено.";"";"";""
"1287";"КАУЧУКА РАСТВОР (давление паров при 50°С не более 110 кПа)";"";"NOT_ESTABLISHED_FOR_TRANSPORT_POSITION";"Отдельное значение для этой транспортной позиции в таблице 2.1 СанПиН 1.2.3685-21 не установлено.";"";"";""
"1287";"КАУЧУКА РАСТВОР";"";"MATCHED_SANPIN_2_1";"2,0 мг/м³";"1758";"Полиэфируретановый каучук П-9АД (по аллиловому спирту)";"name"
"1287";"КАУЧУКА РАСТВОР (имеющий температуру вспышки ниже 23 °С и вязкий согласно пункту 2.2.3.1.4) (давление паров при 50 °С более 110 кПа)";"";"NOT_ESTABLISHED_FOR_TRANSPORT_POSITION";"Отдельное значение для этой транспортной позиции в таблице 2.1 СанПиН 1.2.3685-21 не установлено.";"";"";""
"1287";"КАУЧУКА РАСТВОР (имеющий температуру вспышки ниже 23 °С и вязкий согласно пункту 2.2.3.1.4) (давление паров при 50 °С не более 110 кПа)";"";"NOT_ESTABLISHED_FOR_TRANSPORT_POSITION";"Отдельное значение для этой транспортной позиции в таблице 2.1 СанПиН 1.2.3685-21 не установлено.";"";"";""
"1288";"МАСЛО СЛАНЦЕВОЕ";"";"NOT_ESTABLISHED_FOR_TRANSPORT_POSITION";"Отдельное значение для этой транспортной позиции в таблице 2.1 СанПиН 1.2.3685-21 не установлено.";"";"";""
"1289";"НАТРИЯ МЕТИЛАТА РАСТВОР в спирте";"";"NOT_ESTABLISHED_FOR_TRANSPORT_POSITION";"Отдельное значение для этой транспортной позиции в таблице 2.1 СанПиН 1.2.3685-21 не установлено.";"";"";""
"1292";"ТЕТРАЭТИЛСИЛИКАТ";"";"NOT_ESTABLISHED_FOR_TRANSPORT_POSITION";"Отдельное значение для этой транспортной позиции в таблице 2.1 СанПиН 1.2.3685-21 не установлено.";"";"";""
"1293";"НАСТОЙКИ МЕДИЦИНСКИЕ";"";"NOT_ESTABLISHED_FOR_TRANSPORT_POSITION";"Отдельное значение для этой транспортной позиции в таблице 2.1 СанПиН 1.2.3685-21 не установлено.";"";"";""
"1294";"ТОЛУОЛ";"";"MATCHED_SANPIN_2_1";"150/50 мг/м³ (максимальная разовая / среднесменная)";"1264";"Метилбензол (толуол)";"name"
"1295";"ТРИХЛОРСИЛАН";"";"MATCHED_SANPIN_2_1";"1 мг/м³";"2101";"Трихлорсилан+ /по гидрохлориду/";"name"
"1296";"ТРИЭТИЛАМИН";"";"MATCHED_SANPIN_2_1";"10 мг/м³";"1006";"N,N-Диэтилэтанамин+ (триэтиламин)";"name"
"1297";"ТРИМЕТИЛАМИНА ВОДНЫЙ РАСТВОР с массовой долей триметиламина не более 50%";"";"NOT_ESTABLISHED_FOR_TRANSPORT_POSITION";"Отдельное значение для этой транспортной позиции в таблице 2.1 СанПиН 1.2.3685-21 не установлено.";"";"";""
"1298";"ТРИМЕТИЛХЛОРСИЛАН";"";"NOT_ESTABLISHED_FOR_TRANSPORT_POSITION";"Отдельное значение для этой транспортной позиции в таблице 2.1 СанПиН 1.2.3685-21 не установлено.";"";"";""
"1299";"СКИПИДАР";"";"MATCHED_SANPIN_2_1";"600/300 мг/м³ (максимальная разовая / среднесменная)";"1867";"Скипидар /в пересчете на С/";"name"
"1300";"СКИПИДАРА ЗАМЕНИТЕЛЬ";"";"NOT_ESTABLISHED_FOR_TRANSPORT_POSITION";"Отдельное значение для этой транспортной позиции в таблице 2.1 СанПиН 1.2.3685-21 не установлено.";"";"";""
"1301";"ВИНИЛАЦЕТАТ СТАБИЛИЗИРОВАННЫЙ";"";"MATCHED_SANPIN_2_1";"30/10 мг/м³ (максимальная разовая / среднесменная)";"2398";"Этенилацетат (винилацетат; уксусной кислоты виниловый эфир)";"name"
"1302";"ЭФИР ВИНИЛЭТИЛОВЫЙ СТАБИЛИЗИРОВАННЫЙ";"";"NOT_ESTABLISHED_FOR_TRANSPORT_POSITION";"Отдельное значение для этой транспортной позиции в таблице 2.1 СанПиН 1.2.3685-21 не установлено.";"";"";""
"1303";"ВИНИЛИДЕНХЛОРИД СТАБИЛИЗИРОВАННЫЙ";"";"NOT_ESTABLISHED_FOR_TRANSPORT_POSITION";"Отдельное значение для этой транспортной позиции в таблице 2.1 СанПиН 1.2.3685-21 не установлено.";"";"";""
"1304";"ЭФИР ВИНИЛИЗОБУТИЛОВЫЙ СТАБИЛИЗИРОВАННЫЙ";"";"NOT_ESTABLISHED_FOR_TRANSPORT_POSITION";"Отдельное значение для этой транспортной позиции в таблице 2.1 СанПиН 1.2.3685-21 не установлено.";"";"";""
"1305";"ВИНИЛТРИХЛОРСИЛАН";"";"NOT_ESTABLISHED_FOR_TRANSPORT_POSITION";"Отдельное значение для этой транспортной позиции в таблице 2.1 СанПиН 1.2.3685-21 не установлено.";"";"";""
"1306";"АНТИСЕПТИКИ ДЛЯ ДРЕВЕСИНЫ ЖИДКИЕ (давление паров при 50°С более 110 кПа)";"";"NOT_ESTABLISHED_FOR_TRANSPORT_POSITION";"Отдельное значение для этой транспортной позиции в таблице 2.1 СанПиН 1.2.3685-21 не установлено.";"";"";""
"1306";"АНТИСЕПТИКИ ДЛЯ ДРЕВЕСИНЫ ЖИДКИЕ (давление паров при 50°С не более 110 кПа)";"";"NOT_ESTABLISHED_FOR_TRANSPORT_POSITION";"Отдельное значение для этой транспортной позиции в таблице 2.1 СанПиН 1.2.3685-21 не установлено.";"";"";""
"1306";"АНТИСЕПТИКИ ДЛЯ ДРЕВЕСИНЫ ЖИДКИЕ";"";"NOT_ESTABLISHED_FOR_TRANSPORT_POSITION";"Отдельное значение для этой транспортной позиции в таблице 2.1 СанПиН 1.2.3685-21 не установлено.";"";"";""
"1306";"АНТИСЕПТИКИ ДЛЯ ДРЕВЕСИНЫ ЖИДКИЕ (имеющие температуру вспышки ниже 23 °С и вязкие согласно пункту 2.2.3.1.4) (давление паров при 50 °С более 110 кПа)";"";"NOT_ESTABLISHED_FOR_TRANSPORT_POSITION";"Отдельное значение для этой транспортной позиции в таблице 2.1 СанПиН 1.2.3685-21 не установлено.";"";"";""
"1306";"АНТИСЕПТИКИ ДЛЯ ДРЕВЕСИНЫ ЖИДКИЕ (имеющие температуру вспышки ниже 23 °С и вязкие согласно пункту 2.2.3.1.4) (давление паров при 50 °С не более 110 кПа)";"";"NOT_ESTABLISHED_FOR_TRANSPORT_POSITION";"Отдельное значение для этой транспортной позиции в таблице 2.1 СанПиН 1.2.3685-21 не установлено.";"";"";""
"1307";"КСИЛОЛЫ";"";"NOT_ESTABLISHED_FOR_TRANSPORT_POSITION";"Отдельное значение для этой транспортной позиции в таблице 2.1 СанПиН 1.2.3685-21 не установлено.";"";"";""
"1308";"ЦИРКОНИЙ, СУСПЕНДИРОВАННЫЙ В ЛЕГКОВОСПЛАМЕНЯЮЩЕЙСЯ ЖИДКОСТИ";"";"NOT_ESTABLISHED_FOR_TRANSPORT_POSITION";"Отдельное значение для этой транспортной позиции в таблице 2.1 СанПиН 1.2.3685-21 не установлено.";"";"";""
"1308";"ЦИРКОНИЙ, СУСПЕНДИРОВАННЫЙ В ЛЕГКОВОСПЛАМЕНЯЮЩЕЙСЯ ЖИДКОСТИ (давление паров при 50°С более 110 кПа)";"";"NOT_ESTABLISHED_FOR_TRANSPORT_POSITION";"Отдельное значение для этой транспортной позиции в таблице 2.1 СанПиН 1.2.3685-21 не установлено.";"";"";""
"1308";"ЦИРКОНИЙ, СУСПЕНДИРОВАННЫЙ В ЛЕГКОВОСПЛАМЕНЯЮЩЕЙСЯ ЖИДКОСТИ (давление паров при 50°С не более 110 кПа)";"";"NOT_ESTABLISHED_FOR_TRANSPORT_POSITION";"Отдельное значение для этой транспортной позиции в таблице 2.1 СанПиН 1.2.3685-21 не установлено.";"";"";""
"1309";"АЛЮМИНИЙ — ПОРОШОК ПОКРЫТЫЙ";"";"NOT_ESTABLISHED_FOR_TRANSPORT_POSITION";"Отдельное значение для этой транспортной позиции в таблице 2.1 СанПиН 1.2.3685-21 не установлено.";"";"";""
"1310";"АММОНИЯ ПИКРАТ УВЛАЖНЕННЫЙ с массовой долей воды не менее 10%";"";"NOT_ESTABLISHED_FOR_TRANSPORT_POSITION";"Отдельное значение для этой транспортной позиции в таблице 2.1 СанПиН 1.2.3685-21 не установлено.";"";"";""
"1312";"БОРНЕОЛ";"";"NOT_ESTABLISHED_FOR_TRANSPORT_POSITION";"Отдельное значение для этой транспортной позиции в таблице 2.1 СанПиН 1.2.3685-21 не установлено.";"";"";""
"1313";"КАЛЬЦИЯ РЕЗИНАТ";"";"NOT_ESTABLISHED_FOR_TRANSPORT_POSITION";"Отдельное значение для этой транспортной позиции в таблице 2.1 СанПиН 1.2.3685-21 не установлено.";"";"";""
"1314";"КАЛЬЦИЯ РЕЗИНАТ РАСПЛАВЛЕННЫЙ";"";"NOT_ESTABLISHED_FOR_TRANSPORT_POSITION";"Отдельное значение для этой транспортной позиции в таблице 2.1 СанПиН 1.2.3685-21 не установлено.";"";"";""
"1318";"КОБАЛЬТА РЕЗИНАТ ОСАЖДЕННЫЙ";"";"NOT_ESTABLISHED_FOR_TRANSPORT_POSITION";"Отдельное значение для этой транспортной позиции в таблице 2.1 СанПиН 1.2.3685-21 не установлено.";"";"";""
"1320";"ДИНИТРОФЕНОЛ УВЛАЖНЕННЫЙ с массовой долей воды не менее 15%";"";"MATCHED_SANPIN_2_1";"0,2/0,05 мг/м³ (максимальная разовая / среднесменная)";"547";"1-Гидрокси-2,4-динитробензол+ (2,4-динитрофенол)";"name"
"1321";"ДИНИТРОФЕНОЛЯТЫ УВЛАЖНЕННЫЕ с массовой долей воды не менее 15%";"";"NOT_ESTABLISHED_FOR_TRANSPORT_POSITION";"Отдельное значение для этой транспортной позиции в таблице 2.1 СанПиН 1.2.3685-21 не установлено.";"";"";""
"1322";"ДИНИТРОРЕЗОРЦИН УВЛАЖНЕННЫЙ с массовой долей воды не менее 15%";"";"NOT_ESTABLISHED_FOR_TRANSPORT_POSITION";"Отдельное значение для этой транспортной позиции в таблице 2.1 СанПиН 1.2.3685-21 не установлено.";"";"";""
"1323";"ФЕРРОЦЕРИЙ";"";"NOT_ESTABLISHED_FOR_TRANSPORT_POSITION";"Отдельное значение для этой транспортной позиции в таблице 2.1 СанПиН 1.2.3685-21 не установлено.";"";"";""
"1324";"КИНО- И ФОТОПЛЕНКА НА НИТРОЦЕЛЛЮЛОЗНОЙ ОСНОВЕ, покрытая желатином, исключая отходы";"";"NOT_ESTABLISHED_FOR_TRANSPORT_POSITION";"Единая ПДК не устанавливается: контролируется по компонентному составу.";"";"";""
"1325";"ЛЕГКОВОСПЛАМЕНЯЮЩЕЕСЯ ТВЕРДОЕ ВЕЩЕСТВО ОРГАНИЧЕСКОЕ, Н.У.К.";"";"NOT_ESTABLISHED_FOR_TRANSPORT_POSITION";"Единая ПДК не устанавливается: контролируется по компонентному составу.";"";"";""
"1326";"ГАФНИЙ — ПОРОШОК УВЛАЖНЕННЫЙ с долей воды не менее 25%";"";"NOT_ESTABLISHED_FOR_TRANSPORT_POSITION";"Отдельное значение для этой транспортной позиции в таблице 2.1 СанПиН 1.2.3685-21 не установлено.";"";"";""
"1327";"Сено, Полова или Солома";"";"NOT_ESTABLISHED_FOR_TRANSPORT_POSITION";"Отдельное значение для этой транспортной позиции в таблице 2.1 СанПиН 1.2.3685-21 не установлено.";"";"";""
"1328";"ГЕКСАМЕТИЛЕНТЕТРАМИН";"";"NOT_ESTABLISHED_FOR_TRANSPORT_POSITION";"Отдельное значение для этой транспортной позиции в таблице 2.1 СанПиН 1.2.3685-21 не установлено.";"";"";""
"1330";"МАРГАНЦА РЕЗИНАТ";"";"NOT_ESTABLISHED_FOR_TRANSPORT_POSITION";"Отдельное значение для этой транспортной позиции в таблице 2.1 СанПиН 1.2.3685-21 не установлено.";"";"";""
"1331";"СПИЧКИ СЕСКВИСУЛЬФИДНЫЕ";"";"NOT_ESTABLISHED_FOR_TRANSPORT_POSITION";"Отдельное значение для этой транспортной позиции в таблице 2.1 СанПиН 1.2.3685-21 не установлено.";"";"";""
"1332";"МЕТАЛЬДЕГИД";"";"NOT_ESTABLISHED_FOR_TRANSPORT_POSITION";"Отдельное значение для этой транспортной позиции в таблице 2.1 СанПиН 1.2.3685-21 не установлено.";"";"";""
"1333";"ЦЕРИЙ - пластинки, слитки или бруски";"";"NOT_ESTABLISHED_FOR_TRANSPORT_POSITION";"Отдельное значение для этой транспортной позиции в таблице 2.1 СанПиН 1.2.3685-21 не установлено.";"";"";""
"1334";"НАФТАЛИН СЫРОЙ";"";"NOT_ESTABLISHED_FOR_TRANSPORT_POSITION";"Отдельное значение для этой транспортной позиции в таблице 2.1 СанПиН 1.2.3685-21 не установлено.";"";"";""
"1334";"НАФТАЛИН ОЧИЩЕННЫЙ";"";"NOT_ESTABLISHED_FOR_TRANSPORT_POSITION";"Отдельное значение для этой транспортной позиции в таблице 2.1 СанПиН 1.2.3685-21 не установлено.";"";"";""
"1336";"НИТРОГУАНИДИН (ПИКРИТ) УВЛАЖНЕННЫЙ с массовой долей воды не менее 20%";"";"NOT_ESTABLISHED_FOR_TRANSPORT_POSITION";"Отдельное значение для этой транспортной позиции в таблице 2.1 СанПиН 1.2.3685-21 не установлено.";"";"";""
"1337";"НИТРОКРАХМАЛ УВЛАЖНЕННЫЙ с массовой долей воды не менее 20%";"";"NOT_ESTABLISHED_FOR_TRANSPORT_POSITION";"Отдельное значение для этой транспортной позиции в таблице 2.1 СанПиН 1.2.3685-21 не установлено.";"";"";""
"1338";"ФОСФОР АМОРФНЫЙ";"";"NOT_ESTABLISHED_FOR_TRANSPORT_POSITION";"Отдельное значение для этой транспортной позиции в таблице 2.1 СанПиН 1.2.3685-21 не установлено.";"";"";""
"1339";"ФОСФОРА ГЕПТАСУЛЬФИД, не содержащий желтого или белого фосфора";"";"NOT_ESTABLISHED_FOR_TRANSPORT_POSITION";"Отдельное значение для этой транспортной позиции в таблице 2.1 СанПиН 1.2.3685-21 не установлено.";"";"";""
"1340";"ФОСФОРА ПЕНТАСУЛЬФИД, не содержащий желтого или белого фосфора";"";"NOT_ESTABLISHED_FOR_TRANSPORT_POSITION";"Отдельное значение для этой транспортной позиции в таблице 2.1 СанПиН 1.2.3685-21 не установлено.";"";"";""
"1341";"ФОСФОРА СЕСКВИСУЛЬФИД, не содержащий желтого или белого фосфора";"";"NOT_ESTABLISHED_FOR_TRANSPORT_POSITION";"Отдельное значение для этой транспортной позиции в таблице 2.1 СанПиН 1.2.3685-21 не установлено.";"";"";""
"1343";"ФОСФОРА ТРИСУЛЬФИД, не содержащий желтого или белого фосфора";"";"NOT_ESTABLISHED_FOR_TRANSPORT_POSITION";"Отдельное значение для этой транспортной позиции в таблице 2.1 СанПиН 1.2.3685-21 не установлено.";"";"";""
"1344";"ТРИНИТРОФЕНОЛ (КИСЛОТА ПИКРИНОВАЯ) УВЛАЖНЕННЫЙ с массовой долей воды не менее 30%";"";"NOT_ESTABLISHED_FOR_TRANSPORT_POSITION";"Отдельное значение для этой транспортной позиции в таблице 2.1 СанПиН 1.2.3685-21 не установлено.";"";"";""
"1345";"КАУЧУК В ОТХОДАХ - порошок или гранулы";"";"NOT_ESTABLISHED_FOR_TRANSPORT_POSITION";"Единая ПДК не устанавливается: контролируется по компонентному составу.";"";"";""
"1345";"КАУЧУК РЕГЕНЕРИРОВАННЫЙ - порошок или гранулы";"";"NOT_ESTABLISHED_FOR_TRANSPORT_POSITION";"Отдельное значение для этой транспортной позиции в таблице 2.1 СанПиН 1.2.3685-21 не установлено.";"";"";""
"1346";"КРЕМНИЕВЫЙ ПОРОШОК АМОРФНЫЙ";"";"NOT_ESTABLISHED_FOR_TRANSPORT_POSITION";"Отдельное значение для этой транспортной позиции в таблице 2.1 СанПиН 1.2.3685-21 не установлено.";"";"";""
"1347";"СЕРЕБРА ПИКРАТ УВЛАЖНЕННЫЙ с массовой долей воды не менее 30%";"";"NOT_ESTABLISHED_FOR_TRANSPORT_POSITION";"Отдельное значение для этой транспортной позиции в таблице 2.1 СанПиН 1.2.3685-21 не установлено.";"";"";""
"1348";"НАТРИЯ ДИНИТРО-о-КРЕЗОЛЯТ УВЛАЖНЕННЫЙ с массовой долей воды не менее 15%";"";"NOT_ESTABLISHED_FOR_TRANSPORT_POSITION";"Отдельное значение для этой транспортной позиции в таблице 2.1 СанПиН 1.2.3685-21 не установлено.";"";"";""
"1349";"НАТРИЯ ПИКРАМАТ УВЛАЖНЕННЫЙ с массовой долей воды не менее 20%";"";"NOT_ESTABLISHED_FOR_TRANSPORT_POSITION";"Отдельное значение для этой транспортной позиции в таблице 2.1 СанПиН 1.2.3685-21 не установлено.";"";"";""
"1350";"СЕРА";"";"MATCHED_SANPIN_2_1";"-/6 мг/м³ (максимальная разовая / среднесменная)";"1834";"Сера";"name"
"1352";"ТИТАН — ПОРОШОК УВЛАЖНЕННЫЙ с долей воды не менее 25%";"";"NOT_ESTABLISHED_FOR_TRANSPORT_POSITION";"Отдельное значение для этой транспортной позиции в таблице 2.1 СанПиН 1.2.3685-21 не установлено.";"";"";""
"1353";"ВОЛОКНА, ПРОПИТАННЫЕ НИТРОЦЕЛЛЮЛОЗОЙ С НИЗКИМ СОДЕРЖАНИЕМ НИТРАТОВ, Н.У.К.";"";"NOT_ESTABLISHED_FOR_TRANSPORT_POSITION";"Единая ПДК не устанавливается: контролируется по компонентному составу.";"";"";""
"1353";"ТКАНИ, ПРОПИТАННЫЕ НИТРОЦЕЛЛЮЛОЗОЙ С НИЗКИМ СОДЕРЖАНИЕМ НИТРАТОВ, Н.У.К.";"";"NOT_ESTABLISHED_FOR_TRANSPORT_POSITION";"Единая ПДК не устанавливается: контролируется по компонентному составу.";"";"";""
"1354";"ТРИНИТРОБЕНЗОЛ УВЛАЖНЕННЫЙ с массовой долей воды не менее 30%";"";"NOT_ESTABLISHED_FOR_TRANSPORT_POSITION";"Отдельное значение для этой транспортной позиции в таблице 2.1 СанПиН 1.2.3685-21 не установлено.";"";"";""
"1355";"КИСЛОТА ТРИНИТРОБЕНЗОЙНАЯ УВЛАЖНЕННАЯ с массовой долей воды не менее 30%";"";"MATCHED_SANPIN_2_1";"1 мг/м³";"2152";"М-Фенил-2,4,6-тринитробензамид+ (2,4,6-тринитробензойной кислоты анилид)";"name"
"1356";"ТРИНИТРОТОЛУОЛ (ТНТ) УВЛАЖНЕННЫЙ с массовой долей воды не менее 30%";"";"NOT_ESTABLISHED_FOR_TRANSPORT_POSITION";"Отдельное значение для этой транспортной позиции в таблице 2.1 СанПиН 1.2.3685-21 не установлено.";"";"";""
"1357";"КАРБАМИДА НИТРАТ УВЛАЖНЕННЫЙ с массовой долей воды не менее 20%";"";"NOT_ESTABLISHED_FOR_TRANSPORT_POSITION";"Отдельное значение для этой транспортной позиции в таблице 2.1 СанПиН 1.2.3685-21 не установлено.";"";"";""
"1358";"ЦИРКОНИЕВЫЙ ПОРОШОК УВЛАЖНЕННЫЙ с долей воды не менее 25%";"";"NOT_ESTABLISHED_FOR_TRANSPORT_POSITION";"Отдельное значение для этой транспортной позиции в таблице 2.1 СанПиН 1.2.3685-21 не установлено.";"";"";""
"1360";"КАЛЬЦИЯ ФОСФИД";"";"NOT_ESTABLISHED_FOR_TRANSPORT_POSITION";"Отдельное значение для этой транспортной позиции в таблице 2.1 СанПиН 1.2.3685-21 не установлено.";"";"";""
"1361";"УГОЛЬ животного или растительного происхождения";"";"NOT_ESTABLISHED_FOR_TRANSPORT_POSITION";"Отдельное значение для этой транспортной позиции в таблице 2.1 СанПиН 1.2.3685-21 не установлено.";"";"";""
"1362";"УГОЛЬ АКТИВИРОВАННЫЙ";"";"NOT_ESTABLISHED_FOR_TRANSPORT_POSITION";"Отдельное значение для этой транспортной позиции в таблице 2.1 СанПиН 1.2.3685-21 не установлено.";"";"";""
"1363";"КОПРА";"";"NOT_ESTABLISHED_FOR_TRANSPORT_POSITION";"Отдельное значение для этой транспортной позиции в таблице 2.1 СанПиН 1.2.3685-21 не установлено.";"";"";""
"1364";"ХЛОПКА ОТХОДЫ, ПРОПИТАННЫЕ МАСЛОМ";"";"NOT_ESTABLISHED_FOR_TRANSPORT_POSITION";"Единая ПДК не устанавливается: контролируется по компонентному составу.";"";"";""
"1365";"ХЛОПОК ВЛАЖНЫЙ";"";"NOT_ESTABLISHED_FOR_TRANSPORT_POSITION";"Отдельное значение для этой транспортной позиции в таблице 2.1 СанПиН 1.2.3685-21 не установлено.";"";"";""
"1369";"п-НИТРОЗОДИМЕТИЛАНИЛИН";"";"NOT_ESTABLISHED_FOR_TRANSPORT_POSITION";"Отдельное значение для этой транспортной позиции в таблице 2.1 СанПиН 1.2.3685-21 не установлено.";"";"";""
"1372";"Волокна животного происхождения или волокна растительного происхождения сожженные, влажные или сырые";"";"NOT_ESTABLISHED_FOR_TRANSPORT_POSITION";"Отдельное значение для этой транспортной позиции в таблице 2.1 СанПиН 1.2.3685-21 не установлено.";"";"";""
"1373";"ВОЛОКНА ЖИВОТНОГО ПРОИСХОЖДЕНИЯ, Н.У.К., пропитанные маслом";"";"NOT_ESTABLISHED_FOR_TRANSPORT_POSITION";"Единая ПДК не устанавливается: контролируется по компонентному составу.";"";"";""
"1373";"ВОЛОКНА РАСТИТЕЛЬНОГО ПРОИСХОЖДЕНИЯ, Н.У.К., пропитанные маслом";"";"NOT_ESTABLISHED_FOR_TRANSPORT_POSITION";"Единая ПДК не устанавливается: контролируется по компонентному составу.";"";"";""
"1373";"ВОЛОКНА СИНТЕТИЧЕСКОГО ПРОИСХОЖДЕНИЯ, Н.У.К., пропитанные маслом";"";"NOT_ESTABLISHED_FOR_TRANSPORT_POSITION";"Единая ПДК не устанавливается: контролируется по компонентному составу.";"";"";""
"1373";"ТКАНИ ЖИВОТНОГО ПРОИСХОЖДЕНИЯ, Н.У.К., пропитанные маслом";"";"NOT_ESTABLISHED_FOR_TRANSPORT_POSITION";"Единая ПДК не устанавливается: контролируется по компонентному составу.";"";"";""
"1373";"ТКАНИ РАСТИТЕЛЬНОГО ПРОИСХОЖДЕНИЯ, Н.У.К., пропитанные маслом";"";"NOT_ESTABLISHED_FOR_TRANSPORT_POSITION";"Единая ПДК не устанавливается: контролируется по компонентному составу.";"";"";""
"1373";"ТКАНИ СИНТЕТИЧЕСКОГО ПРОИСХОЖДЕНИЯ, Н.У.К., пропитанные маслом";"";"NOT_ESTABLISHED_FOR_TRANSPORT_POSITION";"Единая ПДК не устанавливается: контролируется по компонентному составу.";"";"";""
"1374";"МУКА РЫБНАЯ (РЫБНЫЕ ОТХОДЫ) НЕСТАБИЛИЗИРОВАНАЯ";"";"NOT_ESTABLISHED_FOR_TRANSPORT_POSITION";"Единая ПДК не устанавливается: контролируется по компонентному составу.";"";"";""
"1376";"ЖЕЛЕЗА ОКСИД ОТРАБОТАННЫЙ — ОТХОДЫ, полученные при очистке каменноугольного газа";"";"NOT_ESTABLISHED_FOR_TRANSPORT_POSITION";"Единая ПДК не устанавливается: контролируется по компонентному составу.";"";"";""
"1376";"ЖЕЛЕЗО ГУБЧАТОЕ — ОТХОДЫ, полученные при очистке каменноугольного газа";"";"NOT_ESTABLISHED_FOR_TRANSPORT_POSITION";"Единая ПДК не устанавливается: контролируется по компонентному составу.";"";"";""
"1378";"КАТАЛИЗАТОР МЕТАЛЛИЧЕСКИЙ УВЛАЖНЕННЫЙ с видимым избытком жидкости";"";"NOT_ESTABLISHED_FOR_TRANSPORT_POSITION";"Отдельное значение для этой транспортной позиции в таблице 2.1 СанПиН 1.2.3685-21 не установлено.";"";"";""
"1379";"БУМАГА, ОБРАБОТАННАЯ НЕНАСЫЩЕННЫМИ МАСЛАМИ, не полностью высушенная (включая бумагу копировальную)";"";"NOT_ESTABLISHED_FOR_TRANSPORT_POSITION";"Отдельное значение для этой транспортной позиции в таблице 2.1 СанПиН 1.2.3685-21 не установлено.";"";"";""
"1380";"ПЕНТАБОРАН";"";"NOT_ESTABLISHED_FOR_TRANSPORT_POSITION";"Отдельное значение для этой транспортной позиции в таблице 2.1 СанПиН 1.2.3685-21 не установлено.";"";"";""
"1381";"ФОСФОР БЕЛЫЙ ПОД ВОДОЙ";"";"NOT_ESTABLISHED_FOR_TRANSPORT_POSITION";"Отдельное значение для этой транспортной позиции в таблице 2.1 СанПиН 1.2.3685-21 не установлено.";"";"";""
"1381";"ФОСФОР БЕЛЫЙ В РАСТВОРЕ";"";"NOT_ESTABLISHED_FOR_TRANSPORT_POSITION";"Отдельное значение для этой транспортной позиции в таблице 2.1 СанПиН 1.2.3685-21 не установлено.";"";"";""
"1381";"ФОСФОР ЖЕЛТЫЙ ПОД ВОДОЙ";"";"NOT_ESTABLISHED_FOR_TRANSPORT_POSITION";"Отдельное значение для этой транспортной позиции в таблице 2.1 СанПиН 1.2.3685-21 не установлено.";"";"";""
"1381";"ФОСФОР ЖЕЛТЫЙ В РАСТВОРЕ";"";"NOT_ESTABLISHED_FOR_TRANSPORT_POSITION";"Отдельное значение для этой транспортной позиции в таблице 2.1 СанПиН 1.2.3685-21 не установлено.";"";"";""
"1381";"ФОСФОР БЕЛЫЙ СУХОЙ";"";"MATCHED_SANPIN_2_1";"0,1/0,03 мг/м³ (максимальная разовая / среднесменная)";"2192";"Фосфор (желтый, белый)";"name"
"1381";"ФОСФОР ЖЕЛТЫЙ СУХОЙ";"";"MATCHED_SANPIN_2_1";"0,1/0,03 мг/м³ (максимальная разовая / среднесменная)";"2192";"Фосфор (желтый, белый)";"name"
"1382";"КАЛИЯ СУЛЬФИД БЕЗВОДНЫЙ";"";"NOT_ESTABLISHED_FOR_TRANSPORT_POSITION";"Отдельное значение для этой транспортной позиции в таблице 2.1 СанПиН 1.2.3685-21 не установлено.";"";"";""
"1382";"КАЛИЯ СУЛЬФИД с долей кристаллизационной воды менее 30%";"";"NOT_ESTABLISHED_FOR_TRANSPORT_POSITION";"Отдельное значение для этой транспортной позиции в таблице 2.1 СанПиН 1.2.3685-21 не установлено.";"";"";""
"1383";"МЕТАЛЛ ПИРОФОРНЫЙ, Н.У.К.";"";"NOT_ESTABLISHED_FOR_TRANSPORT_POSITION";"Единая ПДК не устанавливается: контролируется по компонентному составу.";"";"";""
"1383";"СПЛАВ ПИРОФОРНЫЙ, Н.У.К.";"";"NOT_ESTABLISHED_FOR_TRANSPORT_POSITION";"Единая ПДК не устанавливается: контролируется по компонентному составу.";"";"";""
"1384";"НАТРИЯ ДИТИОНИТ (НАТРИЯ ГИДРОСУЛЬФИТ)";"";"NOT_ESTABLISHED_FOR_TRANSPORT_POSITION";"Отдельное значение для этой транспортной позиции в таблице 2.1 СанПиН 1.2.3685-21 не установлено.";"";"";""
"1385";"НАТРИЯ СУЛЬФИД БЕЗВОДНЫЙ";"";"NOT_ESTABLISHED_FOR_TRANSPORT_POSITION";"Отдельное значение для этой транспортной позиции в таблице 2.1 СанПиН 1.2.3685-21 не установлено.";"";"";""
"1385";"НАТРИЯ СУЛЬФИД с долей кристаллизационной воды менее 30%";"";"NOT_ESTABLISHED_FOR_TRANSPORT_POSITION";"Отдельное значение для этой транспортной позиции в таблице 2.1 СанПиН 1.2.3685-21 не установлено.";"";"";""
"1386";"ЖМЫХ с массовой долей масла более 1,5% и влаги не более 11%";"";"NOT_ESTABLISHED_FOR_TRANSPORT_POSITION";"Отдельное значение для этой транспортной позиции в таблице 2.1 СанПиН 1.2.3685-21 не установлено.";"";"";""
"1387";"Шерсти отходы влажные";"";"NOT_ESTABLISHED_FOR_TRANSPORT_POSITION";"Единая ПДК не устанавливается: контролируется по компонентному составу.";"";"";""
"1389";"АМАЛЬГАМА ЩЕЛОЧНЫХ МЕТАЛЛОВ ЖИДКАЯ";"";"NOT_ESTABLISHED_FOR_TRANSPORT_POSITION";"Отдельное значение для этой транспортной позиции в таблице 2.1 СанПиН 1.2.3685-21 не установлено.";"";"";""
"1390";"АМИДЫ ЩЕЛОЧНЫХ МЕТАЛЛОВ";"";"NOT_ESTABLISHED_FOR_TRANSPORT_POSITION";"Отдельное значение для этой транспортной позиции в таблице 2.1 СанПиН 1.2.3685-21 не установлено.";"";"";""
"1391";"МЕТАЛЛ ЩЕЛОЧНОЙ ДИСПЕРГИРОВАННЫЙ";"";"NOT_ESTABLISHED_FOR_TRANSPORT_POSITION";"Отдельное значение для этой транспортной позиции в таблице 2.1 СанПиН 1.2.3685-21 не установлено.";"";"";""
"1391";"МЕТАЛЛ ЩЕЛОЧНОЗЕМЕЛЬНЫЙ ДИСПЕРГИРОВАННЫЙ";"";"NOT_ESTABLISHED_FOR_TRANSPORT_POSITION";"Отдельное значение для этой транспортной позиции в таблице 2.1 СанПиН 1.2.3685-21 не установлено.";"";"";""
"1392";"АМАЛЬГАМА ЩЕЛОЧНОЗЕМЕЛЬНЫХ МЕТАЛЛОВ ЖИДКАЯ";"";"NOT_ESTABLISHED_FOR_TRANSPORT_POSITION";"Отдельное значение для этой транспортной позиции в таблице 2.1 СанПиН 1.2.3685-21 не установлено.";"";"";""
"1393";"ЩЕЛОЧНОЗЕМЕЛЬНЫХ МЕТАЛЛОВ СПЛАВ, Н.У.К.";"";"NOT_ESTABLISHED_FOR_TRANSPORT_POSITION";"Единая ПДК не устанавливается: контролируется по компонентному составу.";"";"";""
"1394";"АЛЮМИНИЯ КАРБИД";"";"NOT_ESTABLISHED_FOR_TRANSPORT_POSITION";"Отдельное значение для этой транспортной позиции в таблице 2.1 СанПиН 1.2.3685-21 не установлено.";"";"";""
"1395";"АЛЮМИНИЯ И ФЕРРОСИЛИЦИЯ ПОРОШОК";"";"NOT_ESTABLISHED_FOR_TRANSPORT_POSITION";"Отдельное значение для этой транспортной позиции в таблице 2.1 СанПиН 1.2.3685-21 не установлено.";"";"";""
"1396";"АЛЮМИНИЯ ПОРОШОК НЕПОКРЫТЫЙ";"";"NOT_ESTABLISHED_FOR_TRANSPORT_POSITION";"Отдельное значение для этой транспортной позиции в таблице 2.1 СанПиН 1.2.3685-21 не установлено.";"";"";""
"1397";"АЛЮМИНИЯ ФОСФИД";"";"NOT_ESTABLISHED_FOR_TRANSPORT_POSITION";"Отдельное значение для этой транспортной позиции в таблице 2.1 СанПиН 1.2.3685-21 не установлено.";"";"";""
"1398";"АЛЮМИНИЕВО-КРЕМНИСТЫЙ - ПОРОШОК НЕПОКРЫТЫЙ";"";"NOT_ESTABLISHED_FOR_TRANSPORT_POSITION";"Отдельное значение для этой транспортной позиции в таблице 2.1 СанПиН 1.2.3685-21 не установлено.";"";"";""
"1400";"БАРИЙ";"";"NOT_ESTABLISHED_FOR_TRANSPORT_POSITION";"Отдельное значение для этой транспортной позиции в таблице 2.1 СанПиН 1.2.3685-21 не установлено.";"";"";""
"1401";"КАЛЬЦИЙ";"";"NOT_ESTABLISHED_FOR_TRANSPORT_POSITION";"Отдельное значение для этой транспортной позиции в таблице 2.1 СанПиН 1.2.3685-21 не установлено.";"";"";""
"1402";"КАЛЬЦИЯ КАРБИД";"";"NOT_ESTABLISHED_FOR_TRANSPORT_POSITION";"Отдельное значение для этой транспортной позиции в таблице 2.1 СанПиН 1.2.3685-21 не установлено.";"";"";""
"1403";"КАЛЬЦИЯ ЦИАНАМИД с массовой долей карбида кальция более 0,1%";"";"MATCHED_SANPIN_2_1";"1 мг/м³";"2307";"Цианамид кальция (карбаминовой кислоты нитрил, соединение с кальцием)";"name"
"1404";"КАЛЬЦИЯ ГИДРИД";"";"NOT_ESTABLISHED_FOR_TRANSPORT_POSITION";"Отдельное значение для этой транспортной позиции в таблице 2.1 СанПиН 1.2.3685-21 не установлено.";"";"";""
"1405";"КАЛЬЦИЯ СИЛИЦИД";"";"NOT_ESTABLISHED_FOR_TRANSPORT_POSITION";"Отдельное значение для этой транспортной позиции в таблице 2.1 СанПиН 1.2.3685-21 не установлено.";"";"";""
"1407";"ЦЕЗИЙ";"";"NOT_ESTABLISHED_FOR_TRANSPORT_POSITION";"Отдельное значение для этой транспортной позиции в таблице 2.1 СанПиН 1.2.3685-21 не установлено.";"";"";""
"1408";"ФЕРРОСИЛИЦИЙ с массовой долей кремния не менее 30%, но менее 90%";"";"NOT_ESTABLISHED_FOR_TRANSPORT_POSITION";"Отдельное значение для этой транспортной позиции в таблице 2.1 СанПиН 1.2.3685-21 не установлено.";"";"";""
"1409";"ГИДРИДЫ МЕТАЛЛОВ, РЕАГИРУЮЩИЕ С ВОДОЙ, Н.У.К.";"";"NOT_ESTABLISHED_FOR_TRANSPORT_POSITION";"Единая ПДК не устанавливается: контролируется по компонентному составу.";"";"";""
"1410";"ЛИТИЯ АЛЮМОГИДРИД";"";"NOT_ESTABLISHED_FOR_TRANSPORT_POSITION";"Отдельное значение для этой транспортной позиции в таблице 2.1 СанПиН 1.2.3685-21 не установлено.";"";"";""
"1411";"ЛИТИЯ АЛЮМОГИДРИД В ЭФИРЕ";"";"NOT_ESTABLISHED_FOR_TRANSPORT_POSITION";"Отдельное значение для этой транспортной позиции в таблице 2.1 СанПиН 1.2.3685-21 не установлено.";"";"";""
"1413";"ЛИТИЯ БОРГИДРИД";"";"NOT_ESTABLISHED_FOR_TRANSPORT_POSITION";"Отдельное значение для этой транспортной позиции в таблице 2.1 СанПиН 1.2.3685-21 не установлено.";"";"";""
"1414";"ЛИТИЯ ГИДРИД";"";"NOT_ESTABLISHED_FOR_TRANSPORT_POSITION";"Отдельное значение для этой транспортной позиции в таблице 2.1 СанПиН 1.2.3685-21 не установлено.";"";"";""
"1415";"ЛИТИЙ";"";"NOT_ESTABLISHED_FOR_TRANSPORT_POSITION";"Отдельное значение для этой транспортной позиции в таблице 2.1 СанПиН 1.2.3685-21 не установлено.";"";"";""
"1417";"ЛИТИЙ КРЕМНИСТЫЙ";"";"NOT_ESTABLISHED_FOR_TRANSPORT_POSITION";"Отдельное значение для этой транспортной позиции в таблице 2.1 СанПиН 1.2.3685-21 не установлено.";"";"";""
"1418";"МАГНИЙ — ПОРОШОК";"";"NOT_ESTABLISHED_FOR_TRANSPORT_POSITION";"Отдельное значение для этой транспортной позиции в таблице 2.1 СанПиН 1.2.3685-21 не установлено.";"";"";""
"1418";"МАГНИЯ СПЛАВЫ — ПОРОШОК";"";"NOT_ESTABLISHED_FOR_TRANSPORT_POSITION";"Отдельное значение для этой транспортной позиции в таблице 2.1 СанПиН 1.2.3685-21 не установлено.";"";"";""
"1419";"МАГНИЯ-АЛЮМИНИЯ ФОСФИД";"";"NOT_ESTABLISHED_FOR_TRANSPORT_POSITION";"Отдельное значение для этой транспортной позиции в таблице 2.1 СанПиН 1.2.3685-21 не установлено.";"";"";""
"1420";"КАЛИЯ МЕТАЛЛИЧЕСКИЕ СПЛАВЫ ЖИДКИЕ";"";"NOT_ESTABLISHED_FOR_TRANSPORT_POSITION";"Отдельное значение для этой транспортной позиции в таблице 2.1 СанПиН 1.2.3685-21 не установлено.";"";"";""
"1421";"ЩЕЛОЧНЫХ МЕТАЛЛОВ СПЛАВ ЖИДКИЙ, Н.У.К.";"";"NOT_ESTABLISHED_FOR_TRANSPORT_POSITION";"Единая ПДК не устанавливается: контролируется по компонентному составу.";"";"";""
"1422";"КАЛИЯ-НАТРИЯ СПЛАВЫ ЖИДКИЕ";"";"NOT_ESTABLISHED_FOR_TRANSPORT_POSITION";"Отдельное значение для этой транспортной позиции в таблице 2.1 СанПиН 1.2.3685-21 не установлено.";"";"";""
"1423";"РУБИДИЙ";"";"NOT_ESTABLISHED_FOR_TRANSPORT_POSITION";"Отдельное значение для этой транспортной позиции в таблице 2.1 СанПиН 1.2.3685-21 не установлено.";"";"";""
"1426";"НАТРИЯ БОРГИДРИД";"";"NOT_ESTABLISHED_FOR_TRANSPORT_POSITION";"Отдельное значение для этой транспортной позиции в таблице 2.1 СанПиН 1.2.3685-21 не установлено.";"";"";""
"1427";"НАТРИЯ ГИДРИД";"";"NOT_ESTABLISHED_FOR_TRANSPORT_POSITION";"Отдельное значение для этой транспортной позиции в таблице 2.1 СанПиН 1.2.3685-21 не установлено.";"";"";""
"1428";"НАТРИЙ";"";"MATCHED_SANPIN_2_1";"1,5/0,5 мг/м³ (максимальная разовая / среднесменная)";"74";"4-Амино-2-гидроксибензоат натрия (п-аминосалицилат натрия; ПАСК; Натрий П.А.С.)";"name"
"1431";"НАТРИЯ МЕТИЛАТ";"";"NOT_ESTABLISHED_FOR_TRANSPORT_POSITION";"Отдельное значение для этой транспортной позиции в таблице 2.1 СанПиН 1.2.3685-21 не установлено.";"";"";""
"1432";"НАТРИЯ ФОСФИД";"";"NOT_ESTABLISHED_FOR_TRANSPORT_POSITION";"Отдельное значение для этой транспортной позиции в таблице 2.1 СанПиН 1.2.3685-21 не установлено.";"";"";""
"1433";"ОЛОВА ФОСФИДЫ";"";"NOT_ESTABLISHED_FOR_TRANSPORT_POSITION";"Отдельное значение для этой транспортной позиции в таблице 2.1 СанПиН 1.2.3685-21 не установлено.";"";"";""
"1435";"ШЛАК ЦИНКОВЫЙ";"";"NOT_ESTABLISHED_FOR_TRANSPORT_POSITION";"Отдельное значение для этой транспортной позиции в таблице 2.1 СанПиН 1.2.3685-21 не установлено.";"";"";""
"1436";"ЦИНКОВЫЙ ПОРОШОК";"";"NOT_ESTABLISHED_FOR_TRANSPORT_POSITION";"Отдельное значение для этой транспортной позиции в таблице 2.1 СанПиН 1.2.3685-21 не установлено.";"";"";""
"1436";"ЦИНКОВАЯ ПЫЛЬ";"";"NOT_ESTABLISHED_FOR_TRANSPORT_POSITION";"Отдельное значение для этой транспортной позиции в таблице 2.1 СанПиН 1.2.3685-21 не установлено.";"";"";""
"1437";"ЦИРКОНИЯ ГИДРИД";"";"NOT_ESTABLISHED_FOR_TRANSPORT_POSITION";"Отдельное значение для этой транспортной позиции в таблице 2.1 СанПиН 1.2.3685-21 не установлено.";"";"";""
"1438";"АЛЮМИНИЯ НИТРАТ";"";"NOT_ESTABLISHED_FOR_TRANSPORT_POSITION";"Отдельное значение для этой транспортной позиции в таблице 2.1 СанПиН 1.2.3685-21 не установлено.";"";"";""
"1439";"АММОНИЯ ДИХРОМАТ";"";"NOT_ESTABLISHED_FOR_TRANSPORT_POSITION";"Отдельное значение для этой транспортной позиции в таблице 2.1 СанПиН 1.2.3685-21 не установлено.";"";"";""
"1442";"АММОНИЯ ПЕРХЛОРАТ";"";"NOT_ESTABLISHED_FOR_TRANSPORT_POSITION";"Отдельное значение для этой транспортной позиции в таблице 2.1 СанПиН 1.2.3685-21 не установлено.";"";"";""
"1444";"АММОНИЯ ПЕРСУЛЬФАТ";"";"NOT_ESTABLISHED_FOR_TRANSPORT_POSITION";"Отдельное значение для этой транспортной позиции в таблице 2.1 СанПиН 1.2.3685-21 не установлено.";"";"";""
"1445";"БАРИЯ ХЛОРАТ ТВЕРДЫЙ";"";"NOT_ESTABLISHED_FOR_TRANSPORT_POSITION";"Отдельное значение для этой транспортной позиции в таблице 2.1 СанПиН 1.2.3685-21 не установлено.";"";"";""
"1446";"БАРИЯ НИТРАТ";"";"NOT_ESTABLISHED_FOR_TRANSPORT_POSITION";"Отдельное значение для этой транспортной позиции в таблице 2.1 СанПиН 1.2.3685-21 не установлено.";"";"";""
"1447";"БАРИЯ ПЕРХЛОРАТ ТВЕРДЫЙ";"";"NOT_ESTABLISHED_FOR_TRANSPORT_POSITION";"Отдельное значение для этой транспортной позиции в таблице 2.1 СанПиН 1.2.3685-21 не установлено.";"";"";""
"1448";"БАРИЯ ПЕРМАНГАНАТ";"";"NOT_ESTABLISHED_FOR_TRANSPORT_POSITION";"Отдельное значение для этой транспортной позиции в таблице 2.1 СанПиН 1.2.3685-21 не установлено.";"";"";""
"1449";"БАРИЯ ПЕРОКСИД";"";"NOT_ESTABLISHED_FOR_TRANSPORT_POSITION";"Отдельное значение для этой транспортной позиции в таблице 2.1 СанПиН 1.2.3685-21 не установлено.";"";"";""
"1450";"БРОМАТЫ НЕОРГАНИЧЕСКИЕ, Н.У.К.";"";"NOT_ESTABLISHED_FOR_TRANSPORT_POSITION";"Единая ПДК не устанавливается: контролируется по компонентному составу.";"";"";""
"1451";"ЦЕЗИЯ НИТРАТ";"";"NOT_ESTABLISHED_FOR_TRANSPORT_POSITION";"Отдельное значение для этой транспортной позиции в таблице 2.1 СанПиН 1.2.3685-21 не установлено.";"";"";""
"1452";"КАЛЬЦИЯ ХЛОРАТ";"";"NOT_ESTABLISHED_FOR_TRANSPORT_POSITION";"Отдельное значение для этой транспортной позиции в таблице 2.1 СанПиН 1.2.3685-21 не установлено.";"";"";""
"1453";"КАЛЬЦИЯ ХЛОРИТ";"";"NOT_ESTABLISHED_FOR_TRANSPORT_POSITION";"Отдельное значение для этой транспортной позиции в таблице 2.1 СанПиН 1.2.3685-21 не установлено.";"";"";""
"1454";"КАЛЬЦИЯ НИТРАТ";"";"MATCHED_SANPIN_2_1";"6 мг/м³";"180";"Аммоний нитрат с кальцием, магнием дикарбонатом (удобрение КАН) (контроль по нитрату аммония)";"name"
"1455";"КАЛЬЦИЯ ПЕРХЛОРАТ";"";"NOT_ESTABLISHED_FOR_TRANSPORT_POSITION";"Отдельное значение для этой транспортной позиции в таблице 2.1 СанПиН 1.2.3685-21 не установлено.";"";"";""
"1456";"КАЛЬЦИЯ ПЕРМАНГАНАТ";"";"NOT_ESTABLISHED_FOR_TRANSPORT_POSITION";"Отдельное значение для этой транспортной позиции в таблице 2.1 СанПиН 1.2.3685-21 не установлено.";"";"";""
"1457";"КАЛЬЦИЯ ПЕРОКСИД";"";"NOT_ESTABLISHED_FOR_TRANSPORT_POSITION";"Отдельное значение для этой транспортной позиции в таблице 2.1 СанПиН 1.2.3685-21 не установлено.";"";"";""
"1458";"ХЛОРАТА И БОРАТА СМЕСЬ";"";"NOT_ESTABLISHED_FOR_TRANSPORT_POSITION";"Единая ПДК не устанавливается: контролируется по компонентному составу.";"";"";""
"1459";"ХЛОРАТА И МАГНИЯ ХЛОРИДА СМЕСЬ ТВЕРДАЯ";"";"NOT_ESTABLISHED_FOR_TRANSPORT_POSITION";"Единая ПДК не устанавливается: контролируется по компонентному составу.";"";"";""
"1461";"ХЛОРАТЫ НЕОРГАНИЧЕСКИЕ, Н.У.К.";"";"NOT_ESTABLISHED_FOR_TRANSPORT_POSITION";"Единая ПДК не устанавливается: контролируется по компонентному составу.";"";"";""
"1462";"ХЛОРИТЫ НЕОРГАНИЧЕСКИЕ, Н.У.К.";"";"NOT_ESTABLISHED_FOR_TRANSPORT_POSITION";"Единая ПДК не устанавливается: контролируется по компонентному составу.";"";"";""
"1463";"ХРОМА ТРИОКСИД БЕЗВОДНЫЙ";"";"NOT_ESTABLISHED_FOR_TRANSPORT_POSITION";"Отдельное значение для этой транспортной позиции в таблице 2.1 СанПиН 1.2.3685-21 не установлено.";"";"";""
"1465";"ДИДИМА НИТРАТ";"";"NOT_ESTABLISHED_FOR_TRANSPORT_POSITION";"Отдельное значение для этой транспортной позиции в таблице 2.1 СанПиН 1.2.3685-21 не установлено.";"";"";""
"1466";"ЖЕЛЕЗА НИТРАТ";"";"NOT_ESTABLISHED_FOR_TRANSPORT_POSITION";"Отдельное значение для этой транспортной позиции в таблице 2.1 СанПиН 1.2.3685-21 не установлено.";"";"";""
"1467";"ГУАНИДИНА НИТРАТ";"";"NOT_ESTABLISHED_FOR_TRANSPORT_POSITION";"Отдельное значение для этой транспортной позиции в таблице 2.1 СанПиН 1.2.3685-21 не установлено.";"";"";""
"1469";"СВИНЦА НИТРАТ";"";"NOT_ESTABLISHED_FOR_TRANSPORT_POSITION";"Отдельное значение для этой транспортной позиции в таблице 2.1 СанПиН 1.2.3685-21 не установлено.";"";"";""
"1470";"СВИНЦА ПЕРХЛОРАТ ТВЕРДЫЙ";"";"NOT_ESTABLISHED_FOR_TRANSPORT_POSITION";"Отдельное значение для этой транспортной позиции в таблице 2.1 СанПиН 1.2.3685-21 не установлено.";"";"";""
"1471";"ЛИТИЯ ГИПОХЛОРИТА СМЕСЬ";"";"NOT_ESTABLISHED_FOR_TRANSPORT_POSITION";"Единая ПДК не устанавливается: контролируется по компонентному составу.";"";"";""
"1471";"ЛИТИЯ ГИПОХЛОРИТ СУХОЙ";"";"NOT_ESTABLISHED_FOR_TRANSPORT_POSITION";"Отдельное значение для этой транспортной позиции в таблице 2.1 СанПиН 1.2.3685-21 не установлено.";"";"";""
"1472";"ЛИТИЯ ПЕРОКСИД";"";"NOT_ESTABLISHED_FOR_TRANSPORT_POSITION";"Отдельное значение для этой транспортной позиции в таблице 2.1 СанПиН 1.2.3685-21 не установлено.";"";"";""
"1473";"МАГНИЯ БРОМАТ";"";"NOT_ESTABLISHED_FOR_TRANSPORT_POSITION";"Отдельное значение для этой транспортной позиции в таблице 2.1 СанПиН 1.2.3685-21 не установлено.";"";"";""
"1474";"МАГНИЯ НИТРАТ";"";"MATCHED_SANPIN_2_1";"6 мг/м³";"180";"Аммоний нитрат с кальцием, магнием дикарбонатом (удобрение КАН) (контроль по нитрату аммония)";"name"
"1475";"МАГНИЯ ПЕРХЛОРАТ";"";"NOT_ESTABLISHED_FOR_TRANSPORT_POSITION";"Отдельное значение для этой транспортной позиции в таблице 2.1 СанПиН 1.2.3685-21 не установлено.";"";"";""
"1476";"МАГНИЯ ПЕРОКСИД";"";"NOT_ESTABLISHED_FOR_TRANSPORT_POSITION";"Отдельное значение для этой транспортной позиции в таблице 2.1 СанПиН 1.2.3685-21 не установлено.";"";"";""
"1477";"НИТРАТЫ НЕОРГАНИЧЕСКИЕ, Н.У.К.";"";"NOT_ESTABLISHED_FOR_TRANSPORT_POSITION";"Единая ПДК не устанавливается: контролируется по компонентному составу.";"";"";""
"1479";"ОКИСЛЯЮЩЕЕ ВЕЩЕСТВО ТВЕРДОЕ, Н.У.К.";"";"NOT_ESTABLISHED_FOR_TRANSPORT_POSITION";"Единая ПДК не устанавливается: контролируется по компонентному составу.";"";"";""
"1481";"ПЕРХЛОРАТЫ НЕОРГАНИЧЕСКИЕ, Н.У.К.";"";"NOT_ESTABLISHED_FOR_TRANSPORT_POSITION";"Единая ПДК не устанавливается: контролируется по компонентному составу.";"";"";""
"1482";"ПЕРМАНГАНАТЫ НЕОРГАНИЧЕСКИЕ, Н.У.К.";"";"NOT_ESTABLISHED_FOR_TRANSPORT_POSITION";"Единая ПДК не устанавливается: контролируется по компонентному составу.";"";"";""
"1483";"ПЕРОКСИДЫ НЕОРГАНИЧЕСКИЕ, Н.У.К.";"";"NOT_ESTABLISHED_FOR_TRANSPORT_POSITION";"Единая ПДК не устанавливается: контролируется по компонентному составу.";"";"";""
"1484";"КАЛИЯ БРОМАТ";"";"NOT_ESTABLISHED_FOR_TRANSPORT_POSITION";"Отдельное значение для этой транспортной позиции в таблице 2.1 СанПиН 1.2.3685-21 не установлено.";"";"";""
"1485";"КАЛИЯ ХЛОРАТ";"";"NOT_ESTABLISHED_FOR_TRANSPORT_POSITION";"Отдельное значение для этой транспортной позиции в таблице 2.1 СанПиН 1.2.3685-21 не установлено.";"";"";""
"1486";"КАЛИЯ НИТРАТ";"";"NOT_ESTABLISHED_FOR_TRANSPORT_POSITION";"Отдельное значение для этой транспортной позиции в таблице 2.1 СанПиН 1.2.3685-21 не установлено.";"";"";""
"1487";"КАЛИЯ НИТРАТА И НАТРИЯ НИТРИТА СМЕСЬ";"";"NOT_ESTABLISHED_FOR_TRANSPORT_POSITION";"Единая ПДК не устанавливается: контролируется по компонентному составу.";"";"";""
"1488";"КАЛИЯ НИТРИТ";"";"NOT_ESTABLISHED_FOR_TRANSPORT_POSITION";"Отдельное значение для этой транспортной позиции в таблице 2.1 СанПиН 1.2.3685-21 не установлено.";"";"";""
"1489";"КАЛИЯ ПЕРХЛОРАТ";"";"NOT_ESTABLISHED_FOR_TRANSPORT_POSITION";"Отдельное значение для этой транспортной позиции в таблице 2.1 СанПиН 1.2.3685-21 не установлено.";"";"";""
"1490";"КАЛИЯ ПЕРМАНГАНАТ";"";"NOT_ESTABLISHED_FOR_TRANSPORT_POSITION";"Отдельное значение для этой транспортной позиции в таблице 2.1 СанПиН 1.2.3685-21 не установлено.";"";"";""
"1491";"КАЛИЯ ПЕРОКСИД";"";"NOT_ESTABLISHED_FOR_TRANSPORT_POSITION";"Отдельное значение для этой транспортной позиции в таблице 2.1 СанПиН 1.2.3685-21 не установлено.";"";"";""
"1492";"КАЛИЯ ПЕРСУЛЬФАТ";"";"NOT_ESTABLISHED_FOR_TRANSPORT_POSITION";"Отдельное значение для этой транспортной позиции в таблице 2.1 СанПиН 1.2.3685-21 не установлено.";"";"";""
"1493";"СЕРЕБРА НИТРАТ";"";"NOT_ESTABLISHED_FOR_TRANSPORT_POSITION";"Отдельное значение для этой транспортной позиции в таблице 2.1 СанПиН 1.2.3685-21 не установлено.";"";"";""
"1494";"НАТРИЯ БРОМАТ";"";"NOT_ESTABLISHED_FOR_TRANSPORT_POSITION";"Отдельное значение для этой транспортной позиции в таблице 2.1 СанПиН 1.2.3685-21 не установлено.";"";"";""
"1495";"НАТРИЯ ХЛОРАТ";"";"NOT_ESTABLISHED_FOR_TRANSPORT_POSITION";"Отдельное значение для этой транспортной позиции в таблице 2.1 СанПиН 1.2.3685-21 не установлено.";"";"";""
"1496";"НАТРИЯ ХЛОРИТ";"";"NOT_ESTABLISHED_FOR_TRANSPORT_POSITION";"Отдельное значение для этой транспортной позиции в таблице 2.1 СанПиН 1.2.3685-21 не установлено.";"";"";""
"1498";"НАТРИЯ НИТРАТ";"";"NOT_ESTABLISHED_FOR_TRANSPORT_POSITION";"Отдельное значение для этой транспортной позиции в таблице 2.1 СанПиН 1.2.3685-21 не установлено.";"";"";""
"1499";"НАТРИЯ НИТРАТА И КАЛИЯ НИТРАТА СМЕСЬ";"";"NOT_ESTABLISHED_FOR_TRANSPORT_POSITION";"Единая ПДК не устанавливается: контролируется по компонентному составу.";"";"";""
"1500";"НАТРИЯ НИТРИТ";"";"NOT_ESTABLISHED_FOR_TRANSPORT_POSITION";"Отдельное значение для этой транспортной позиции в таблице 2.1 СанПиН 1.2.3685-21 не установлено.";"";"";""
"1502";"НАТРИЯ ПЕРХЛОРАТ";"";"NOT_ESTABLISHED_FOR_TRANSPORT_POSITION";"Отдельное значение для этой транспортной позиции в таблице 2.1 СанПиН 1.2.3685-21 не установлено.";"";"";""
"1503";"НАТРИЯ ПЕРМАНГАНАТ";"";"NOT_ESTABLISHED_FOR_TRANSPORT_POSITION";"Отдельное значение для этой транспортной позиции в таблице 2.1 СанПиН 1.2.3685-21 не установлено.";"";"";""
"1504";"НАТРИЯ ПЕРОКСИД";"";"NOT_ESTABLISHED_FOR_TRANSPORT_POSITION";"Отдельное значение для этой транспортной позиции в таблице 2.1 СанПиН 1.2.3685-21 не установлено.";"";"";""
"1505";"НАТРИЯ ПЕРСУЛЬФАТ";"";"NOT_ESTABLISHED_FOR_TRANSPORT_POSITION";"Отдельное значение для этой транспортной позиции в таблице 2.1 СанПиН 1.2.3685-21 не установлено.";"";"";""
"1506";"СТРОНЦИЯ ХЛОРАТ";"";"NOT_ESTABLISHED_FOR_TRANSPORT_POSITION";"Отдельное значение для этой транспортной позиции в таблице 2.1 СанПиН 1.2.3685-21 не установлено.";"";"";""
"1507";"СТРОНЦИЯ НИТРАТ";"";"NOT_ESTABLISHED_FOR_TRANSPORT_POSITION";"Отдельное значение для этой транспортной позиции в таблице 2.1 СанПиН 1.2.3685-21 не установлено.";"";"";""
"1508";"СТРОНЦИЯ ПЕРХЛОРАТ";"";"NOT_ESTABLISHED_FOR_TRANSPORT_POSITION";"Отдельное значение для этой транспортной позиции в таблице 2.1 СанПиН 1.2.3685-21 не установлено.";"";"";""
"1509";"СТРОНЦИЯ ПЕРОКСИД";"";"NOT_ESTABLISHED_FOR_TRANSPORT_POSITION";"Отдельное значение для этой транспортной позиции в таблице 2.1 СанПиН 1.2.3685-21 не установлено.";"";"";""
"1510";"ТЕТРАНИТРОМЕТАН";"";"MATCHED_SANPIN_2_1";"0,3 мг/м³";"1944";"Тетранитрометан+";"name"
"1511";"КАРБАМИДА И ВОДОРОДА ПЕРОКСИДА КОМПЛЕКС";"";"NOT_ESTABLISHED_FOR_TRANSPORT_POSITION";"Отдельное значение для этой транспортной позиции в таблице 2.1 СанПиН 1.2.3685-21 не установлено.";"";"";""
"1512";"ЦИНКА-АММОНИЯ НИТРИТ";"";"NOT_ESTABLISHED_FOR_TRANSPORT_POSITION";"Отдельное значение для этой транспортной позиции в таблице 2.1 СанПиН 1.2.3685-21 не установлено.";"";"";""
"1513";"ЦИНКА ХЛОРАТ";"";"NOT_ESTABLISHED_FOR_TRANSPORT_POSITION";"Отдельное значение для этой транспортной позиции в таблице 2.1 СанПиН 1.2.3685-21 не установлено.";"";"";""
"1514";"ЦИНКА НИТРАТ";"";"NOT_ESTABLISHED_FOR_TRANSPORT_POSITION";"Отдельное значение для этой транспортной позиции в таблице 2.1 СанПиН 1.2.3685-21 не установлено.";"";"";""
"1515";"ЦИНКА ПЕРМАНГАНАТ";"";"NOT_ESTABLISHED_FOR_TRANSPORT_POSITION";"Отдельное значение для этой транспортной позиции в таблице 2.1 СанПиН 1.2.3685-21 не установлено.";"";"";""
"1516";"ЦИНКА ПЕРОКСИД";"";"NOT_ESTABLISHED_FOR_TRANSPORT_POSITION";"Отдельное значение для этой транспортной позиции в таблице 2.1 СанПиН 1.2.3685-21 не установлено.";"";"";""
"1517";"ЦИРКОНИЯ ПИКРАМАТ УВЛАЖНЕННЫЙ с массовой долей воды не менее 20%";"";"NOT_ESTABLISHED_FOR_TRANSPORT_POSITION";"Отдельное значение для этой транспортной позиции в таблице 2.1 СанПиН 1.2.3685-21 не установлено.";"";"";""
"1541";"АЦЕТОНЦИАНГИДРИН СТАБИЛИЗИРОВАННЫЙ";"C₄H₇NO";"NOT_ESTABLISHED_FOR_TRANSPORT_POSITION";"Отдельное значение для этой транспортной позиции в таблице 2.1 СанПиН 1.2.3685-21 не установлено.";"";"";""
"1544";"АЛКАЛОИДЫ ТВЕРДЫЕ, Н.У.К.";"";"NOT_ESTABLISHED_FOR_TRANSPORT_POSITION";"Единая ПДК не устанавливается: контролируется по компонентному составу.";"";"";""
"1544";"АЛКАЛОИДЫ ТВЕРДЫЕ, Н.У.К.,";"";"NOT_ESTABLISHED_FOR_TRANSPORT_POSITION";"Единая ПДК не устанавливается: контролируется по компонентному составу.";"";"";""
"1544";"АЛКАЛОИДОВ СОЛИ ТВЕРДЫЕ, Н.У.К.";"";"NOT_ESTABLISHED_FOR_TRANSPORT_POSITION";"Единая ПДК не устанавливается: контролируется по компонентному составу.";"";"";""
"1545";"АЛЛИЛИЗОТИОЦИАНАТ СТАБИЛИЗИРОВАННЫЙ";"";"NOT_ESTABLISHED_FOR_TRANSPORT_POSITION";"Отдельное значение для этой транспортной позиции в таблице 2.1 СанПиН 1.2.3685-21 не установлено.";"";"";""
"1546";"АММОНИЯ АРСЕНАТ";"";"NOT_ESTABLISHED_FOR_TRANSPORT_POSITION";"Отдельное значение для этой транспортной позиции в таблице 2.1 СанПиН 1.2.3685-21 не установлено.";"";"";""
"1547";"АНИЛИН";"";"MATCHED_SANPIN_2_1";"0,3/0,1 мг/м³ (максимальная разовая / среднесменная)";"63";"Аминобензол + (Анилин; фениленамин)";"name"
"1548";"АНИЛИНА ГИДРОХЛОРИД";"";"NOT_ESTABLISHED_FOR_TRANSPORT_POSITION";"Отдельное значение для этой транспортной позиции в таблице 2.1 СанПиН 1.2.3685-21 не установлено.";"";"";""
"1549";"СУРЬМЫ СОЕДИНЕНИЕ НЕОРГАНИЧЕСКОЕ ТВЕРДОЕ, Н.У.К.";"";"NOT_ESTABLISHED_FOR_TRANSPORT_POSITION";"Единая ПДК не устанавливается: контролируется по компонентному составу.";"";"";""
"1550";"СУРЬМЫ ЛАКТАТ";"";"NOT_ESTABLISHED_FOR_TRANSPORT_POSITION";"Отдельное значение для этой транспортной позиции в таблице 2.1 СанПиН 1.2.3685-21 не установлено.";"";"";""
"1551";"СУРЬМЫ-КАЛИЯ ТАРТРАТ";"";"NOT_ESTABLISHED_FOR_TRANSPORT_POSITION";"Отдельное значение для этой транспортной позиции в таблице 2.1 СанПиН 1.2.3685-21 не установлено.";"";"";""
"1553";"КИСЛОТА МЫШЬЯКОВАЯ ЖИДКАЯ";"";"NOT_ESTABLISHED_FOR_TRANSPORT_POSITION";"Отдельное значение для этой транспортной позиции в таблице 2.1 СанПиН 1.2.3685-21 не установлено.";"";"";""
"1554";"КИСЛОТА МЫШЬЯКОВАЯ ТВЕРДАЯ";"";"NOT_ESTABLISHED_FOR_TRANSPORT_POSITION";"Отдельное значение для этой транспортной позиции в таблице 2.1 СанПиН 1.2.3685-21 не установлено.";"";"";""
"1555";"МЫШЬЯКА БРОМИД";"";"NOT_ESTABLISHED_FOR_TRANSPORT_POSITION";"Отдельное значение для этой транспортной позиции в таблице 2.1 СанПиН 1.2.3685-21 не установлено.";"";"";""
"1556";"МЫШЬЯКА СОЕДИНЕНИЕ ЖИДКОЕ, Н.У.К., неорганическое, включая: Арсенаты, н.у.к., Арсениты, н.у.к., и Мышьяка сульфиды, н.у.к.";"";"NOT_ESTABLISHED_FOR_TRANSPORT_POSITION";"Единая ПДК не устанавливается: контролируется по компонентному составу.";"";"";""
"1557";"МЫШЬЯКА СОЕДИНЕНИЕ ТВЕРДОЕ, Н.У.К., неорганическое, включая: Арсенаты, н.у.к., Арсениты, н.у.к.,и Мышьяка сульфиды, н.у.к.";"";"NOT_ESTABLISHED_FOR_TRANSPORT_POSITION";"Единая ПДК не устанавливается: контролируется по компонентному составу.";"";"";""
"1558";"МЫШЬЯК";"";"NOT_ESTABLISHED_FOR_TRANSPORT_POSITION";"Отдельное значение для этой транспортной позиции в таблице 2.1 СанПиН 1.2.3685-21 не установлено.";"";"";""
"1559";"МЫШЬЯКА ПЕНТАОКСИД";"";"NOT_ESTABLISHED_FOR_TRANSPORT_POSITION";"Отдельное значение для этой транспортной позиции в таблице 2.1 СанПиН 1.2.3685-21 не установлено.";"";"";""
"1560";"МЫШЬЯКА ТРИХЛОРИД";"";"NOT_ESTABLISHED_FOR_TRANSPORT_POSITION";"Отдельное значение для этой транспортной позиции в таблице 2.1 СанПиН 1.2.3685-21 не установлено.";"";"";""
"1561";"МЫШЬЯКА ТРИОКСИД";"";"NOT_ESTABLISHED_FOR_TRANSPORT_POSITION";"Отдельное значение для этой транспортной позиции в таблице 2.1 СанПиН 1.2.3685-21 не установлено.";"";"";""
"1562";"МЫШЬЯКОВАЯ ПЫЛЬ";"";"NOT_ESTABLISHED_FOR_TRANSPORT_POSITION";"Отдельное значение для этой транспортной позиции в таблице 2.1 СанПиН 1.2.3685-21 не установлено.";"";"";""
"1564";"БАРИЯ СОЕДИНЕНИЕ, Н.У.К.";"";"NOT_ESTABLISHED_FOR_TRANSPORT_POSITION";"Единая ПДК не устанавливается: контролируется по компонентному составу.";"";"";""
"1565";"БАРИЯ ЦИАНИД";"";"NOT_ESTABLISHED_FOR_TRANSPORT_POSITION";"Отдельное значение для этой транспортной позиции в таблице 2.1 СанПиН 1.2.3685-21 не установлено.";"";"";""
"1566";"БЕРИЛЛИЯ СОЕДИНЕНИЕ, Н.У.К.";"";"NOT_ESTABLISHED_FOR_TRANSPORT_POSITION";"Единая ПДК не устанавливается: контролируется по компонентному составу.";"";"";""
"1567";"БЕРИЛЛИЕВЫЙ ПОРОШОК";"";"NOT_ESTABLISHED_FOR_TRANSPORT_POSITION";"Отдельное значение для этой транспортной позиции в таблице 2.1 СанПиН 1.2.3685-21 не установлено.";"";"";""
"1569";"БРОМАЦЕТОН";"";"NOT_ESTABLISHED_FOR_TRANSPORT_POSITION";"Отдельное значение для этой транспортной позиции в таблице 2.1 СанПиН 1.2.3685-21 не установлено.";"";"";""
"1570";"БРУЦИН";"";"NOT_ESTABLISHED_FOR_TRANSPORT_POSITION";"Отдельное значение для этой транспортной позиции в таблице 2.1 СанПиН 1.2.3685-21 не установлено.";"";"";""
"1571";"БАРИЯ АЗИД УВЛАЖНЕННЫЙ с массовой долей воды не менее 50%";"";"NOT_ESTABLISHED_FOR_TRANSPORT_POSITION";"Отдельное значение для этой транспортной позиции в таблице 2.1 СанПиН 1.2.3685-21 не установлено.";"";"";""
"1572";"КИСЛОТА КАКОДИЛОВАЯ";"";"NOT_ESTABLISHED_FOR_TRANSPORT_POSITION";"Отдельное значение для этой транспортной позиции в таблице 2.1 СанПиН 1.2.3685-21 не установлено.";"";"";""
"1573";"КАЛЬЦИЯ АРСЕНАТ";"";"NOT_ESTABLISHED_FOR_TRANSPORT_POSITION";"Отдельное значение для этой транспортной позиции в таблице 2.1 СанПиН 1.2.3685-21 не установлено.";"";"";""
"1574";"КАЛЬЦИЯ АРСЕНАТА И КАЛЬЦИЯ АРСЕНИТА СМЕСЬ ТВЕРДАЯ";"";"NOT_ESTABLISHED_FOR_TRANSPORT_POSITION";"Единая ПДК не устанавливается: контролируется по компонентному составу.";"";"";""
"1575";"КАЛЬЦИЯ ЦИАНИД";"";"NOT_ESTABLISHED_FOR_TRANSPORT_POSITION";"Отдельное значение для этой транспортной позиции в таблице 2.1 СанПиН 1.2.3685-21 не установлено.";"";"";""
"1577";"ХЛОРДИНИТРОБЕНЗОЛЫ ЖИДКИЕ";"";"NOT_ESTABLISHED_FOR_TRANSPORT_POSITION";"Отдельное значение для этой транспортной позиции в таблице 2.1 СанПиН 1.2.3685-21 не установлено.";"";"";""
"1578";"ХЛОРНИТРОБЕНЗОЛЫ ТВЕРДЫЕ";"";"NOT_ESTABLISHED_FOR_TRANSPORT_POSITION";"Отдельное значение для этой транспортной позиции в таблице 2.1 СанПиН 1.2.3685-21 не установлено.";"";"";""
"1579";"4-ХЛОР-о-ТОЛУИДИНГИДРОХЛОРИД ТВЕРДЫЙ";"";"NOT_ESTABLISHED_FOR_TRANSPORT_POSITION";"Отдельное значение для этой транспортной позиции в таблице 2.1 СанПиН 1.2.3685-21 не установлено.";"";"";""
"1580";"ХЛОРПИКРИН";"CCl₃NO₂";"NOT_ESTABLISHED_FOR_TRANSPORT_POSITION";"Отдельное значение для этой транспортной позиции в таблице 2.1 СанПиН 1.2.3685-21 не установлено.";"";"";""
"1581";"ХЛОРПИКРИНА И МЕТИЛБРОМИДА СМЕСЬ, содержащая более 2% хлорпикрина";"";"NOT_ESTABLISHED_FOR_TRANSPORT_POSITION";"Единая ПДК не устанавливается: контролируется по компонентному составу.";"";"";""
"1582";"ХЛОРПИКРИНА И МЕТИЛХЛОРИДА СМЕСЬ";"";"NOT_ESTABLISHED_FOR_TRANSPORT_POSITION";"Единая ПДК не устанавливается: контролируется по компонентному составу.";"";"";""
"1583";"ХЛОРПИКРИНА СМЕСЬ, Н.У.К.";"";"NOT_ESTABLISHED_FOR_TRANSPORT_POSITION";"Единая ПДК не устанавливается: контролируется по компонентному составу.";"";"";""
"1585";"МЕДИ АЦЕТОАРСЕНИТ";"";"NOT_ESTABLISHED_FOR_TRANSPORT_POSITION";"Отдельное значение для этой транспортной позиции в таблице 2.1 СанПиН 1.2.3685-21 не установлено.";"";"";""
"1586";"МЕДИ АРСЕНИТ";"";"NOT_ESTABLISHED_FOR_TRANSPORT_POSITION";"Отдельное значение для этой транспортной позиции в таблице 2.1 СанПиН 1.2.3685-21 не установлено.";"";"";""
"1587";"МЕДИ ЦИАНИД";"";"NOT_ESTABLISHED_FOR_TRANSPORT_POSITION";"Отдельное значение для этой транспортной позиции в таблице 2.1 СанПиН 1.2.3685-21 не установлено.";"";"";""
"1588";"ЦИАНИДЫ НЕОРГАНИЧЕСКИЕ ТВЕРДЫЕ, Н.У.К.";"";"NOT_ESTABLISHED_FOR_TRANSPORT_POSITION";"Единая ПДК не устанавливается: контролируется по компонентному составу.";"";"";""
"1589";"ХЛОРЦИАН СТАБИЛИЗИРОВАННЫЙ";"CNCl";"MATCHED_SANPIN_2_1";"0,2 мг/м³";"2276";"Хлорциан+ (цианхлорид)";"formula"
"1590";"ДИХЛОРАНИЛИНЫ ЖИДКИЕ";"";"NOT_ESTABLISHED_FOR_TRANSPORT_POSITION";"Отдельное значение для этой транспортной позиции в таблице 2.1 СанПиН 1.2.3685-21 не установлено.";"";"";""
"1591";"о-ДИХЛОРБЕНЗОЛ";"";"MATCHED_SANPIN_2_1";"50/20 мг/м³ (максимальная разовая / среднесменная)";"912";"Дихлорбензол+";"name"
"1593";"ДИХЛОРМЕТАН";"";"MATCHED_SANPIN_2_1";"100/50 мг/м³ (максимальная разовая / среднесменная)";"922";"Дихлорметан (хлористый метилен)";"name"
"1594";"ДИЭТИЛСУЛЬФАТ";"";"NOT_ESTABLISHED_FOR_TRANSPORT_POSITION";"Отдельное значение для этой транспортной позиции в таблице 2.1 СанПиН 1.2.3685-21 не установлено.";"";"";""
"1595";"ДИМЕТИЛСУЛЬФАТ";"";"MATCHED_SANPIN_2_1";"0,1 мг/м³";"804";"Диметилсульфат+";"name"
"1596";"ДИНИТРОАНИЛИНЫ";"";"MATCHED_SANPIN_2_1";"1/0,3 мг/м³ (максимальная разовая / среднесменная)";"851";"2,6-Динитроаминобензол (2,6-динитроанилин)";"name"
"1597";"ДИНИТРОБЕНЗОЛЫ, ЖИДКИЕ";"";"MATCHED_SANPIN_2_1";"3/1 мг/м³ (максимальная разовая / среднесменная)";"853";"Динитробензол+";"name"
"1598";"ДИНИТРО-о-КРЕЗОЛ";"";"NOT_ESTABLISHED_FOR_TRANSPORT_POSITION";"Отдельное значение для этой транспортной позиции в таблице 2.1 СанПиН 1.2.3685-21 не установлено.";"";"";""
"1599";"ДИНИТРОФЕНОЛА РАСТВОР";"";"MATCHED_SANPIN_2_1";"0,2/0,05 мг/м³ (максимальная разовая / среднесменная)";"547";"1-Гидрокси-2,4-динитробензол+ (2,4-динитрофенол)";"name"
"1600";"ДИНИТРОТОЛУОЛЫ РАСПЛАВЛЕННЫЕ";"";"NOT_ESTABLISHED_FOR_TRANSPORT_POSITION";"Отдельное значение для этой транспортной позиции в таблице 2.1 СанПиН 1.2.3685-21 не установлено.";"";"";""
"1601";"ДЕЗИНФИЦИРУЮЩЕЕ СРЕДСТВО ТВЕРДОЕ ТОКСИЧНОЕ, Н.У.К.";"";"NOT_ESTABLISHED_FOR_TRANSPORT_POSITION";"Единая ПДК не устанавливается: контролируется по компонентному составу.";"";"";""
"1602";"КРАСИТЕЛЬ ЖИДКИЙ ТОКСИЧНЫЙ, Н.У.К.";"";"NOT_ESTABLISHED_FOR_TRANSPORT_POSITION";"Единая ПДК не устанавливается: контролируется по компонентному составу.";"";"";""
"1602";"ПОЛУПРОДУКТ СИНТЕЗА КРАСИТЕЛЕЙ ЖИДКИЙ ТОКСИЧНЫЙ, Н.У.К.";"";"NOT_ESTABLISHED_FOR_TRANSPORT_POSITION";"Единая ПДК не устанавливается: контролируется по компонентному составу.";"";"";""
"1603";"ЭТИЛБРОМАЦЕТАТ";"";"NOT_ESTABLISHED_FOR_TRANSPORT_POSITION";"Отдельное значение для этой транспортной позиции в таблице 2.1 СанПиН 1.2.3685-21 не установлено.";"";"";""
"1604";"ЭТИЛЕНДИАМИН";"";"MATCHED_SANPIN_2_1";"2 мг/м³";"653";"1,2-Диаминоэтан (этандиамин-1,2; этилендиамин)";"name"
"1605";"ЭТИЛЕНДИБРОМИД";"";"NOT_ESTABLISHED_FOR_TRANSPORT_POSITION";"Отдельное значение для этой транспортной позиции в таблице 2.1 СанПиН 1.2.3685-21 не установлено.";"";"";""
"1606";"ЖЕЛЕЗА (III) АРСЕНАТ";"";"NOT_ESTABLISHED_FOR_TRANSPORT_POSITION";"Отдельное значение для этой транспортной позиции в таблице 2.1 СанПиН 1.2.3685-21 не установлено.";"";"";""
"1607";"ЖЕЛЕЗА (III) АРСЕНИТ";"";"NOT_ESTABLISHED_FOR_TRANSPORT_POSITION";"Отдельное значение для этой транспортной позиции в таблице 2.1 СанПиН 1.2.3685-21 не установлено.";"";"";""
"1608";"ЖЕЛЕЗА (II) АРСЕНАТ";"";"NOT_ESTABLISHED_FOR_TRANSPORT_POSITION";"Отдельное значение для этой транспортной позиции в таблице 2.1 СанПиН 1.2.3685-21 не установлено.";"";"";""
"1611";"ГЕКСАЭТИЛТЕТРАФОСФАТ";"";"NOT_ESTABLISHED_FOR_TRANSPORT_POSITION";"Отдельное значение для этой транспортной позиции в таблице 2.1 СанПиН 1.2.3685-21 не установлено.";"";"";""
"1612";"ГЕКСАЭТИЛТЕТРАФОСФАТА И ГАЗА СЖАТОГО СМЕСЬ";"";"NOT_ESTABLISHED_FOR_TRANSPORT_POSITION";"Единая ПДК не устанавливается: контролируется по компонентному составу.";"";"";""
"1613";"КИСЛОТЫ ЦИАНИСТОВОДОРОДНОЙ ВОДНЫЙ РАСТВОР (ВОДОРОДА ЦИАНИСТОГО ВОДНЫЙ РАСТВОР), содержащий не более 20% цианистого водорода";"";"NOT_ESTABLISHED_FOR_TRANSPORT_POSITION";"Отдельное значение для этой транспортной позиции в таблице 2.1 СанПиН 1.2.3685-21 не установлено.";"";"";""
"1614";"ВОДОРОД ЦИАНИСТЫЙ СТАБИЛИЗИРОВАННЫЙ, содержащий менее 3% воды и абсорбированный пористым инертным материалом";"";"NOT_ESTABLISHED_FOR_TRANSPORT_POSITION";"Единая ПДК не устанавливается: контролируется по компонентному составу.";"";"";""
"1616";"СВИНЦА АЦЕТАТ";"";"NOT_ESTABLISHED_FOR_TRANSPORT_POSITION";"Отдельное значение для этой транспортной позиции в таблице 2.1 СанПиН 1.2.3685-21 не установлено.";"";"";""
"1617";"СВИНЦА АРСЕНАТЫ";"";"NOT_ESTABLISHED_FOR_TRANSPORT_POSITION";"Отдельное значение для этой транспортной позиции в таблице 2.1 СанПиН 1.2.3685-21 не установлено.";"";"";""
"1618";"СВИНЦА АРСЕНИТЫ";"";"NOT_ESTABLISHED_FOR_TRANSPORT_POSITION";"Отдельное значение для этой транспортной позиции в таблице 2.1 СанПиН 1.2.3685-21 не установлено.";"";"";""
"1620";"СВИНЦА ЦИАНИД";"";"NOT_ESTABLISHED_FOR_TRANSPORT_POSITION";"Отдельное значение для этой транспортной позиции в таблице 2.1 СанПиН 1.2.3685-21 не установлено.";"";"";""
"1621";"ПУРПУР ЛОНДОНСКИЙ";"";"NOT_ESTABLISHED_FOR_TRANSPORT_POSITION";"Отдельное значение для этой транспортной позиции в таблице 2.1 СанПиН 1.2.3685-21 не установлено.";"";"";""
"1622";"МАГНИЯ АРСЕНАТ";"";"NOT_ESTABLISHED_FOR_TRANSPORT_POSITION";"Отдельное значение для этой транспортной позиции в таблице 2.1 СанПиН 1.2.3685-21 не установлено.";"";"";""
"1623";"РТУТИ (II) АРСЕНАТ";"";"NOT_ESTABLISHED_FOR_TRANSPORT_POSITION";"Отдельное значение для этой транспортной позиции в таблице 2.1 СанПиН 1.2.3685-21 не установлено.";"";"";""
"1624";"РТУТИ ДИХЛОРИД";"";"NOT_ESTABLISHED_FOR_TRANSPORT_POSITION";"Отдельное значение для этой транспортной позиции в таблице 2.1 СанПиН 1.2.3685-21 не установлено.";"";"";""
"1625";"РТУТИ (II) НИТРАТ";"";"NOT_ESTABLISHED_FOR_TRANSPORT_POSITION";"Отдельное значение для этой транспортной позиции в таблице 2.1 СанПиН 1.2.3685-21 не установлено.";"";"";""
"1626";"РТУТНОКАЛИЕВЫЙ ЦИАНИД";"";"NOT_ESTABLISHED_FOR_TRANSPORT_POSITION";"Отдельное значение для этой транспортной позиции в таблице 2.1 СанПиН 1.2.3685-21 не установлено.";"";"";""
"1627";"РТУТИ (I) НИТРАТ";"";"NOT_ESTABLISHED_FOR_TRANSPORT_POSITION";"Отдельное значение для этой транспортной позиции в таблице 2.1 СанПиН 1.2.3685-21 не установлено.";"";"";""
"1629";"РТУТИ АЦЕТАТ";"";"NOT_ESTABLISHED_FOR_TRANSPORT_POSITION";"Отдельное значение для этой транспортной позиции в таблице 2.1 СанПиН 1.2.3685-21 не установлено.";"";"";""
"1630";"РТУТИ (И)-АММОНИЯ хлорид";"";"NOT_ESTABLISHED_FOR_TRANSPORT_POSITION";"Отдельное значение для этой транспортной позиции в таблице 2.1 СанПиН 1.2.3685-21 не установлено.";"";"";""
"1631";"РТУТИ (II) БЕНЗОАТ";"";"NOT_ESTABLISHED_FOR_TRANSPORT_POSITION";"Отдельное значение для этой транспортной позиции в таблице 2.1 СанПиН 1.2.3685-21 не установлено.";"";"";""
"1634";"РТУТИ БРОМИДЫ";"";"NOT_ESTABLISHED_FOR_TRANSPORT_POSITION";"Отдельное значение для этой транспортной позиции в таблице 2.1 СанПиН 1.2.3685-21 не установлено.";"";"";""
"1636";"РТУТИ (II) ЦИАНИД";"";"NOT_ESTABLISHED_FOR_TRANSPORT_POSITION";"Отдельное значение для этой транспортной позиции в таблице 2.1 СанПиН 1.2.3685-21 не установлено.";"";"";""
"1637";"РТУТИ (II) ГЛЮКОНАТ";"";"NOT_ESTABLISHED_FOR_TRANSPORT_POSITION";"Отдельное значение для этой транспортной позиции в таблице 2.1 СанПиН 1.2.3685-21 не установлено.";"";"";""
"1638";"РТУТИ (II) ИОДИД";"";"NOT_ESTABLISHED_FOR_TRANSPORT_POSITION";"Отдельное значение для этой транспортной позиции в таблице 2.1 СанПиН 1.2.3685-21 не установлено.";"";"";""
"1639";"РТУТИ НУКЛЕАТ";"";"NOT_ESTABLISHED_FOR_TRANSPORT_POSITION";"Отдельное значение для этой транспортной позиции в таблице 2.1 СанПиН 1.2.3685-21 не установлено.";"";"";""
"1640";"РТУТИ (II) ОЛЕАТ";"";"NOT_ESTABLISHED_FOR_TRANSPORT_POSITION";"Отдельное значение для этой транспортной позиции в таблице 2.1 СанПиН 1.2.3685-21 не установлено.";"";"";""
"1641";"РТУТИ ОКСИД";"";"NOT_ESTABLISHED_FOR_TRANSPORT_POSITION";"Отдельное значение для этой транспортной позиции в таблице 2.1 СанПиН 1.2.3685-21 не установлено.";"";"";""
"1642";"РТУТИ (II) ОКСИЦИАНИД ДЕСЕНСИБИЛИЗИРОВАННЫЙ";"";"NOT_ESTABLISHED_FOR_TRANSPORT_POSITION";"Отдельное значение для этой транспортной позиции в таблице 2.1 СанПиН 1.2.3685-21 не установлено.";"";"";""
"1643";"РТУТИ (И)-КАЛИЯ йодид";"";"NOT_ESTABLISHED_FOR_TRANSPORT_POSITION";"Отдельное значение для этой транспортной позиции в таблице 2.1 СанПиН 1.2.3685-21 не установлено.";"";"";""
"1644";"РТУТИ САЛИЦИЛАТ";"";"NOT_ESTABLISHED_FOR_TRANSPORT_POSITION";"Отдельное значение для этой транспортной позиции в таблице 2.1 СанПиН 1.2.3685-21 не установлено.";"";"";""
"1645";"РТУТИ (II) СУЛЬФАТ";"";"NOT_ESTABLISHED_FOR_TRANSPORT_POSITION";"Отдельное значение для этой транспортной позиции в таблице 2.1 СанПиН 1.2.3685-21 не установлено.";"";"";""
"1646";"РТУТИ (II) ТИОЦИАНАТ";"";"NOT_ESTABLISHED_FOR_TRANSPORT_POSITION";"Отдельное значение для этой транспортной позиции в таблице 2.1 СанПиН 1.2.3685-21 не установлено.";"";"";""
"1647";"МЕТИЛБРОМИДА И ЭТИЛЕНДИБРОМИДА СМЕСЬ ЖИДКАЯ";"";"NOT_ESTABLISHED_FOR_TRANSPORT_POSITION";"Единая ПДК не устанавливается: контролируется по компонентному составу.";"";"";""
"1648";"АЦЕТОНИТРИЛ";"CH₃CN";"MATCHED_SANPIN_2_1";"10 мг/м³";"231";"Ацетонитрил (уксусной кислоты нитрил)";"formula"
"1649";"ПРИСАДКА АНТИДЕТОНАЦИОННАЯ К МОТОРНОМУ ТОПЛИВУ";"";"NOT_ESTABLISHED_FOR_TRANSPORT_POSITION";"Отдельное значение для этой транспортной позиции в таблице 2.1 СанПиН 1.2.3685-21 не установлено.";"";"";""
"1650";"бета-НАФТИЛАМИН ТВЕРДЫЙ";"";"NOT_ESTABLISHED_FOR_TRANSPORT_POSITION";"Отдельное значение для этой транспортной позиции в таблице 2.1 СанПиН 1.2.3685-21 не установлено.";"";"";""
"1651";"НАФТИЛТИОМОЧЕВИНА";"";"NOT_ESTABLISHED_FOR_TRANSPORT_POSITION";"Отдельное значение для этой транспортной позиции в таблице 2.1 СанПиН 1.2.3685-21 не установлено.";"";"";""
"1652";"НАФТИЛМОЧЕВИНА";"";"NOT_ESTABLISHED_FOR_TRANSPORT_POSITION";"Отдельное значение для этой транспортной позиции в таблице 2.1 СанПиН 1.2.3685-21 не установлено.";"";"";""
"1653";"НИКЕЛЯ ЦИАНИД";"";"NOT_ESTABLISHED_FOR_TRANSPORT_POSITION";"Отдельное значение для этой транспортной позиции в таблице 2.1 СанПиН 1.2.3685-21 не установлено.";"";"";""
"1654";"НИКОТИН";"";"NOT_ESTABLISHED_FOR_TRANSPORT_POSITION";"Отдельное значение для этой транспортной позиции в таблице 2.1 СанПиН 1.2.3685-21 не установлено.";"";"";""
"1655";"НИКОТИНА СОЕДИНЕНИЕ ТВЕРДОЕ, Н.У.К.";"";"NOT_ESTABLISHED_FOR_TRANSPORT_POSITION";"Единая ПДК не устанавливается: контролируется по компонентному составу.";"";"";""
"1655";"НИКОТИНА ПРЕПАРАТ ТВЕРДЫЙ, Н.У.К.";"";"NOT_ESTABLISHED_FOR_TRANSPORT_POSITION";"Единая ПДК не устанавливается: контролируется по компонентному составу.";"";"";""
"1656";"НИКОТИНА ГИДРОХЛОРИД ЖИДКИЙ";"";"NOT_ESTABLISHED_FOR_TRANSPORT_POSITION";"Отдельное значение для этой транспортной позиции в таблице 2.1 СанПиН 1.2.3685-21 не установлено.";"";"";""
"1656";"НИКОТИНА ГИДРОХЛОРИДА РАСТВОР";"";"NOT_ESTABLISHED_FOR_TRANSPORT_POSITION";"Отдельное значение для этой транспортной позиции в таблице 2.1 СанПиН 1.2.3685-21 не установлено.";"";"";""
"1657";"НИКОТИНА САЛИЦИЛАТ";"";"NOT_ESTABLISHED_FOR_TRANSPORT_POSITION";"Отдельное значение для этой транспортной позиции в таблице 2.1 СанПиН 1.2.3685-21 не установлено.";"";"";""
"1658";"НИКОТИНА СУЛЬФАТА РАСТВОР";"";"MATCHED_SANPIN_2_1";"0,1 мг/м³";"1370";"(S)-3-(1-Метилпирролидин-2-ил) пиридинсульфат (Никотин сульфат)";"name"
"1659";"НИКОТИНА ТАРТРАТ";"";"NOT_ESTABLISHED_FOR_TRANSPORT_POSITION";"Отдельное значение для этой транспортной позиции в таблице 2.1 СанПиН 1.2.3685-21 не установлено.";"";"";""
"1660";"АЗОТА (II) ОКСИД СЖАТЫЙ";"";"NOT_ESTABLISHED_FOR_TRANSPORT_POSITION";"Отдельное значение для этой транспортной позиции в таблице 2.1 СанПиН 1.2.3685-21 не установлено.";"";"";""
"1661";"НИТРОАНИЛИНЫ (о-,м-,п-)";"";"NOT_ESTABLISHED_FOR_TRANSPORT_POSITION";"Отдельное значение для этой транспортной позиции в таблице 2.1 СанПиН 1.2.3685-21 не установлено.";"";"";""
"1662";"НИТРОБЕНЗОЛ";"";"MATCHED_SANPIN_2_1";"6/3 мг/м³ (максимальная разовая / среднесменная)";"1549";"Нитробензол+";"name"
"1663";"НИТРОФЕНОЛЫ (о-,м-,п-)";"";"NOT_ESTABLISHED_FOR_TRANSPORT_POSITION";"Отдельное значение для этой транспортной позиции в таблице 2.1 СанПиН 1.2.3685-21 не установлено.";"";"";""
"1664";"НИТРОТОЛУОЛЫ ЖИДКИЕ";"";"MATCHED_SANPIN_2_1";"6/3 мг/м³ (максимальная разовая / среднесменная)";"1339";"Метилнитробензол+(2-,3-,4-изомеры) (нитротолуол)";"name"
"1665";"НИТРОКСИЛОЛЫ ЖИДКИЕ";"";"MATCHED_SANPIN_2_1";"10/5 мг/м³ (максимальная разовая / среднесменная)";"791";"Диметилнитробензол+ (нитроксилол)";"name"
"1669";"ПЕНТАХЛОРЭТАН";"";"NOT_ESTABLISHED_FOR_TRANSPORT_POSITION";"Отдельное значение для этой транспортной позиции в таблице 2.1 СанПиН 1.2.3685-21 не установлено.";"";"";""
"1670";"ПЕРХЛОРМЕТИЛМЕРКАПТАН";"";"NOT_ESTABLISHED_FOR_TRANSPORT_POSITION";"Отдельное значение для этой транспортной позиции в таблице 2.1 СанПиН 1.2.3685-21 не установлено.";"";"";""
"1671";"ФЕНОЛ ТВЕРДЫЙ";"";"MATCHED_SANPIN_2_1";"1/0,3 мг/м³ (максимальная разовая / среднесменная)";"539";"Гидроксибензол+ (фенол)";"name"
"1672";"ФЕНИЛКАРБИЛАМИНОХЛОРИД";"";"NOT_ESTABLISHED_FOR_TRANSPORT_POSITION";"Отдельное значение для этой транспортной позиции в таблице 2.1 СанПиН 1.2.3685-21 не установлено.";"";"";""
"1673";"ФЕНИЛЕНДИАМИНЫ (о-, м-, п-)";"";"NOT_ESTABLISHED_FOR_TRANSPORT_POSITION";"Отдельное значение для этой транспортной позиции в таблице 2.1 СанПиН 1.2.3685-21 не установлено.";"";"";""
"1674";"ФЕНИЛРТУТЬАЦЕТАТ";"";"NOT_ESTABLISHED_FOR_TRANSPORT_POSITION";"Отдельное значение для этой транспортной позиции в таблице 2.1 СанПиН 1.2.3685-21 не установлено.";"";"";""
"1677";"КАЛИЯ АРСЕНАТ";"";"NOT_ESTABLISHED_FOR_TRANSPORT_POSITION";"Отдельное значение для этой транспортной позиции в таблице 2.1 СанПиН 1.2.3685-21 не установлено.";"";"";""
"1678";"КАЛИЯ АРСЕНИТ";"";"NOT_ESTABLISHED_FOR_TRANSPORT_POSITION";"Отдельное значение для этой транспортной позиции в таблице 2.1 СанПиН 1.2.3685-21 не установлено.";"";"";""
"1679";"КАЛИЯ ТЕТРАЦИАНОКУПРАТ";"";"NOT_ESTABLISHED_FOR_TRANSPORT_POSITION";"Отдельное значение для этой транспортной позиции в таблице 2.1 СанПиН 1.2.3685-21 не установлено.";"";"";""
"1680";"КАЛИЯ ЦИАНИД ТВЕРДЫЙ";"";"NOT_ESTABLISHED_FOR_TRANSPORT_POSITION";"Отдельное значение для этой транспортной позиции в таблице 2.1 СанПиН 1.2.3685-21 не установлено.";"";"";""
"1683";"СЕРЕБРА АРСЕНИТ";"";"NOT_ESTABLISHED_FOR_TRANSPORT_POSITION";"Отдельное значение для этой транспортной позиции в таблице 2.1 СанПиН 1.2.3685-21 не установлено.";"";"";""
"1684";"СЕРЕБРА ЦИАНИД";"";"NOT_ESTABLISHED_FOR_TRANSPORT_POSITION";"Отдельное значение для этой транспортной позиции в таблице 2.1 СанПиН 1.2.3685-21 не установлено.";"";"";""
"1685";"НАТРИЯ АРСЕНАТ";"";"NOT_ESTABLISHED_FOR_TRANSPORT_POSITION";"Отдельное значение для этой транспортной позиции в таблице 2.1 СанПиН 1.2.3685-21 не установлено.";"";"";""
"1686";"НАТРИЯ АРСЕНИТА ВОДНЫЙ РАСТВОР";"";"NOT_ESTABLISHED_FOR_TRANSPORT_POSITION";"Отдельное значение для этой транспортной позиции в таблице 2.1 СанПиН 1.2.3685-21 не установлено.";"";"";""
"1687";"НАТРИЯ АЗИД";"";"NOT_ESTABLISHED_FOR_TRANSPORT_POSITION";"Отдельное значение для этой транспортной позиции в таблице 2.1 СанПиН 1.2.3685-21 не установлено.";"";"";""
"1688";"НАТРИЯ КАКОДИЛАТ";"";"NOT_ESTABLISHED_FOR_TRANSPORT_POSITION";"Отдельное значение для этой транспортной позиции в таблице 2.1 СанПиН 1.2.3685-21 не установлено.";"";"";""
"1689";"НАТРИЯ ЦИАНИД ТВЕРДЫЙ";"";"NOT_ESTABLISHED_FOR_TRANSPORT_POSITION";"Отдельное значение для этой транспортной позиции в таблице 2.1 СанПиН 1.2.3685-21 не установлено.";"";"";""
"1690";"НАТРИЯ ФТОРИД ТВЕРДЫЙ";"";"NOT_ESTABLISHED_FOR_TRANSPORT_POSITION";"Отдельное значение для этой транспортной позиции в таблице 2.1 СанПиН 1.2.3685-21 не установлено.";"";"";""
"1691";"СТРОНЦИЯ АРСЕНИТ";"";"NOT_ESTABLISHED_FOR_TRANSPORT_POSITION";"Отдельное значение для этой транспортной позиции в таблице 2.1 СанПиН 1.2.3685-21 не установлено.";"";"";""
"1692";"СТРИХНИН";"";"NOT_ESTABLISHED_FOR_TRANSPORT_POSITION";"Отдельное значение для этой транспортной позиции в таблице 2.1 СанПиН 1.2.3685-21 не установлено.";"";"";""
"1692";"СТРИХНИНА СОЛИ";"";"NOT_ESTABLISHED_FOR_TRANSPORT_POSITION";"Отдельное значение для этой транспортной позиции в таблице 2.1 СанПиН 1.2.3685-21 не установлено.";"";"";""
"1693";"ВЕЩЕСТВО СЛЕЗОТОЧИВОЕ ЖИДКОЕ, Н.У.К.";"";"NOT_ESTABLISHED_FOR_TRANSPORT_POSITION";"Единая ПДК не устанавливается: контролируется по компонентному составу.";"";"";""
"1694";"БРОМБЕНЗИЛЦИАНИДЫ ЖИДКИЕ";"";"NOT_ESTABLISHED_FOR_TRANSPORT_POSITION";"Отдельное значение для этой транспортной позиции в таблице 2.1 СанПиН 1.2.3685-21 не установлено.";"";"";""
"1695";"ХЛОРАЦЕТОН СТАБИЛИЗИРОВАННЫЙ";"";"NOT_ESTABLISHED_FOR_TRANSPORT_POSITION";"Отдельное значение для этой транспортной позиции в таблице 2.1 СанПиН 1.2.3685-21 не установлено.";"";"";""
"1697";"ХЛОРАЦЕТОФЕНОН ТВЕРДЫЙ";"";"NOT_ESTABLISHED_FOR_TRANSPORT_POSITION";"Отдельное значение для этой транспортной позиции в таблице 2.1 СанПиН 1.2.3685-21 не установлено.";"";"";""
"1698";"ДИФЕНИЛАМИНОХЛОРАРСИН";"";"NOT_ESTABLISHED_FOR_TRANSPORT_POSITION";"Отдельное значение для этой транспортной позиции в таблице 2.1 СанПиН 1.2.3685-21 не установлено.";"";"";""
"1699";"ДИФЕНИЛХЛОРАРСИН ЖИДКИЙ";"";"NOT_ESTABLISHED_FOR_TRANSPORT_POSITION";"Отдельное значение для этой транспортной позиции в таблице 2.1 СанПиН 1.2.3685-21 не установлено.";"";"";""
"1700";"СВЕЧИ ГАЗОВЫЕ СЛЕЗОТОЧИВЫЕ";"";"NOT_ESTABLISHED_FOR_TRANSPORT_POSITION";"Отдельное значение для этой транспортной позиции в таблице 2.1 СанПиН 1.2.3685-21 не установлено.";"";"";""
"1701";"КСИЛИЛБРОМИД ЖИДКИЙ";"";"NOT_ESTABLISHED_FOR_TRANSPORT_POSITION";"Отдельное значение для этой транспортной позиции в таблице 2.1 СанПиН 1.2.3685-21 не установлено.";"";"";""
"1702";"1,1,2,2-ТЕТРАХЛОРЭТАН";"";"MATCHED_SANPIN_2_1";"5 мг/м³";"1977";"1,1,2,2-Тетрахлорэтан+";"name"
"1704";"ТЕТРАЭТИЛДИТИОПИРОФОСФАТ";"";"NOT_ESTABLISHED_FOR_TRANSPORT_POSITION";"Отдельное значение для этой транспортной позиции в таблице 2.1 СанПиН 1.2.3685-21 не установлено.";"";"";""
"1707";"ТАЛЛИЯ СОЕДИНЕНИЕ, Н.У.К.";"";"NOT_ESTABLISHED_FOR_TRANSPORT_POSITION";"Единая ПДК не устанавливается: контролируется по компонентному составу.";"";"";""
"1708";"ТОЛУИДИНЫ ЖИДКИЕ";"";"MATCHED_SANPIN_2_1";"1/0,5 мг/м³ (максимальная разовая / среднесменная)";"102";"1-Амино-2-метилбензол+ (2-метиланилин; о-толуидин)";"name"
"1709";"2,4-ТОЛУИЛЕНДИАМИН ТВЕРДЫЙ";"";"NOT_ESTABLISHED_FOR_TRANSPORT_POSITION";"Отдельное значение для этой транспортной позиции в таблице 2.1 СанПиН 1.2.3685-21 не установлено.";"";"";""
"1710";"ТРИХЛОРЭТИЛЕН";"";"MATCHED_SANPIN_2_1";"30/10 мг/м³ (максимальная разовая / среднесменная)";"2108";"Трихлорэтен (трихлорэтилен)";"name"
"1711";"КСИЛИДИНЫ ЖИДКИЕ";"";"MATCHED_SANPIN_2_1";"3 мг/м³";"92";"Аминодиметилбензол+ (диметиланилин; Ксилидин)";"name"
"1712";"ЦИНКА АРСЕНАТ";"";"NOT_ESTABLISHED_FOR_TRANSPORT_POSITION";"Отдельное значение для этой транспортной позиции в таблице 2.1 СанПиН 1.2.3685-21 не установлено.";"";"";""
"1712";"ЦИНКА АРСЕНИТ";"";"NOT_ESTABLISHED_FOR_TRANSPORT_POSITION";"Отдельное значение для этой транспортной позиции в таблице 2.1 СанПиН 1.2.3685-21 не установлено.";"";"";""
"1712";"ЦИНКА АРСЕНАТА И ЦИНКА АРСЕНИТА СМЕСЬ";"";"NOT_ESTABLISHED_FOR_TRANSPORT_POSITION";"Единая ПДК не устанавливается: контролируется по компонентному составу.";"";"";""
"1713";"ЦИНКА ЦИАНИД";"";"NOT_ESTABLISHED_FOR_TRANSPORT_POSITION";"Отдельное значение для этой транспортной позиции в таблице 2.1 СанПиН 1.2.3685-21 не установлено.";"";"";""
"1714";"ЦИНКА ФОСФИД";"";"NOT_ESTABLISHED_FOR_TRANSPORT_POSITION";"Отдельное значение для этой транспортной позиции в таблице 2.1 СанПиН 1.2.3685-21 не установлено.";"";"";""
"1715";"АНГИДРИД УКСУСНЫЙ";"";"MATCHED_SANPIN_2_1";"3 мг/м³";"215";"Ацетангидрид+ (уксусный ангидрид)";"name"
"1716";"АЦЕТИЛБРОМИД";"";"NOT_ESTABLISHED_FOR_TRANSPORT_POSITION";"Отдельное значение для этой транспортной позиции в таблице 2.1 СанПиН 1.2.3685-21 не установлено.";"";"";""
"1717";"АЦЕТИЛХЛОРИД";"";"NOT_ESTABLISHED_FOR_TRANSPORT_POSITION";"Отдельное значение для этой транспортной позиции в таблице 2.1 СанПиН 1.2.3685-21 не установлено.";"";"";""
"1718";"КИСЛОТА БУТИЛФОСФОРНАЯ";"";"NOT_ESTABLISHED_FOR_TRANSPORT_POSITION";"Отдельное значение для этой транспортной позиции в таблице 2.1 СанПиН 1.2.3685-21 не установлено.";"";"";""
"1719";"ЩЕЛОЧНАЯ ЖИДКОСТЬ ЕДКАЯ, Н.У.К.";"";"NOT_ESTABLISHED_FOR_TRANSPORT_POSITION";"Единая ПДК не устанавливается: контролируется по компонентному составу.";"";"";""
"1722";"АЛЛИЛХЛОРФОРМИАТ";"";"NOT_ESTABLISHED_FOR_TRANSPORT_POSITION";"Отдельное значение для этой транспортной позиции в таблице 2.1 СанПиН 1.2.3685-21 не установлено.";"";"";""
"1723";"АЛЛИЛЙОДИД";"";"NOT_ESTABLISHED_FOR_TRANSPORT_POSITION";"Отдельное значение для этой транспортной позиции в таблице 2.1 СанПиН 1.2.3685-21 не установлено.";"";"";""
"1724";"АЛЛИЛТРИХЛОРСИЛАН СТАБИЛИЗИРОВАННЫЙ";"";"NOT_ESTABLISHED_FOR_TRANSPORT_POSITION";"Отдельное значение для этой транспортной позиции в таблице 2.1 СанПиН 1.2.3685-21 не установлено.";"";"";""
"1725";"АЛЮМИНИЯ БРОМИД БЕЗВОДНЫЙ";"";"NOT_ESTABLISHED_FOR_TRANSPORT_POSITION";"Отдельное значение для этой транспортной позиции в таблице 2.1 СанПиН 1.2.3685-21 не установлено.";"";"";""
"1726";"АЛЮМИНИЯ ХЛОРИД БЕЗВОДНЫЙ";"";"NOT_ESTABLISHED_FOR_TRANSPORT_POSITION";"Отдельное значение для этой транспортной позиции в таблице 2.1 СанПиН 1.2.3685-21 не установлено.";"";"";""
"1727";"АММОНИЯ ГИДРОДИФТОРИД ТВЕРДЫЙ";"";"NOT_ESTABLISHED_FOR_TRANSPORT_POSITION";"Отдельное значение для этой транспортной позиции в таблице 2.1 СанПиН 1.2.3685-21 не установлено.";"";"";""
"1728";"АМИЛТРИХЛОРСИЛАН";"";"NOT_ESTABLISHED_FOR_TRANSPORT_POSITION";"Отдельное значение для этой транспортной позиции в таблице 2.1 СанПиН 1.2.3685-21 не установлено.";"";"";""
"1729";"АНИЗОИЛХЛОРИД";"";"NOT_ESTABLISHED_FOR_TRANSPORT_POSITION";"Отдельное значение для этой транспортной позиции в таблице 2.1 СанПиН 1.2.3685-21 не установлено.";"";"";""
"1730";"СУРЬМЫ ПЕНТАХЛОРИД ЖИДКИЙ";"";"NOT_ESTABLISHED_FOR_TRANSPORT_POSITION";"Отдельное значение для этой транспортной позиции в таблице 2.1 СанПиН 1.2.3685-21 не установлено.";"";"";""
"1731";"СУРЬМЫ ПЕНТАХЛОРИДА РАСТВОР";"";"NOT_ESTABLISHED_FOR_TRANSPORT_POSITION";"Отдельное значение для этой транспортной позиции в таблице 2.1 СанПиН 1.2.3685-21 не установлено.";"";"";""
"1732";"СУРЬМЫ ПЕНТАФТОРИД";"";"NOT_ESTABLISHED_FOR_TRANSPORT_POSITION";"Отдельное значение для этой транспортной позиции в таблице 2.1 СанПиН 1.2.3685-21 не установлено.";"";"";""
"1733";"СУРЬМЫ ТРИХЛОРИД";"";"NOT_ESTABLISHED_FOR_TRANSPORT_POSITION";"Отдельное значение для этой транспортной позиции в таблице 2.1 СанПиН 1.2.3685-21 не установлено.";"";"";""
"1736";"БЕНЗОИЛХЛОРИД";"";"MATCHED_SANPIN_2_1";"5 мг/м³";"276";"Бензоилхлорид (бензойной кислоты хлорангидрид)";"name"
"1737";"БЕНЗИЛБРОМИД";"";"NOT_ESTABLISHED_FOR_TRANSPORT_POSITION";"Отдельное значение для этой транспортной позиции в таблице 2.1 СанПиН 1.2.3685-21 не установлено.";"";"";""
"1738";"БЕНЗИЛХЛОРИД";"";"MATCHED_SANPIN_2_1";"0,5 мг/м³";"2245";"(Хлорметил) бензол (бензилхлорид; хлортолуол)";"name"
"1739";"БЕНЗИЛХЛОРФОРМИАТ";"";"MATCHED_SANPIN_2_1";"0,5 мг/м³";"266";"Бензилхлорформиат+ (карбобензоксихлорид)";"name"
"1740";"ГИДРОДИФТОРИДЫ, ТВЕРДЫЕ Н.У.К.";"";"NOT_ESTABLISHED_FOR_TRANSPORT_POSITION";"Единая ПДК не устанавливается: контролируется по компонентному составу.";"";"";""
"1740";"ГИДРОДИФТОРИДЫ, Н.У.К. ТВЕРДЫЕ";"";"NOT_ESTABLISHED_FOR_TRANSPORT_POSITION";"Единая ПДК не устанавливается: контролируется по компонентному составу.";"";"";""
"1741";"БОРА ТРИХЛОРИД";"";"NOT_ESTABLISHED_FOR_TRANSPORT_POSITION";"Отдельное значение для этой транспортной позиции в таблице 2.1 СанПиН 1.2.3685-21 не установлено.";"";"";""
"1742";"БОРА ТРИФТОРИД И КИСЛОТЫ УКСУСНОЙ КОМПЛЕКС ЖИДКИЙ";"";"NOT_ESTABLISHED_FOR_TRANSPORT_POSITION";"Отдельное значение для этой транспортной позиции в таблице 2.1 СанПиН 1.2.3685-21 не установлено.";"";"";""
"1743";"БОРА ТРИФТОРИДА И КИСЛОТЫ ПРОПИОНОВОЙ КОМПЛЕКС ЖИДКИЙ";"";"NOT_ESTABLISHED_FOR_TRANSPORT_POSITION";"Отдельное значение для этой транспортной позиции в таблице 2.1 СанПиН 1.2.3685-21 не установлено.";"";"";""
"1744";"БРОМ";"";"MATCHED_SANPIN_2_1";"0,5 мг/м³";"372";"Бром+";"name"
"1744";"БРОМА РАСТВОР";"";"NOT_ESTABLISHED_FOR_TRANSPORT_POSITION";"Отдельное значение для этой транспортной позиции в таблице 2.1 СанПиН 1.2.3685-21 не установлено.";"";"";""
"1745";"БРОМА ПЕНТАФТОРИД";"";"NOT_ESTABLISHED_FOR_TRANSPORT_POSITION";"Отдельное значение для этой транспортной позиции в таблице 2.1 СанПиН 1.2.3685-21 не установлено.";"";"";""
"1746";"БРОМА ТРИФТОРИД";"";"NOT_ESTABLISHED_FOR_TRANSPORT_POSITION";"Отдельное значение для этой транспортной позиции в таблице 2.1 СанПиН 1.2.3685-21 не установлено.";"";"";""
"1747";"БУТИЛТРИХЛОРСИЛАН";"";"NOT_ESTABLISHED_FOR_TRANSPORT_POSITION";"Отдельное значение для этой транспортной позиции в таблице 2.1 СанПиН 1.2.3685-21 не установлено.";"";"";""
"1748";"КАЛЬЦИЯ ГИПОХЛОРИТ СУХОЙ";"";"NOT_ESTABLISHED_FOR_TRANSPORT_POSITION";"Отдельное значение для этой транспортной позиции в таблице 2.1 СанПиН 1.2.3685-21 не установлено.";"";"";""
"1748";"КАЛЬЦИЯ ГИПОХЛОРИТА СМЕСЬ СУХАЯ, содержащая более 39% активного хлора (8,8% активного кислорода)";"";"NOT_ESTABLISHED_FOR_TRANSPORT_POSITION";"Единая ПДК не устанавливается: контролируется по компонентному составу.";"";"";""
"1749";"ХЛОРА ТРИФТОРИД";"";"NOT_ESTABLISHED_FOR_TRANSPORT_POSITION";"Отдельное значение для этой транспортной позиции в таблице 2.1 СанПиН 1.2.3685-21 не установлено.";"";"";""
"1750";"КИСЛОТЫ ХЛОРУКСУСНОЙ РАСТВОР";"";"MATCHED_SANPIN_2_1";"1 мг/м³";"2283";"Хлорэтановая кислота+ (хлоруксусная кислота)";"name"
"1751";"КИСЛОТА ХЛОРУКСУСНАЯ ТВЕРДАЯ";"";"MATCHED_SANPIN_2_1";"1 мг/м³";"2283";"Хлорэтановая кислота+ (хлоруксусная кислота)";"name"
"1752";"ХЛОРАЦЕТИЛХЛОРИД";"";"MATCHED_SANPIN_2_1";"0,3 мг/м³";"2220";"Хлорацетилхлорид+ (хлоруксусной кислоты хлорангидрид)";"name"
"1753";"ХЛОРФЕНИЛТРИХЛОРСИЛАН";"";"NOT_ESTABLISHED_FOR_TRANSPORT_POSITION";"Отдельное значение для этой транспортной позиции в таблице 2.1 СанПиН 1.2.3685-21 не установлено.";"";"";""
"1754";"КИСЛОТА ХЛОРСУЛЬФОНОВАЯ (с серным ангидридом или без него)";"";"NOT_ESTABLISHED_FOR_TRANSPORT_POSITION";"Отдельное значение для этой транспортной позиции в таблице 2.1 СанПиН 1.2.3685-21 не установлено.";"";"";""
"1755";"КИСЛОТЫ ХРОМОВОЙ РАСТВОР";"";"MATCHED_SANPIN_2_1";"0,03/0,01 мг/м³ (максимальная разовая / среднесменная)";"2294";"Хромовой кислоты соли /в пересчете на хром (VI)/";"name"
"1756";"ХРОМА ФТОРИД ТВЕРДЫЙ";"";"NOT_ESTABLISHED_FOR_TRANSPORT_POSITION";"Отдельное значение для этой транспортной позиции в таблице 2.1 СанПиН 1.2.3685-21 не установлено.";"";"";""
"1757";"ХРОМА ФТОРИДА РАСТВОР";"";"NOT_ESTABLISHED_FOR_TRANSPORT_POSITION";"Отдельное значение для этой транспортной позиции в таблице 2.1 СанПиН 1.2.3685-21 не установлено.";"";"";""
"1758";"ХРОМА ОКСИХЛОРИД";"";"NOT_ESTABLISHED_FOR_TRANSPORT_POSITION";"Отдельное значение для этой транспортной позиции в таблице 2.1 СанПиН 1.2.3685-21 не установлено.";"";"";""
"1759";"КОРРОЗИОННОЕ ВЕЩЕСТВО ТВЕРДОЕ, Н.У.К.";"";"NOT_ESTABLISHED_FOR_TRANSPORT_POSITION";"Единая ПДК не устанавливается: контролируется по компонентному составу.";"";"";""
"1760";"КОРРОЗИОННАЯ ЖИДКОСТЬ, Н.У.К.";"";"NOT_ESTABLISHED_FOR_TRANSPORT_POSITION";"Единая ПДК не устанавливается: контролируется по компонентному составу.";"";"";""
"1761";"МЕДЬЭТИЛЕНДИАМИНА РАСТВОР";"";"NOT_ESTABLISHED_FOR_TRANSPORT_POSITION";"Отдельное значение для этой транспортной позиции в таблице 2.1 СанПиН 1.2.3685-21 не установлено.";"";"";""
"1762";"ЦИКЛОГЕКСЕНИЛТРИХЛОРСИЛАН";"";"NOT_ESTABLISHED_FOR_TRANSPORT_POSITION";"Отдельное значение для этой транспортной позиции в таблице 2.1 СанПиН 1.2.3685-21 не установлено.";"";"";""
"1763";"ЦИКЛОГЕКСИЛТРИХЛОРСИЛАН";"";"NOT_ESTABLISHED_FOR_TRANSPORT_POSITION";"Отдельное значение для этой транспортной позиции в таблице 2.1 СанПиН 1.2.3685-21 не установлено.";"";"";""
"1764";"КИСЛОТА ДИХЛОРУКСУСНАЯ";"";"MATCHED_SANPIN_2_1";"4 мг/м³";"960";"Дихлорэтановая кислота (дихлоруксусная кислота)";"name"
"1765";"ДИХЛОРАЦЕТИЛХЛОРИД";"";"NOT_ESTABLISHED_FOR_TRANSPORT_POSITION";"Отдельное значение для этой транспортной позиции в таблице 2.1 СанПиН 1.2.3685-21 не установлено.";"";"";""
"1766";"ДИХЛОРФЕНИЛТРИХЛОРСИЛАН";"";"MATCHED_SANPIN_2_1";"1 мг/м³";"951";"Дихлорфенилтрихлорсилан/по гидрохлориду/";"name"
"1767";"ДИЭТИЛДИХЛОРСИЛАН";"";"NOT_ESTABLISHED_FOR_TRANSPORT_POSITION";"Отдельное значение для этой транспортной позиции в таблице 2.1 СанПиН 1.2.3685-21 не установлено.";"";"";""
"1768";"КИСЛОТА ДИФТОРФОСФОРНАЯ БЕЗВОДНАЯ";"";"NOT_ESTABLISHED_FOR_TRANSPORT_POSITION";"Отдельное значение для этой транспортной позиции в таблице 2.1 СанПиН 1.2.3685-21 не установлено.";"";"";""
"1769";"ДИФЕНИЛДИХЛОРСИЛАН";"";"NOT_ESTABLISHED_FOR_TRANSPORT_POSITION";"Отдельное значение для этой транспортной позиции в таблице 2.1 СанПиН 1.2.3685-21 не установлено.";"";"";""
"1770";"ДИФЕНИЛМЕТИЛБРОМИД";"";"NOT_ESTABLISHED_FOR_TRANSPORT_POSITION";"Отдельное значение для этой транспортной позиции в таблице 2.1 СанПиН 1.2.3685-21 не установлено.";"";"";""
"1771";"ДОДЕЦИЛТРИХЛОРСИЛАН";"";"NOT_ESTABLISHED_FOR_TRANSPORT_POSITION";"Отдельное значение для этой транспортной позиции в таблице 2.1 СанПиН 1.2.3685-21 не установлено.";"";"";""
"1773";"ЖЕЛЕЗА (III) ХЛОРИД БЕЗВОДНЫЙ";"";"NOT_ESTABLISHED_FOR_TRANSPORT_POSITION";"Отдельное значение для этой транспортной позиции в таблице 2.1 СанПиН 1.2.3685-21 не установлено.";"";"";""
"1774";"ЖИДКОСТЬ ДЛЯ ЗАРЯДКИ ОГНЕТУШИТЕЛЕЙ коррозионная";"";"NOT_ESTABLISHED_FOR_TRANSPORT_POSITION";"Отдельное значение для этой транспортной позиции в таблице 2.1 СанПиН 1.2.3685-21 не установлено.";"";"";""
"1775";"КИСЛОТА БОРФТОРИСТОВОДОРОДНАЯ";"";"NOT_ESTABLISHED_FOR_TRANSPORT_POSITION";"Отдельное значение для этой транспортной позиции в таблице 2.1 СанПиН 1.2.3685-21 не установлено.";"";"";""
"1776";"КИСЛОТА МОНОФТОРОФОСФОРНАЯ БЕЗВОДНАЯ";"";"NOT_ESTABLISHED_FOR_TRANSPORT_POSITION";"Отдельное значение для этой транспортной позиции в таблице 2.1 СанПиН 1.2.3685-21 не установлено.";"";"";""
"1777";"КИСЛОТА ФТОРСУЛЬФОНОВАЯ";"";"NOT_ESTABLISHED_FOR_TRANSPORT_POSITION";"Отдельное значение для этой транспортной позиции в таблице 2.1 СанПиН 1.2.3685-21 не установлено.";"";"";""
"1778";"КИСЛОТА КРЕМНЕФТОРИСТОВОДОРОДНАЯ";"";"NOT_ESTABLISHED_FOR_TRANSPORT_POSITION";"Отдельное значение для этой транспортной позиции в таблице 2.1 СанПиН 1.2.3685-21 не установлено.";"";"";""
"1779";"КИСЛОТА МУРАВЬИНАЯ с массовой долей кислоты более 85%";"";"MATCHED_SANPIN_2_1";"1 мг/м³";"1253";"Метановая кислота+ (муравьиная кислота)";"name"
"1780";"ФУМАРИЛХЛОРИД";"";"NOT_ESTABLISHED_FOR_TRANSPORT_POSITION";"Отдельное значение для этой транспортной позиции в таблице 2.1 СанПиН 1.2.3685-21 не установлено.";"";"";""
"1781";"ГЕКСАДЕЦИЛТРИХЛОРСИЛАН";"";"NOT_ESTABLISHED_FOR_TRANSPORT_POSITION";"Отдельное значение для этой транспортной позиции в таблице 2.1 СанПиН 1.2.3685-21 не установлено.";"";"";""
"1782";"КИСЛОТА ГЕКСАФТОРОФОСФОРНАЯ";"";"NOT_ESTABLISHED_FOR_TRANSPORT_POSITION";"Отдельное значение для этой транспортной позиции в таблице 2.1 СанПиН 1.2.3685-21 не установлено.";"";"";""
"1783";"ГЕКСАМЕТИЛЕНДИАМИНА РАСТВОР";"";"MATCHED_SANPIN_2_1";"0,1 мг/м³";"649";"1,6-Диаминогексан (гексаметилендиамин)";"name"
"1784";"ГЕКСИЛТРИХЛОРСИЛАН";"";"NOT_ESTABLISHED_FOR_TRANSPORT_POSITION";"Отдельное значение для этой транспортной позиции в таблице 2.1 СанПиН 1.2.3685-21 не установлено.";"";"";""
"1786";"КИСЛОТЫ ФТОРИСТОВОДОРОДНОЙ И КИСЛОТЫ СЕРНОЙ СМЕСЬ";"";"NOT_ESTABLISHED_FOR_TRANSPORT_POSITION";"Единая ПДК не устанавливается: контролируется по компонентному составу.";"";"";""
"1787";"КИСЛОТА ЙОДИСТОВОДОРОДНАЯ";"";"NOT_ESTABLISHED_FOR_TRANSPORT_POSITION";"Отдельное значение для этой транспортной позиции в таблице 2.1 СанПиН 1.2.3685-21 не установлено.";"";"";""
"1788";"КИСЛОТА БРОМИСТОВОДОРОДНАЯ";"";"NOT_ESTABLISHED_FOR_TRANSPORT_POSITION";"Отдельное значение для этой транспортной позиции в таблице 2.1 СанПиН 1.2.3685-21 не установлено.";"";"";""
"1789";"КИСЛОТА ХЛОРИСТОВОДОРОДНАЯ";"HCl";"MATCHED_SANPIN_2_1";"5 мг/м³";"609";"Гидрохлорид (водород хлорид; хлоргидрат)";"formula"
"1790";"КИСЛОТЫ ФТОРИСТОВОДОРОДНОЙ раствор с содержанием фтористого водорода более 60%, но не более 85%";"";"NOT_ESTABLISHED_FOR_TRANSPORT_POSITION";"Отдельное значение для этой транспортной позиции в таблице 2.1 СанПиН 1.2.3685-21 не установлено.";"";"";""
"1790";"КИСЛОТЫ ФТОРИСТОВОДОРОДНОЙ раствор с содержанием фтористого водорода не более 60%";"";"NOT_ESTABLISHED_FOR_TRANSPORT_POSITION";"Отдельное значение для этой транспортной позиции в таблице 2.1 СанПиН 1.2.3685-21 не установлено.";"";"";""
"1790";"КИСЛОТЫ ФТОРИСТОВОДОРОДНОЙ раствор с содержанием фтористого водорода более 85%";"";"NOT_ESTABLISHED_FOR_TRANSPORT_POSITION";"Отдельное значение для этой транспортной позиции в таблице 2.1 СанПиН 1.2.3685-21 не установлено.";"";"";""
"1791";"ГИПОХЛОРИТА РАСТВОР";"";"NOT_ESTABLISHED_FOR_TRANSPORT_POSITION";"Отдельное значение для этой транспортной позиции в таблице 2.1 СанПиН 1.2.3685-21 не установлено.";"";"";""
"1792";"ЙОДА МОНОХЛОРИД ТВЕРДЫЙ";"";"NOT_ESTABLISHED_FOR_TRANSPORT_POSITION";"Отдельное значение для этой транспортной позиции в таблице 2.1 СанПиН 1.2.3685-21 не установлено.";"";"";""
"1793";"КИСЛОТА ИЗОПРОПИЛФОСФОРНАЯ";"";"NOT_ESTABLISHED_FOR_TRANSPORT_POSITION";"Отдельное значение для этой транспортной позиции в таблице 2.1 СанПиН 1.2.3685-21 не установлено.";"";"";""
"1794";"СВИНЦА СУЛЬФАТ, содержащий более 3% свободной кислоты";"";"NOT_ESTABLISHED_FOR_TRANSPORT_POSITION";"Отдельное значение для этой транспортной позиции в таблице 2.1 СанПиН 1.2.3685-21 не установлено.";"";"";""
"1796";"СМЕСЬ КИСЛОТНАЯ НИТРУЮЩАЯ c содержанием азотной кислоты более 50%";"";"NOT_ESTABLISHED_FOR_TRANSPORT_POSITION";"Единая ПДК не устанавливается: контролируется по компонентному составу.";"";"";""
"1796";"СМЕСЬ КИСЛОТНАЯ НИТРУЮЩАЯ c содержанием азотной кислоты не более 50%";"";"NOT_ESTABLISHED_FOR_TRANSPORT_POSITION";"Единая ПДК не устанавливается: контролируется по компонентному составу.";"";"";""
"1798";"КИСЛОТЫ АЗОТНОЙ И КИСЛОТЫ ХЛОРИСТОВОДОРОДНОЙ СМЕСЬ";"";"NOT_ESTABLISHED_FOR_TRANSPORT_POSITION";"Единая ПДК не устанавливается: контролируется по компонентному составу.";"";"";""
"1799";"НОНИЛТРИХЛОРСИЛАН";"";"NOT_ESTABLISHED_FOR_TRANSPORT_POSITION";"Отдельное значение для этой транспортной позиции в таблице 2.1 СанПиН 1.2.3685-21 не установлено.";"";"";""
"1800";"ОКТАДЕЦИЛТРИХЛОРСИЛАН";"";"NOT_ESTABLISHED_FOR_TRANSPORT_POSITION";"Отдельное значение для этой транспортной позиции в таблице 2.1 СанПиН 1.2.3685-21 не установлено.";"";"";""
"1801";"ОКТИЛТРИХЛОРСИЛАН";"";"NOT_ESTABLISHED_FOR_TRANSPORT_POSITION";"Отдельное значение для этой транспортной позиции в таблице 2.1 СанПиН 1.2.3685-21 не установлено.";"";"";""
"1802";"КИСЛОТА ХЛОРНАЯ с массовой долей кислоты не более 50%";"";"NOT_ESTABLISHED_FOR_TRANSPORT_POSITION";"Отдельное значение для этой транспортной позиции в таблице 2.1 СанПиН 1.2.3685-21 не установлено.";"";"";""
"1803";"ФЕНОЛСУЛЬФОКИСЛОТА ЖИДКАЯ";"";"NOT_ESTABLISHED_FOR_TRANSPORT_POSITION";"Отдельное значение для этой транспортной позиции в таблице 2.1 СанПиН 1.2.3685-21 не установлено.";"";"";""
"1804";"ФЕНИЛТРИХЛОРСИЛАН";"";"MATCHED_SANPIN_2_1";"1 мг/м³";"2153";"Фенилтрихлорсилан+ /контроль по гидрохлориду/";"name"
"1805";"КИСЛОТЫ ФОСФОРНОЙ РАСТВОР";"";"NOT_ESTABLISHED_FOR_TRANSPORT_POSITION";"Отдельное значение для этой транспортной позиции в таблице 2.1 СанПиН 1.2.3685-21 не установлено.";"";"";""
"1806";"ФОСФОРА ПЕНТАХЛОРИД";"";"MATCHED_SANPIN_2_1";"0,2 мг/м³";"2194";"Фосфор пентахлорид+ (фосфор пятихлористый)";"name"
"1807";"ФОСФОРА (V) ОКСИД";"";"NOT_ESTABLISHED_FOR_TRANSPORT_POSITION";"Отдельное значение для этой транспортной позиции в таблице 2.1 СанПиН 1.2.3685-21 не установлено.";"";"";""
"1808";"ФОСФОРА ТРИБРОМИД";"";"NOT_ESTABLISHED_FOR_TRANSPORT_POSITION";"Отдельное значение для этой транспортной позиции в таблице 2.1 СанПиН 1.2.3685-21 не установлено.";"";"";""
"1809";"ФОСФОРА ТРИХЛОРИД";"PCl₃";"MATCHED_SANPIN_2_1";"0,2 мг/м³";"2195";"Фосфор трихлорид+ (фосфор треххлористый)";"formula"
"1810";"ФОСФОРА ОКСИХЛОРИД";"POCl₃";"MATCHED_SANPIN_2_1";"0,05 мг/м³";"2196";"Фосфорилхлорид+";"formula"
"1811";"КАЛИЯ ГИДРОДИФТОРИД ТВЕРДЫЙ";"";"NOT_ESTABLISHED_FOR_TRANSPORT_POSITION";"Отдельное значение для этой транспортной позиции в таблице 2.1 СанПиН 1.2.3685-21 не установлено.";"";"";""
"1812";"КАЛИЯ ФТОРИД ТВЕРДЫЙ";"";"MATCHED_SANPIN_2_1";"1 мг/м³";"1068";"Калий фторида аддукт с гидропероксидом (1:1) (пероксогидрат фторида калия)+";"name"
"1813";"КАЛИЯ ГИДРОКСИД ТВЕРДЫЙ";"";"NOT_ESTABLISHED_FOR_TRANSPORT_POSITION";"Отдельное значение для этой транспортной позиции в таблице 2.1 СанПиН 1.2.3685-21 не установлено.";"";"";""
"1814";"КАЛИЯ ГИДРОКСИДА РАСТВОР";"";"NOT_ESTABLISHED_FOR_TRANSPORT_POSITION";"Отдельное значение для этой транспортной позиции в таблице 2.1 СанПиН 1.2.3685-21 не установлено.";"";"";""
"1815";"ПРОПИОНИЛХЛОРИД";"";"MATCHED_SANPIN_2_1";"2 мг/м³";"1786";"Пропионилхлорид+ (пропановой кислоты хлорангидрид; пропионил хлористый)";"name"
"1816";"ПРОПИЛТРИХЛОРСИЛАН";"";"NOT_ESTABLISHED_FOR_TRANSPORT_POSITION";"Отдельное значение для этой транспортной позиции в таблице 2.1 СанПиН 1.2.3685-21 не установлено.";"";"";""
"1817";"ПИРОСУЛЬФУРИЛХЛОРИД";"";"NOT_ESTABLISHED_FOR_TRANSPORT_POSITION";"Отдельное значение для этой транспортной позиции в таблице 2.1 СанПиН 1.2.3685-21 не установлено.";"";"";""
"1818";"КРЕМНИЯ ТЕТРАХЛОРИД";"";"NOT_ESTABLISHED_FOR_TRANSPORT_POSITION";"Отдельное значение для этой транспортной позиции в таблице 2.1 СанПиН 1.2.3685-21 не установлено.";"";"";""
"1819";"НАТРИЯ АЛЮМИНАТА РАСТВОР";"";"NOT_ESTABLISHED_FOR_TRANSPORT_POSITION";"Отдельное значение для этой транспортной позиции в таблице 2.1 СанПиН 1.2.3685-21 не установлено.";"";"";""
"1823";"НАТРИЯ ГИДРОКСИД ТВЕРДЫЙ";"";"MATCHED_SANPIN_2_1";"0,5 мг/м³";"2362";"Щелочи едкие+ /растворы в пересчете на гидроксид натрия/";"name"
"1824";"НАТРИЯ ГИДРОКСИДА РАСТВОР";"";"MATCHED_SANPIN_2_1";"0,5 мг/м³";"2362";"Щелочи едкие+ /растворы в пересчете на гидроксид натрия/";"name"
"1825";"НАТРИЯ ОКСИД";"";"NOT_ESTABLISHED_FOR_TRANSPORT_POSITION";"Отдельное значение для этой транспортной позиции в таблице 2.1 СанПиН 1.2.3685-21 не установлено.";"";"";""
"1826";"СМЕСЬ КИСЛОТНАЯ НИТРУЮЩАЯ ОТРАБОТАННАЯ с содержанием азотной кислоты более 50%";"";"NOT_ESTABLISHED_FOR_TRANSPORT_POSITION";"Единая ПДК не устанавливается: контролируется по компонентному составу.";"";"";""
"1826";"СМЕСЬ КИСЛОТНАЯ НИТРУЮЩАЯ ОТРАБОТАННАЯ с содержанием азотной кислоты не более 50%";"";"NOT_ESTABLISHED_FOR_TRANSPORT_POSITION";"Единая ПДК не устанавливается: контролируется по компонентному составу.";"";"";""
"1827";"ОЛОВА ТЕТРАХЛОРИД БЕЗВОДНЫЙ";"";"NOT_ESTABLISHED_FOR_TRANSPORT_POSITION";"Отдельное значение для этой транспортной позиции в таблице 2.1 СанПиН 1.2.3685-21 не установлено.";"";"";""
"1828";"СЕРЫ ХЛОРИДЫ";"";"NOT_ESTABLISHED_FOR_TRANSPORT_POSITION";"Отдельное значение для этой транспортной позиции в таблице 2.1 СанПиН 1.2.3685-21 не установлено.";"";"";""
"1829";"СЕРЫ ТРИОКСИД СТАБИЛИЗИРОВАННЫЙ";"";"NOT_ESTABLISHED_FOR_TRANSPORT_POSITION";"Отдельное значение для этой транспортной позиции в таблице 2.1 СанПиН 1.2.3685-21 не установлено.";"";"";""
"1830";"КИСЛОТА СЕРНАЯ, содержащая более 51% кислоты";"H₂SO₄";"MATCHED_SANPIN_2_1";"1 мг/м³";"1845";"Серная кислота+";"formula"
"1831";"КИСЛОТА СЕРНАЯ ДЫМЯЩАЯ";"H₂SO₄ + SO₃";"MATCHED_SANPIN_2_1";"1 мг/м³";"1845";"Серная кислота+";"name"
"1832";"КИСЛОТА СЕРНАЯ ОТРАБОТАННАЯ";"H₂SO₄";"MATCHED_SANPIN_2_1";"1 мг/м³";"1845";"Серная кислота+";"formula"
"1833";"КИСЛОТА СЕРНИСТАЯ";"";"MATCHED_SANPIN_2_1";"0,3 мг/м³";"1988";"Тионилхлорид+ (диангидрид сернистой кислоты; тионил хлористый)";"name"
"1834";"СУЛЬФУРИЛХЛОРИД";"";"NOT_ESTABLISHED_FOR_TRANSPORT_POSITION";"Отдельное значение для этой транспортной позиции в таблице 2.1 СанПиН 1.2.3685-21 не установлено.";"";"";""
"1835";"ТЕТРАМЕТИЛАММОНИЯ ГИДРОКСИДА РАСТВОР";"";"NOT_ESTABLISHED_FOR_TRANSPORT_POSITION";"Отдельное значение для этой транспортной позиции в таблице 2.1 СанПиН 1.2.3685-21 не установлено.";"";"";""
"1836";"ТИОНИЛХЛОРИД";"";"MATCHED_SANPIN_2_1";"0,3 мг/м³";"1988";"Тионилхлорид+ (диангидрид сернистой кислоты; тионил хлористый)";"name"
"1837";"ТИОФОСФОРИЛХЛОРИД";"";"MATCHED_SANPIN_2_1";"0,5 мг/м³";"1991";"Тиофосфорилхлорид+";"name"
"1838";"ТИТАНА ТЕТРАХЛОРИД";"";"MATCHED_SANPIN_2_1";"1 мг/м³";"2000";"Титан тетрахлорид+ /по гидрохлориду/ (титан хлористый)";"name"
"1839";"КИСЛОТА ТРИХЛОРУКСУСНАЯ";"";"MATCHED_SANPIN_2_1";"5 мг/м³";"2107";"Трихлорэтановая кислота+ (трихлоруксусная кислота)";"name"
"1840";"ЦИНКА ХЛОРИДА РАСТВОР";"";"NOT_ESTABLISHED_FOR_TRANSPORT_POSITION";"Отдельное значение для этой транспортной позиции в таблице 2.1 СанПиН 1.2.3685-21 не установлено.";"";"";""
"1841";"АЦЕТАЛЬДЕГИДАММИАК";"";"NOT_ESTABLISHED_FOR_TRANSPORT_POSITION";"Отдельное значение для этой транспортной позиции в таблице 2.1 СанПиН 1.2.3685-21 не установлено.";"";"";""
"1843";"АММОНИЯ ДИНИТРО-о-КРЕЗОЛЯТ ТВЕРДЫЙ";"";"NOT_ESTABLISHED_FOR_TRANSPORT_POSITION";"Отдельное значение для этой транспортной позиции в таблице 2.1 СанПиН 1.2.3685-21 не установлено.";"";"";""
"1845";"Углерода диоксид твердый (лед сухой)";"";"MATCHED_SANPIN_2_1";"27000/9000 мг/м³ (максимальная разовая / среднесменная)";"2124";"Углерода диоксид (двуокись углерода, углекислый газ)";"name"
"1846";"УГЛЕРОДА ТЕТРАХЛОРИД";"";"NOT_ESTABLISHED_FOR_TRANSPORT_POSITION";"Отдельное значение для этой транспортной позиции в таблице 2.1 СанПиН 1.2.3685-21 не установлено.";"";"";""
"1847";"КАЛИЯ СУЛЬФИДА КРИСТАЛЛОГИДРАТ, содержащий не менее 30% кристаллизационной воды";"";"NOT_ESTABLISHED_FOR_TRANSPORT_POSITION";"Отдельное значение для этой транспортной позиции в таблице 2.1 СанПиН 1.2.3685-21 не установлено.";"";"";""
"1848";"КИСЛОТА ПРОПИОНОВАЯ с массовой долей кислоты не менее 10% и менее 90%";"";"NOT_ESTABLISHED_FOR_TRANSPORT_POSITION";"Отдельное значение для этой транспортной позиции в таблице 2.1 СанПиН 1.2.3685-21 не установлено.";"";"";""
"1849";"НАТРИЯ СУЛЬФИДА КРИСТАЛЛОГИДРАТ, содержащий не менее 30% кристаллизационной воды";"";"NOT_ESTABLISHED_FOR_TRANSPORT_POSITION";"Отдельное значение для этой транспортной позиции в таблице 2.1 СанПиН 1.2.3685-21 не установлено.";"";"";""
"1851";"ЛЕКАРСТВЕННЫЙ ПРЕПАРАТ ЖИДКИЙ ТОКСИЧНЫЙ, Н.У.К.";"";"NOT_ESTABLISHED_FOR_TRANSPORT_POSITION";"Единая ПДК не устанавливается: контролируется по компонентному составу.";"";"";""
"1854";"БАРИЯ СПЛАВЫ ПИРОФОРНЫЕ";"";"NOT_ESTABLISHED_FOR_TRANSPORT_POSITION";"Отдельное значение для этой транспортной позиции в таблице 2.1 СанПиН 1.2.3685-21 не установлено.";"";"";""
"1855";"КАЛЬЦИЙ ПИРОФОРНЫЙ";"";"NOT_ESTABLISHED_FOR_TRANSPORT_POSITION";"Отдельное значение для этой транспортной позиции в таблице 2.1 СанПиН 1.2.3685-21 не установлено.";"";"";""
"1855";"КАЛЬЦИЯ СПЛАВЫ ПИРОФОРНЫЕ";"";"NOT_ESTABLISHED_FOR_TRANSPORT_POSITION";"Отдельное значение для этой транспортной позиции в таблице 2.1 СанПиН 1.2.3685-21 не установлено.";"";"";""
"1856";"Ветошь промасленная";"";"NOT_ESTABLISHED_FOR_TRANSPORT_POSITION";"Отдельное значение для этой транспортной позиции в таблице 2.1 СанПиН 1.2.3685-21 не установлено.";"";"";""
"1857";"Текстиля отходы влажные";"";"NOT_ESTABLISHED_FOR_TRANSPORT_POSITION";"Единая ПДК не устанавливается: контролируется по компонентному составу.";"";"";""
"1858";"ГЕКСАФТОРПРОПИЛЕН (ГАЗ РЕФРИЖЕРАТОРНЫЙ R 1216)";"";"MATCHED_SANPIN_2_1";"5 мг/м³";"496";"Гексафторпропен (гексафторпропилен)";"name"
"1859";"КРЕМНИЯ ТЕТРАФТОРИД СЖАТЫЙ";"";"NOT_ESTABLISHED_FOR_TRANSPORT_POSITION";"Отдельное значение для этой транспортной позиции в таблице 2.1 СанПиН 1.2.3685-21 не установлено.";"";"";""
"1860";"ВИНИЛФТОРИД СТАБИЛИЗИРОВАННЫЙ";"";"NOT_ESTABLISHED_FOR_TRANSPORT_POSITION";"Отдельное значение для этой транспортной позиции в таблице 2.1 СанПиН 1.2.3685-21 не установлено.";"";"";""
"1862";"ЭТИЛКРОТОНАТ";"";"NOT_ESTABLISHED_FOR_TRANSPORT_POSITION";"Отдельное значение для этой транспортной позиции в таблице 2.1 СанПиН 1.2.3685-21 не установлено.";"";"";""
"1863";"ТОПЛИВО АВИАЦИОННОЕ ДЛЯ ТУРБИННЫХ ДВИГАТЕЛЕЙ";"";"NOT_ESTABLISHED_FOR_TRANSPORT_POSITION";"Отдельное значение для этой транспортной позиции в таблице 2.1 СанПиН 1.2.3685-21 не установлено.";"";"";""
"1863";"ТОПЛИВО АВИАЦИОННОЕ ДЛЯ ТУРБИННЫХ ДВИГАТЕЛЕЙ (давление паров при 50°С более 110 кПа)";"";"NOT_ESTABLISHED_FOR_TRANSPORT_POSITION";"Отдельное значение для этой транспортной позиции в таблице 2.1 СанПиН 1.2.3685-21 не установлено.";"";"";""
"1863";"ТОПЛИВО АВИАЦИОННОЕ ДЛЯ ТУРБИННЫХ ДВИГАТЕЛЕЙ (давление паров при 50°С не более 110 кПа)";"";"NOT_ESTABLISHED_FOR_TRANSPORT_POSITION";"Отдельное значение для этой транспортной позиции в таблице 2.1 СанПиН 1.2.3685-21 не установлено.";"";"";""
"1865";"н-ПРОПИЛНИТРАТ";"";"NOT_ESTABLISHED_FOR_TRANSPORT_POSITION";"Отдельное значение для этой транспортной позиции в таблице 2.1 СанПиН 1.2.3685-21 не установлено.";"";"";""
"1866";"СМОЛЫ РАСТВОР легковоспламеняющийся";"";"NOT_ESTABLISHED_FOR_TRANSPORT_POSITION";"Отдельное значение для этой транспортной позиции в таблице 2.1 СанПиН 1.2.3685-21 не установлено.";"";"";""
"1866";"СМОЛЫ РАСТВОР легковоспламеняющийся (давление паров при 50°С более 110 кПа)";"";"NOT_ESTABLISHED_FOR_TRANSPORT_POSITION";"Отдельное значение для этой транспортной позиции в таблице 2.1 СанПиН 1.2.3685-21 не установлено.";"";"";""
"1866";"СМОЛЫ РАСТВОР легковоспламеняющийся (давление паров при 50°С не более 110 кПа)";"";"NOT_ESTABLISHED_FOR_TRANSPORT_POSITION";"Отдельное значение для этой транспортной позиции в таблице 2.1 СанПиН 1.2.3685-21 не установлено.";"";"";""
"1866";"СМОЛЫ РАСТВОР ЛЕГКОВОСПЛАМЕНЯЮЩИЙСЯ (имеющий температуру вспышки ниже 23 °С и вязкий согласно пункту 2.2.3.1.4) (давление паров при 50 °С более 110 кПа)";"";"NOT_ESTABLISHED_FOR_TRANSPORT_POSITION";"Отдельное значение для этой транспортной позиции в таблице 2.1 СанПиН 1.2.3685-21 не установлено.";"";"";""
"1866";"СМОЛЫ РАСТВОР ЛЕГКОВОСПЛАМЕНЯЮЩИЙСЯ (имеющий температуру вспышки ниже 23 °С и вязкий согласно пункту 2.2.3.1.4) (давление паров при 50 °С не более 110 кПа)";"";"NOT_ESTABLISHED_FOR_TRANSPORT_POSITION";"Отдельное значение для этой транспортной позиции в таблице 2.1 СанПиН 1.2.3685-21 не установлено.";"";"";""
"1868";"ДЕКАБОРАН";"";"NOT_ESTABLISHED_FOR_TRANSPORT_POSITION";"Отдельное значение для этой транспортной позиции в таблице 2.1 СанПиН 1.2.3685-21 не установлено.";"";"";""
"1869";"МАГНИЙ";"";"NOT_ESTABLISHED_FOR_TRANSPORT_POSITION";"Отдельное значение для этой транспортной позиции в таблице 2.1 СанПиН 1.2.3685-21 не установлено.";"";"";""
"1869";"МАГНИЯ СПЛАВЫ, содержащие более 50% магния (гранулы, стружки или ленты)";"";"NOT_ESTABLISHED_FOR_TRANSPORT_POSITION";"Отдельное значение для этой транспортной позиции в таблице 2.1 СанПиН 1.2.3685-21 не установлено.";"";"";""
"1870";"КАЛИЯ БОРГИДРИД";"";"NOT_ESTABLISHED_FOR_TRANSPORT_POSITION";"Отдельное значение для этой транспортной позиции в таблице 2.1 СанПиН 1.2.3685-21 не установлено.";"";"";""
"1871";"ТИТАНА ГИДРИД";"";"NOT_ESTABLISHED_FOR_TRANSPORT_POSITION";"Отдельное значение для этой транспортной позиции в таблице 2.1 СанПиН 1.2.3685-21 не установлено.";"";"";""
"1872";"СВИНЦА ДИОКСИД";"";"NOT_ESTABLISHED_FOR_TRANSPORT_POSITION";"Отдельное значение для этой транспортной позиции в таблице 2.1 СанПиН 1.2.3685-21 не установлено.";"";"";""
"1873";"КИСЛОТА ХЛОРНАЯ с массовой долей кислоты более 50%, но не более 72%";"";"NOT_ESTABLISHED_FOR_TRANSPORT_POSITION";"Отдельное значение для этой транспортной позиции в таблице 2.1 СанПиН 1.2.3685-21 не установлено.";"";"";""
"1884";"БАРИЯ ОКСИД";"";"MATCHED_SANPIN_2_1";"3 мг/м³";"1189";"Люминофор Л47/48/49, смесь Л47-6 (оксиды бария, магния, алюминия, активирован европием), Л48 - 40% (гексаалюминат цения-магния, активир. тербием), Л49 - 54% (оксид иттрия актив. европием)";"name"
"1885";"БЕНЗИДИН";"";"NOT_ESTABLISHED_FOR_TRANSPORT_POSITION";"Отдельное значение для этой транспортной позиции в таблице 2.1 СанПиН 1.2.3685-21 не установлено.";"";"";""
"1886";"БЕНЗИЛИДЕНХЛОРИД";"";"NOT_ESTABLISHED_FOR_TRANSPORT_POSITION";"Отдельное значение для этой транспортной позиции в таблице 2.1 СанПиН 1.2.3685-21 не установлено.";"";"";""
"1887";"БРОМХЛОРМЕТАН";"";"NOT_ESTABLISHED_FOR_TRANSPORT_POSITION";"Отдельное значение для этой транспортной позиции в таблице 2.1 СанПиН 1.2.3685-21 не установлено.";"";"";""
"1888";"ХЛОРОФОРМ";"";"MATCHED_SANPIN_2_1";"10/5 мг/м³ (максимальная разовая / среднесменная)";"2087";"Трихлорметан+ (Хлороформ)";"name"
"1889";"ЦИАН БРОМИСТЫЙ";"";"NOT_ESTABLISHED_FOR_TRANSPORT_POSITION";"Отдельное значение для этой транспортной позиции в таблице 2.1 СанПиН 1.2.3685-21 не установлено.";"";"";""
"1891";"ЭТИЛБРОМИД";"";"MATCHED_SANPIN_2_1";"5 мг/м³";"402";"Бромэтан (этилбромид)";"name"
"1892";"ЭТИЛДИХЛОРАРСИН";"";"NOT_ESTABLISHED_FOR_TRANSPORT_POSITION";"Отдельное значение для этой транспортной позиции в таблице 2.1 СанПиН 1.2.3685-21 не установлено.";"";"";""
"1894";"ФЕНИЛРТУТИ ГИДРОКСИД";"";"NOT_ESTABLISHED_FOR_TRANSPORT_POSITION";"Отдельное значение для этой транспортной позиции в таблице 2.1 СанПиН 1.2.3685-21 не установлено.";"";"";""
"1895";"ФЕНИЛРТУТИ НИТРАТ";"";"NOT_ESTABLISHED_FOR_TRANSPORT_POSITION";"Отдельное значение для этой транспортной позиции в таблице 2.1 СанПиН 1.2.3685-21 не установлено.";"";"";""
"1897";"ТЕТРАХЛОРЭТИЛЕН";"";"MATCHED_SANPIN_2_1";"30/10 мг/м³ (максимальная разовая / среднесменная)";"1979";"Тетрахлорэтилен (перхлорэтилен)";"name"
"1898";"АЦЕТИЛЙОДИД";"";"NOT_ESTABLISHED_FOR_TRANSPORT_POSITION";"Отдельное значение для этой транспортной позиции в таблице 2.1 СанПиН 1.2.3685-21 не установлено.";"";"";""
"1902";"КИСЛОТА ДИИЗООКТИЛФОСФОРНАЯ";"";"NOT_ESTABLISHED_FOR_TRANSPORT_POSITION";"Отдельное значение для этой транспортной позиции в таблице 2.1 СанПиН 1.2.3685-21 не установлено.";"";"";""
"1903";"ДЕЗИНФИЦИРУЮЩАЯ ЖИДКОСТЬ КОРРОЗИОННАЯ, Н.У.К.";"";"NOT_ESTABLISHED_FOR_TRANSPORT_POSITION";"Единая ПДК не устанавливается: контролируется по компонентному составу.";"";"";""
"1905";"КИСЛОТА СЕЛЕНОВАЯ";"";"NOT_ESTABLISHED_FOR_TRANSPORT_POSITION";"Отдельное значение для этой транспортной позиции в таблице 2.1 СанПиН 1.2.3685-21 не установлено.";"";"";""
"1906";"КИСЛОТА СЕРНАЯ, РЕГЕНЕРИРОВАННАЯ ИЗ КИСЛОГО ГУДРОНА";"H₂SO₄";"MATCHED_SANPIN_2_1";"1 мг/м³";"1845";"Серная кислота+";"formula"
"1907";"ИЗВЕСТЬ НАТРОННАЯ, содержащая более 4% натрия гидроксида";"";"NOT_ESTABLISHED_FOR_TRANSPORT_POSITION";"Отдельное значение для этой транспортной позиции в таблице 2.1 СанПиН 1.2.3685-21 не установлено.";"";"";""
"1908";"ХЛОРИТА РАСТВОР";"";"MATCHED_SANPIN_2_1";"1 мг/м³";"1506";"Натрий хлорит+ (натрий хлористокислый)";"name"
"1910";"Кальция оксид";"";"NOT_ESTABLISHED_FOR_TRANSPORT_POSITION";"Отдельное значение для этой транспортной позиции в таблице 2.1 СанПиН 1.2.3685-21 не установлено.";"";"";""
"1911";"ДИБОРАН";"";"MATCHED_SANPIN_2_1";"0,1 мг/м³";"663";"Диборан";"name"
"1912";"МЕТИЛХЛОРИДА И МЕТИЛЕНХЛОРИДА СМЕСЬ";"";"NOT_ESTABLISHED_FOR_TRANSPORT_POSITION";"Единая ПДК не устанавливается: контролируется по компонентному составу.";"";"";""
"1913";"НЕОН ОХЛАЖДЕННЫЙ ЖИДКИЙ";"";"NOT_ESTABLISHED_FOR_TRANSPORT_POSITION";"Отдельное значение для этой транспортной позиции в таблице 2.1 СанПиН 1.2.3685-21 не установлено.";"";"";""
"1914";"БУТИЛПРОПИОНАТЫ";"";"NOT_ESTABLISHED_FOR_TRANSPORT_POSITION";"Отдельное значение для этой транспортной позиции в таблице 2.1 СанПиН 1.2.3685-21 не установлено.";"";"";""
"1915";"ЦИКЛОГЕКСАНОН";"";"MATCHED_SANPIN_2_1";"30/10 мг/м³ (максимальная разовая / среднесменная)";"2318";"Циклогексанон";"name"
"1916";"ЭФИР 2,2-ДИХЛОРДИЭТИЛОВЫЙ";"";"NOT_ESTABLISHED_FOR_TRANSPORT_POSITION";"Отдельное значение для этой транспортной позиции в таблице 2.1 СанПиН 1.2.3685-21 не установлено.";"";"";""
"1917";"ЭТИЛАКРИЛАТ СТАБИЛИЗИРОВАННЫЙ";"";"MATCHED_SANPIN_2_1";"15/5 мг/м³ (максимальная разовая / среднесменная)";"2453";"Этилпроп-2-еноат (акриловой кислоты этиловый эфир; этилакрилат)";"name"
"1918";"ИЗОПРОПИЛБЕНЗОЛ";"";"NOT_ESTABLISHED_FOR_TRANSPORT_POSITION";"Отдельное значение для этой транспортной позиции в таблице 2.1 СанПиН 1.2.3685-21 не установлено.";"";"";""
"1919";"МЕТИЛАКРИЛАТ СТАБИЛИЗИРОВАННЫЙ";"C₄H₆O₂";"MATCHED_SANPIN_2_1";"15/5 мг/м³ (максимальная разовая / среднесменная)";"1379";"Метилпроп-2-еноат (акриловой кислоты метиловый эфир; метилакрилат)";"name"
"1920";"НОНАНЫ";"";"NOT_ESTABLISHED_FOR_TRANSPORT_POSITION";"Отдельное значение для этой транспортной позиции в таблице 2.1 СанПиН 1.2.3685-21 не установлено.";"";"";""
"1921";"ПРОПИЛЕНИМИН СТАБИЛИЗИРОВАННЫЙ";"";"NOT_ESTABLISHED_FOR_TRANSPORT_POSITION";"Отдельное значение для этой транспортной позиции в таблице 2.1 СанПиН 1.2.3685-21 не установлено.";"";"";""
"1922";"ПИРРОЛИДИН";"";"MATCHED_SANPIN_2_1";"0,1 мг/м³";"1697";"Пирролидин+ (тетраметиленимин)";"name"
"1923";"КАЛЬЦИЯ ДИТИОНИТ (КАЛЬЦИЯ ГИДРОСУЛЬФИТ)";"";"NOT_ESTABLISHED_FOR_TRANSPORT_POSITION";"Отдельное значение для этой транспортной позиции в таблице 2.1 СанПиН 1.2.3685-21 не установлено.";"";"";""
"1928";"МЕТИЛМАГНИЙБРОМИД В ЭТИЛОВОМ ЭФИРЕ";"";"NOT_ESTABLISHED_FOR_TRANSPORT_POSITION";"Отдельное значение для этой транспортной позиции в таблице 2.1 СанПиН 1.2.3685-21 не установлено.";"";"";""
"1929";"КАЛИЯ ДИТИОНИТ (КАЛИЯ ГИДРОСУЛЬФИТ)";"";"NOT_ESTABLISHED_FOR_TRANSPORT_POSITION";"Отдельное значение для этой транспортной позиции в таблице 2.1 СанПиН 1.2.3685-21 не установлено.";"";"";""
"1931";"ЦИНКА ДИТИОНИТ (ЦИНКА ГИДРОСУЛЬФИТ)";"";"NOT_ESTABLISHED_FOR_TRANSPORT_POSITION";"Отдельное значение для этой транспортной позиции в таблице 2.1 СанПиН 1.2.3685-21 не установлено.";"";"";""
"1932";"ЦИРКОНИЯ ОТХОДЫ";"";"NOT_ESTABLISHED_FOR_TRANSPORT_POSITION";"Единая ПДК не устанавливается: контролируется по компонентному составу.";"";"";""
"1935";"ЦИАНИДА РАСТВОР, Н.У.К.";"";"NOT_ESTABLISHED_FOR_TRANSPORT_POSITION";"Единая ПДК не устанавливается: контролируется по компонентному составу.";"";"";""
"1938";"КИСЛОТЫ БРОМУКСУСНОЙ РАСТВОР";"";"NOT_ESTABLISHED_FOR_TRANSPORT_POSITION";"Отдельное значение для этой транспортной позиции в таблице 2.1 СанПиН 1.2.3685-21 не установлено.";"";"";""
"1939";"ФОСФОРА ОКСИБРОМИД";"";"NOT_ESTABLISHED_FOR_TRANSPORT_POSITION";"Отдельное значение для этой транспортной позиции в таблице 2.1 СанПиН 1.2.3685-21 не установлено.";"";"";""
"1940";"КИСЛОТА ТИОГЛИКОЛЕВАЯ";"";"NOT_ESTABLISHED_FOR_TRANSPORT_POSITION";"Отдельное значение для этой транспортной позиции в таблице 2.1 СанПиН 1.2.3685-21 не установлено.";"";"";""
"1941";"ДИБРОМДИФТОРМЕТАН";"";"NOT_ESTABLISHED_FOR_TRANSPORT_POSITION";"Отдельное значение для этой транспортной позиции в таблице 2.1 СанПиН 1.2.3685-21 не установлено.";"";"";""
"1942";"АММОНИЯ НИТРАТ, содержащий не более 0,2% горючих веществ (включая любое органическое вещество, рассчитанное по углероду), исключая примеси любого другого вещества";"";"NOT_ESTABLISHED_FOR_TRANSPORT_POSITION";"Отдельное значение для этой транспортной позиции в таблице 2.1 СанПиН 1.2.3685-21 не установлено.";"";"";""
"1944";"СПИЧКИ БЕЗОПАСНЫЕ (книжечка, коробка, картонка)";"";"NOT_ESTABLISHED_FOR_TRANSPORT_POSITION";"Отдельное значение для этой транспортной позиции в таблице 2.1 СанПиН 1.2.3685-21 не установлено.";"";"";""
"1945";"СПИЧКИ ВОСКОВЫЕ";"";"NOT_ESTABLISHED_FOR_TRANSPORT_POSITION";"Отдельное значение для этой транспортной позиции в таблице 2.1 СанПиН 1.2.3685-21 не установлено.";"";"";""
"1950";"АЭРОЗОЛИ, удушающие";"";"NOT_ESTABLISHED_FOR_TRANSPORT_POSITION";"Отдельное значение для этой транспортной позиции в таблице 2.1 СанПиН 1.2.3685-21 не установлено.";"";"";""
"1950";"АЭРОЗОЛИ, коррозионные";"";"NOT_ESTABLISHED_FOR_TRANSPORT_POSITION";"Отдельное значение для этой транспортной позиции в таблице 2.1 СанПиН 1.2.3685-21 не установлено.";"";"";""
"1950";"АЭРОЗОЛИ, коррозионные, окисляющие";"";"NOT_ESTABLISHED_FOR_TRANSPORT_POSITION";"Отдельное значение для этой транспортной позиции в таблице 2.1 СанПиН 1.2.3685-21 не установлено.";"";"";""
"1950";"АЭРОЗОЛИ, ЛЕГКОВОСПЛАМЕНЯЮЩИЕСЯ";"";"NOT_ESTABLISHED_FOR_TRANSPORT_POSITION";"Отдельное значение для этой транспортной позиции в таблице 2.1 СанПиН 1.2.3685-21 не установлено.";"";"";""
"1950";"АЭРОЗОЛИ, ЛЕГКОВОСПЛАМЕНЯЮЩИЕСЯ, коррозионные";"";"NOT_ESTABLISHED_FOR_TRANSPORT_POSITION";"Отдельное значение для этой транспортной позиции в таблице 2.1 СанПиН 1.2.3685-21 не установлено.";"";"";""
"1950";"АЭРОЗОЛИ, окисляющие";"";"NOT_ESTABLISHED_FOR_TRANSPORT_POSITION";"Отдельное значение для этой транспортной позиции в таблице 2.1 СанПиН 1.2.3685-21 не установлено.";"";"";""
"1950";"АЭРОЗОЛИ, токсичные";"";"NOT_ESTABLISHED_FOR_TRANSPORT_POSITION";"Отдельное значение для этой транспортной позиции в таблице 2.1 СанПиН 1.2.3685-21 не установлено.";"";"";""
"1950";"АЭРОЗОЛИ, токсичные, коррозионные";"";"NOT_ESTABLISHED_FOR_TRANSPORT_POSITION";"Отдельное значение для этой транспортной позиции в таблице 2.1 СанПиН 1.2.3685-21 не установлено.";"";"";""
"1950";"АЭРОЗОЛИ, токсичные, легковоспламеняющиеся, коррозионные";"";"NOT_ESTABLISHED_FOR_TRANSPORT_POSITION";"Отдельное значение для этой транспортной позиции в таблице 2.1 СанПиН 1.2.3685-21 не установлено.";"";"";""
"1950";"АЭРОЗОЛИ, токсичные, окисляющие";"";"NOT_ESTABLISHED_FOR_TRANSPORT_POSITION";"Отдельное значение для этой транспортной позиции в таблице 2.1 СанПиН 1.2.3685-21 не установлено.";"";"";""
"1950";"АЭРОЗОЛИ, токсичные, окисляющие, коррозионные";"";"NOT_ESTABLISHED_FOR_TRANSPORT_POSITION";"Отдельное значение для этой транспортной позиции в таблице 2.1 СанПиН 1.2.3685-21 не установлено.";"";"";""
"1951";"АРГОН ОХЛАЖДЕННЫЙ ЖИДКИЙ";"";"NOT_ESTABLISHED_FOR_TRANSPORT_POSITION";"Отдельное значение для этой транспортной позиции в таблице 2.1 СанПиН 1.2.3685-21 не установлено.";"";"";""
"1952";"ЭТИЛЕНА ОКСИДА И УГЛЕРОДА ДИОКСИДА СМЕСЬ, содержащая не более 9% этилена оксида";"";"NOT_ESTABLISHED_FOR_TRANSPORT_POSITION";"Единая ПДК не устанавливается: контролируется по компонентному составу.";"";"";""
"1953";"ГАЗ СЖАТЫЙ ТОКСИЧНЫЙ ЛЕГКОВОСПЛАМЕНЯЮЩИЙСЯ, Н.У.К.";"";"NOT_ESTABLISHED_FOR_TRANSPORT_POSITION";"Единая ПДК не устанавливается: контролируется по компонентному составу.";"";"";""
"1954";"ГАЗ СЖАТЫЙ ЛЕГКОВОСПЛАМЕНЯЮЩИЙСЯ, Н.У.К.";"";"NOT_ESTABLISHED_FOR_TRANSPORT_POSITION";"Единая ПДК не устанавливается: контролируется по компонентному составу.";"";"";""
"1955";"ГАЗ СЖАТЫЙ ТОКСИЧНЫЙ, Н.У.К.";"";"NOT_ESTABLISHED_FOR_TRANSPORT_POSITION";"Единая ПДК не устанавливается: контролируется по компонентному составу.";"";"";""
"1956";"ГАЗ СЖАТЫЙ, Н.У.К.";"";"NOT_ESTABLISHED_FOR_TRANSPORT_POSITION";"Единая ПДК не устанавливается: контролируется по компонентному составу.";"";"";""
"1957";"ДЕЙТЕРИЙ СЖАТЫЙ";"";"NOT_ESTABLISHED_FOR_TRANSPORT_POSITION";"Отдельное значение для этой транспортной позиции в таблице 2.1 СанПиН 1.2.3685-21 не установлено.";"";"";""
"1958";"1,2-ДИХЛОР-1,1,2,2-ТЕТРАФТОРЭТАН (ГАЗ РЕФРИЖЕРАТОРНЫЙ R 114)";"";"NOT_ESTABLISHED_FOR_TRANSPORT_POSITION";"Отдельное значение для этой транспортной позиции в таблице 2.1 СанПиН 1.2.3685-21 не установлено.";"";"";""
"1959";"1,1-ДИФТОРЭТИЛЕН (ГАЗ РЕФРИЖЕРАТОРНЫЙ R 1132a)";"";"NOT_ESTABLISHED_FOR_TRANSPORT_POSITION";"Отдельное значение для этой транспортной позиции в таблице 2.1 СанПиН 1.2.3685-21 не установлено.";"";"";""
"1961";"ЭТАН ОХЛАЖДЕННЫЙ ЖИДКИЙ";"";"NOT_ESTABLISHED_FOR_TRANSPORT_POSITION";"Отдельное значение для этой транспортной позиции в таблице 2.1 СанПиН 1.2.3685-21 не установлено.";"";"";""
"1962";"ЭТИЛЕН";"";"NOT_ESTABLISHED_FOR_TRANSPORT_POSITION";"Отдельное значение для этой транспортной позиции в таблице 2.1 СанПиН 1.2.3685-21 не установлено.";"";"";""
"1963";"ГЕЛИЙ ОХЛАЖДЕННЫЙ ЖИДКИЙ";"";"NOT_ESTABLISHED_FOR_TRANSPORT_POSITION";"Отдельное значение для этой транспортной позиции в таблице 2.1 СанПиН 1.2.3685-21 не установлено.";"";"";""
"1964";"ГАЗОВ УГЛЕВОДОРОДНЫХ СМЕСЬ СЖАТАЯ, Н.У.К.";"";"NOT_ESTABLISHED_FOR_TRANSPORT_POSITION";"Единая ПДК не устанавливается: контролируется по компонентному составу.";"";"";""
"1965";"ГАЗОВ УГЛЕВОДОРОДНЫХ СМЕСЬ СЖИЖЕННАЯ, Н.У.К., такая как смеси А, А01, А02, А0, А1, В1, В2, В или С";"";"NOT_ESTABLISHED_FOR_TRANSPORT_POSITION";"Единая ПДК не устанавливается: контролируется по компонентному составу.";"";"";""
"1966";"ВОДОРОД ОХЛАЖДЕННЫЙ ЖИДКИЙ";"";"NOT_ESTABLISHED_FOR_TRANSPORT_POSITION";"Отдельное значение для этой транспортной позиции в таблице 2.1 СанПиН 1.2.3685-21 не установлено.";"";"";""
"1967";"ГАЗ ИНСЕКТИЦИДНЫЙ ТОКСИЧНЫЙ, Н.У.К.";"";"NOT_ESTABLISHED_FOR_TRANSPORT_POSITION";"Единая ПДК не устанавливается: контролируется по компонентному составу.";"";"";""
"1968";"ГАЗ ИНСЕКТИЦИДНЫЙ, Н.У.К.";"";"NOT_ESTABLISHED_FOR_TRANSPORT_POSITION";"Единая ПДК не устанавливается: контролируется по компонентному составу.";"";"";""
"1969";"ИЗОБУТАН";"";"NOT_ESTABLISHED_FOR_TRANSPORT_POSITION";"Отдельное значение для этой транспортной позиции в таблице 2.1 СанПиН 1.2.3685-21 не установлено.";"";"";""
"1970";"КРИПТОН ОХЛАЖДЕННЫЙ ЖИДКИЙ";"";"NOT_ESTABLISHED_FOR_TRANSPORT_POSITION";"Отдельное значение для этой транспортной позиции в таблице 2.1 СанПиН 1.2.3685-21 не установлено.";"";"";""
"1971";"МЕТАН СЖАТЫЙ";"";"MATCHED_SANPIN_2_1";"7000 мг/м³";"1249";"Метан";"name"
"1971";"ГАЗ ПРИРОДНЫЙ СЖАТЫЙ с высоким содержанием метана";"";"NOT_ESTABLISHED_FOR_TRANSPORT_POSITION";"Отдельное значение для этой транспортной позиции в таблице 2.1 СанПиН 1.2.3685-21 не установлено.";"";"";""
"1972";"МЕТАН ОХЛАЖДЕННЫЙ ЖИДКИЙ";"";"MATCHED_SANPIN_2_1";"7000 мг/м³";"1249";"Метан";"name"
"1972";"ГАЗ ПРИРОДНЫЙ ОХЛАЖДЕННЫЙ ЖИДКИЙ с высоким содержанием метана";"";"NOT_ESTABLISHED_FOR_TRANSPORT_POSITION";"Отдельное значение для этой транспортной позиции в таблице 2.1 СанПиН 1.2.3685-21 не установлено.";"";"";""
"1973";"ХЛОРДИФТОРМЕТАНА И ХЛОРПЕНТАФТОРЭТАНА СМЕСЬ с постоянной температурой кипения, содержащая около 49% хлордифторметана (ГАЗ РЕФРИЖЕРАТОРНЫЙ R 502)";"";"NOT_ESTABLISHED_FOR_TRANSPORT_POSITION";"Единая ПДК не устанавливается: контролируется по компонентному составу.";"";"";""
"1974";"ХЛОРДИФТОРБРОММЕТАН (ГАЗ РЕФРИЖЕРАТОРНЫЙ R 12B1)";"";"NOT_ESTABLISHED_FOR_TRANSPORT_POSITION";"Отдельное значение для этой транспортной позиции в таблице 2.1 СанПиН 1.2.3685-21 не установлено.";"";"";""
"1975";"АЗОТА ОКСИДА И ДИАЗОТА ТЕТРАОКСИДА СМЕСЬ (АЗОТА ОКСИДА И АЗОТА ДИОКСИДА СМЕСЬ)";"";"NOT_ESTABLISHED_FOR_TRANSPORT_POSITION";"Единая ПДК не устанавливается: контролируется по компонентному составу.";"";"";""
"1976";"ОКТАФТОРЦИКЛОБУТАН (ГАЗ РЕФРИЖЕРАТОРНЫЙ RC 318)";"";"MATCHED_SANPIN_2_1";"3000 мг/м³";"1632";"Октафторциклобутан (перфторциклобутан; Фреон 318C)";"name"
"1977";"АЗОТ ОХЛАЖДЕННЫЙ ЖИДКИЙ";"";"MATCHED_SANPIN_2_1";"2 мг/м³";"4";"Азота диоксид (азот (IV) оксид; азота двуокись)";"name"
"1978";"ПРОПАН";"";"NOT_ESTABLISHED_FOR_TRANSPORT_POSITION";"Отдельное значение для этой транспортной позиции в таблице 2.1 СанПиН 1.2.3685-21 не установлено.";"";"";""
"1982";"ТЕТРАФТОРМЕТАН (ГАЗ РЕФРИЖЕРАТОРНЫЙ R 14)";"";"NOT_ESTABLISHED_FOR_TRANSPORT_POSITION";"Отдельное значение для этой транспортной позиции в таблице 2.1 СанПиН 1.2.3685-21 не установлено.";"";"";""
"1983";"1-ХЛОР-2,2,2-ТРИФТОРЭТАН (ГАЗ РЕФРИЖЕРАТОРНЫЙ R 133a)";"";"NOT_ESTABLISHED_FOR_TRANSPORT_POSITION";"Отдельное значение для этой транспортной позиции в таблице 2.1 СанПиН 1.2.3685-21 не установлено.";"";"";""
"1984";"ТРИФТОРМЕТАН (ГАЗ РЕФРИЖЕРАТОРНЫЙ R 23)";"";"MATCHED_SANPIN_2_1";"3000 мг/м³";"2057";"Трифторметан (Фреон 23; Хладон 23)";"name"
"1986";"спирты легковоспламеняющиеся ТОКСИЧНЫЕ, Н.У.К.";"";"NOT_ESTABLISHED_FOR_TRANSPORT_POSITION";"Единая ПДК не устанавливается: контролируется по компонентному составу.";"";"";""
"1986";"СПИРТЫ легковоспламеняющиеся ТОКСИЧНЫЕ, Н.У.К.";"";"NOT_ESTABLISHED_FOR_TRANSPORT_POSITION";"Единая ПДК не устанавливается: контролируется по компонентному составу.";"";"";""
"1987";"СПИРТЫ, Н.У.К. (давление паров при 50°С более 110 кПа)";"";"NOT_ESTABLISHED_FOR_TRANSPORT_POSITION";"Единая ПДК не устанавливается: контролируется по компонентному составу.";"";"";""
"1987";"СПИРТЫ, Н.У.К. (давление паров при 50°С не более 110 кПа)";"";"NOT_ESTABLISHED_FOR_TRANSPORT_POSITION";"Единая ПДК не устанавливается: контролируется по компонентному составу.";"";"";""
"1987";"СПИРТЫ, Н.У.К.";"";"NOT_ESTABLISHED_FOR_TRANSPORT_POSITION";"Единая ПДК не устанавливается: контролируется по компонентному составу.";"";"";""
"1988";"альдегиды легковоспламеняющиеся токсичные, Н.У.К.";"";"NOT_ESTABLISHED_FOR_TRANSPORT_POSITION";"Единая ПДК не устанавливается: контролируется по компонентному составу.";"";"";""
"1988";"АЛЬДЕГИДЫ легковоспламеняющиеся токсичные, Н.У.К.";"";"NOT_ESTABLISHED_FOR_TRANSPORT_POSITION";"Единая ПДК не устанавливается: контролируется по компонентному составу.";"";"";""
"1989";"АЛЬДЕГИДЫ, Н.У.К.";"";"NOT_ESTABLISHED_FOR_TRANSPORT_POSITION";"Единая ПДК не устанавливается: контролируется по компонентному составу.";"";"";""
"1989";"АЛЬДЕГИДЫ, Н.У.К. (давление паров при 50°С более 110 кПа)";"";"NOT_ESTABLISHED_FOR_TRANSPORT_POSITION";"Единая ПДК не устанавливается: контролируется по компонентному составу.";"";"";""
"1989";"АЛЬДЕГИДЫ, Н.У.К. (давление паров при 50°С не более 110 кПа)";"";"NOT_ESTABLISHED_FOR_TRANSPORT_POSITION";"Единая ПДК не устанавливается: контролируется по компонентному составу.";"";"";""
"1990";"БЕНЗАЛЬДЕГИД";"";"MATCHED_SANPIN_2_1";"5 мг/м³";"251";"Бензальдегид";"name"
"1991";"ХЛОРОПРЕН СТАБИЛИЗИРОВАННЫЙ";"";"NOT_ESTABLISHED_FOR_TRANSPORT_POSITION";"Отдельное значение для этой транспортной позиции в таблице 2.1 СанПиН 1.2.3685-21 не установлено.";"";"";""
"1992";"ЛЕГКОВОСПЛАМЕНЯЮЩАЯСЯ ЖИДКОСТЬ ТОКСИЧНАЯ, Н.У.К.";"";"NOT_ESTABLISHED_FOR_TRANSPORT_POSITION";"Единая ПДК не устанавливается: контролируется по компонентному составу.";"";"";""
"1993";"ЛЕГКОВОСПЛАМЕНЯЮЩАЯСЯ ЖИДКОСТЬ, Н.У.К.";"";"NOT_ESTABLISHED_FOR_TRANSPORT_POSITION";"Единая ПДК не устанавливается: контролируется по компонентному составу.";"";"";""
"1993";"ЛЕГКОВОСПЛАМЕНЯЮЩАЯСЯ ЖИДКОСТЬ, Н.У.К. (давление паров при 50°С более 110 кПа)";"";"NOT_ESTABLISHED_FOR_TRANSPORT_POSITION";"Единая ПДК не устанавливается: контролируется по компонентному составу.";"";"";""
"1993";"ЛЕГКОВОСПЛАМЕНЯЮЩАЯСЯ ЖИДКОСТЬ, Н.У.К. (давление паров при 50°С не более 110 кПа)";"";"NOT_ESTABLISHED_FOR_TRANSPORT_POSITION";"Единая ПДК не устанавливается: контролируется по компонентному составу.";"";"";""
"1993";"ЛЕГКОВОСПЛАМЕНЯЮЩАЯСЯ ЖИДКОСТЬ, Н.У.К. (имеющая температуру вспышки ниже 23°С и вязкая согласно пуекту 2.2.3.1.4) (давление паров при 50 °С более 110 кПа)";"";"NOT_ESTABLISHED_FOR_TRANSPORT_POSITION";"Единая ПДК не устанавливается: контролируется по компонентному составу.";"";"";""
"1993";"ЛЕГКОВОСПЛАМЕНЯЮЩАЯСЯ ЖИДКОСТЬ, Н.У.К. (имеющая температуру вспышки ниже 23°С и вязкаясогласно пуекту 2.2.3.1.4) (давление паров при 50 °С не более 110 кПа)";"";"NOT_ESTABLISHED_FOR_TRANSPORT_POSITION";"Единая ПДК не устанавливается: контролируется по компонентному составу.";"";"";""
"1994";"ЖЕЛЕЗА ПЕНТАКАРБОНИЛ";"";"NOT_ESTABLISHED_FOR_TRANSPORT_POSITION";"Отдельное значение для этой транспортной позиции в таблице 2.1 СанПиН 1.2.3685-21 не установлено.";"";"";""
"1999";"ГУДРОНЫ ЖИДКИЕ, включая дорожный битум и битум, растворенный в нефтяном дистилляте (давление паров при 50°С более 110 кПа,)";"";"NOT_ESTABLISHED_FOR_TRANSPORT_POSITION";"Отдельное значение для этой транспортной позиции в таблице 2.1 СанПиН 1.2.3685-21 не установлено.";"";"";""
"1999";"ГУДРОНЫ ЖИДКИЕ, включая дорожный битум и битум, растворенный в нефтяном дистилляте (давление паров при 50°С не более 110 кПа)";"";"NOT_ESTABLISHED_FOR_TRANSPORT_POSITION";"Отдельное значение для этой транспортной позиции в таблице 2.1 СанПиН 1.2.3685-21 не установлено.";"";"";""
"1999";"ГУДРОНЫ ЖИДКИЕ, включая дорожный битум и битум, растворенный в нефтяном дистиляте";"";"NOT_ESTABLISHED_FOR_TRANSPORT_POSITION";"Отдельное значение для этой транспортной позиции в таблице 2.1 СанПиН 1.2.3685-21 не установлено.";"";"";""
"1999";"ГУДРОНЫ ЖИДКИЕ, включая дорожный битум и битум, растворенный в нефтяном дистилляте (имеющие температуру вспышки ниже 23°С, вязкие согласно пуекту 2.2.3.1.4) (давление паров при 50 °С более 110 кПа)";"";"NOT_ESTABLISHED_FOR_TRANSPORT_POSITION";"Отдельное значение для этой транспортной позиции в таблице 2.1 СанПиН 1.2.3685-21 не установлено.";"";"";""
"1999";"ГУДРОНЫ ЖИДКИЕ, включая дорожный битум и битум, растворенный в нефтяном дистилляте (имеющие температуру вспышки ниже 23°С, вязкие согласно пуекту 2.2.3.1.4) (давление паров при 50 °С не более 110 кПа)";"";"NOT_ESTABLISHED_FOR_TRANSPORT_POSITION";"Отдельное значение для этой транспортной позиции в таблице 2.1 СанПиН 1.2.3685-21 не установлено.";"";"";""
"2000";"ЦЕЛЛУЛОИД в виде блоков, брусков, рулонов, листов, цилиндрических заготовок и т. д., исключая отходы";"";"NOT_ESTABLISHED_FOR_TRANSPORT_POSITION";"Единая ПДК не устанавливается: контролируется по компонентному составу.";"";"";""
"2001";"КОБАЛЬТА НАФТЕНАТЫ — ПОРОШОК";"";"NOT_ESTABLISHED_FOR_TRANSPORT_POSITION";"Отдельное значение для этой транспортной позиции в таблице 2.1 СанПиН 1.2.3685-21 не установлено.";"";"";""
"2002";"ЦЕЛЛУЛОИДА ОТХОДЫ";"";"NOT_ESTABLISHED_FOR_TRANSPORT_POSITION";"Единая ПДК не устанавливается: контролируется по компонентному составу.";"";"";""
"2004";"МАГНИЙДИАМИД";"";"NOT_ESTABLISHED_FOR_TRANSPORT_POSITION";"Отдельное значение для этой транспортной позиции в таблице 2.1 СанПиН 1.2.3685-21 не установлено.";"";"";""
"2006";"ПЛАСТМАССА НА НИТРОЦЕЛЛЮЛОЗНОЙ ОСНОВЕ САМОНАГРЕВАЮЩАЯСЯ, Н.У.К.";"";"NOT_ESTABLISHED_FOR_TRANSPORT_POSITION";"Единая ПДК не устанавливается: контролируется по компонентному составу.";"";"";""
"2008";"ЦИРКОНИЕВЫЙ ПОРОШОК СУХОЙ";"";"NOT_ESTABLISHED_FOR_TRANSPORT_POSITION";"Отдельное значение для этой транспортной позиции в таблице 2.1 СанПиН 1.2.3685-21 не установлено.";"";"";""
"2009";"ЦИРКОНИЙ СУХОЙ в виде обработанных листов, полос или змеевиков из проволоки в бухтах";"";"NOT_ESTABLISHED_FOR_TRANSPORT_POSITION";"Отдельное значение для этой транспортной позиции в таблице 2.1 СанПиН 1.2.3685-21 не установлено.";"";"";""
"2010";"МАГНИЯ ГИДРИД";"";"NOT_ESTABLISHED_FOR_TRANSPORT_POSITION";"Отдельное значение для этой транспортной позиции в таблице 2.1 СанПиН 1.2.3685-21 не установлено.";"";"";""
"2011";"МАГНИЯ ФОСФИД";"";"NOT_ESTABLISHED_FOR_TRANSPORT_POSITION";"Отдельное значение для этой транспортной позиции в таблице 2.1 СанПиН 1.2.3685-21 не установлено.";"";"";""
"2012";"КАЛИЯ ФОСФИД";"";"NOT_ESTABLISHED_FOR_TRANSPORT_POSITION";"Отдельное значение для этой транспортной позиции в таблице 2.1 СанПиН 1.2.3685-21 не установлено.";"";"";""
"2013";"СТРОНЦИЯ ФОСФИД";"";"NOT_ESTABLISHED_FOR_TRANSPORT_POSITION";"Отдельное значение для этой транспортной позиции в таблице 2.1 СанПиН 1.2.3685-21 не установлено.";"";"";""
"2014";"ВОДОРОДА ПЕРОКСИДА ВОДНЫЙ РАСТВОР, содержащий не менее 20%, но не более 60% пероксида водорода (стабилизированный, если необходимо)";"";"NOT_ESTABLISHED_FOR_TRANSPORT_POSITION";"Отдельное значение для этой транспортной позиции в таблице 2.1 СанПиН 1.2.3685-21 не установлено.";"";"";""
"2015";"ВОДОРОДА ПЕРОКСИДА ВОДНЫЙ РАСТВОР СТАБИЛИЗИРОВАННЫЙ, содержащий более 70% пероксида водорода";"";"NOT_ESTABLISHED_FOR_TRANSPORT_POSITION";"Отдельное значение для этой транспортной позиции в таблице 2.1 СанПиН 1.2.3685-21 не установлено.";"";"";""
"2015";"ВОДОРОДА ПЕРОКСИДА ВОДНЫЙ РАСТВОР, содержащий более 60% и не более 70% пероксида водорода";"";"NOT_ESTABLISHED_FOR_TRANSPORT_POSITION";"Отдельное значение для этой транспортной позиции в таблице 2.1 СанПиН 1.2.3685-21 не установлено.";"";"";""
"2016";"БОЕПРИПАСЫ С ОТРАВЛЯЮЩИМИ ВЕЩЕСТВАМИ НЕВЗРЫВЧАТЫЕ без разрывного или вышибного заряда и взрывателя";"";"NOT_ESTABLISHED_FOR_TRANSPORT_POSITION";"Отдельное значение для этой транспортной позиции в таблице 2.1 СанПиН 1.2.3685-21 не установлено.";"";"";""
"2017";"БОЕПРИПАСЫ СЛЕЗОТОЧИВЫЕ НЕВЗРЫВЧАТЫЕ без разрывного или вышибного заряда и взрывателя";"";"NOT_ESTABLISHED_FOR_TRANSPORT_POSITION";"Отдельное значение для этой транспортной позиции в таблице 2.1 СанПиН 1.2.3685-21 не установлено.";"";"";""
"2018";"ХЛОРАНИЛИНЫ ТВЕРДЫЕ";"";"NOT_ESTABLISHED_FOR_TRANSPORT_POSITION";"Отдельное значение для этой транспортной позиции в таблице 2.1 СанПиН 1.2.3685-21 не установлено.";"";"";""
"2019";"ХЛОРАНИЛИНЫ ЖИДКИЕ";"";"NOT_ESTABLISHED_FOR_TRANSPORT_POSITION";"Отдельное значение для этой транспортной позиции в таблице 2.1 СанПиН 1.2.3685-21 не установлено.";"";"";""
"2020";"ХЛОРФЕНОЛЫ ТВЕРДЫЕ";"";"NOT_ESTABLISHED_FOR_TRANSPORT_POSITION";"Отдельное значение для этой транспортной позиции в таблице 2.1 СанПиН 1.2.3685-21 не установлено.";"";"";""
"2021";"ХЛОРФЕНОЛЫ ЖИДКИЕ";"";"NOT_ESTABLISHED_FOR_TRANSPORT_POSITION";"Отдельное значение для этой транспортной позиции в таблице 2.1 СанПиН 1.2.3685-21 не установлено.";"";"";""
"2022";"КИСЛОТА КРЕЗИЛОВАЯ";"";"NOT_ESTABLISHED_FOR_TRANSPORT_POSITION";"Отдельное значение для этой транспортной позиции в таблице 2.1 СанПиН 1.2.3685-21 не установлено.";"";"";""
"2023";"ЭПИХЛОРГИДРИН";"";"MATCHED_SANPIN_2_1";"2/1 мг/м³ (максимальная разовая / среднесменная)";"2249";"(Хлорметил) оксиран+ (1-хлор-2,3-эпоксипропан; эпихлоргидрин)";"name"
"2024";"РТУТИ СОЕДИНЕНИЕ ЖИДКОЕ, Н.У.К.";"";"NOT_ESTABLISHED_FOR_TRANSPORT_POSITION";"Единая ПДК не устанавливается: контролируется по компонентному составу.";"";"";""
"2025";"РТУТИ СОЕДИНЕНИЕ ТВЕРДОЕ, Н.У.К.";"";"NOT_ESTABLISHED_FOR_TRANSPORT_POSITION";"Единая ПДК не устанавливается: контролируется по компонентному составу.";"";"";""
"2026";"ФЕНИЛРТУТИ СОЕДИНЕНИЕ, Н.У.К.";"";"NOT_ESTABLISHED_FOR_TRANSPORT_POSITION";"Единая ПДК не устанавливается: контролируется по компонентному составу.";"";"";""
"2027";"НАТРИЯ АРСЕНИТ ТВЕРДЫЙ";"";"NOT_ESTABLISHED_FOR_TRANSPORT_POSITION";"Отдельное значение для этой транспортной позиции в таблице 2.1 СанПиН 1.2.3685-21 не установлено.";"";"";""
"2028";"БОМБЫ ДЫМОВЫЕ НЕВЗРЫВЧАТЫЕ без инициирующего устройства, содержащие едкие жидкости";"";"NOT_ESTABLISHED_FOR_TRANSPORT_POSITION";"Отдельное значение для этой транспортной позиции в таблице 2.1 СанПиН 1.2.3685-21 не установлено.";"";"";""
"2029";"ГИДРАЗИН БЕЗВОДНЫЙ";"";"NOT_ESTABLISHED_FOR_TRANSPORT_POSITION";"Отдельное значение для этой транспортной позиции в таблице 2.1 СанПиН 1.2.3685-21 не установлено.";"";"";""
"2030";"ГИДРАЗИНА ВОДНЫЙ РАСТВОР с массовой долей гидразина не менее 37%";"";"NOT_ESTABLISHED_FOR_TRANSPORT_POSITION";"Отдельное значение для этой транспортной позиции в таблице 2.1 СанПиН 1.2.3685-21 не установлено.";"";"";""
"2031";"КИСЛОТА АЗОТНАЯ, кроме красной дымящей, с содержанием азотной кислоты более 70%";"";"NOT_ESTABLISHED_FOR_TRANSPORT_POSITION";"Отдельное значение для этой транспортной позиции в таблице 2.1 СанПиН 1.2.3685-21 не установлено.";"";"";""
"2031";"КИСЛОТА АЗОТНАЯ, кроме красной дымящей, с содержанием азотной кислоты не менее 65%, но не более 70%";"";"NOT_ESTABLISHED_FOR_TRANSPORT_POSITION";"Отдельное значение для этой транспортной позиции в таблице 2.1 СанПиН 1.2.3685-21 не установлено.";"";"";""
"2031";"КИСЛОТА АЗОТНАЯ, кроме красной дымящей, с содержанием азотной кислоты менее 65%";"";"NOT_ESTABLISHED_FOR_TRANSPORT_POSITION";"Отдельное значение для этой транспортной позиции в таблице 2.1 СанПиН 1.2.3685-21 не установлено.";"";"";""
"2032";"КИСЛОТА АЗОТНАЯ КРАСНАЯ ДЫМЯЩАЯ";"";"NOT_ESTABLISHED_FOR_TRANSPORT_POSITION";"Отдельное значение для этой транспортной позиции в таблице 2.1 СанПиН 1.2.3685-21 не установлено.";"";"";""
"2033";"КАЛИЯ МОНООКСИД";"";"NOT_ESTABLISHED_FOR_TRANSPORT_POSITION";"Отдельное значение для этой транспортной позиции в таблице 2.1 СанПиН 1.2.3685-21 не установлено.";"";"";""
"2034";"ВОДОРОДА И МЕТАНА СМЕСЬ СЖАТАЯ";"";"NOT_ESTABLISHED_FOR_TRANSPORT_POSITION";"Единая ПДК не устанавливается: контролируется по компонентному составу.";"";"";""
"2035";"1,1,1-ТРИФТОРЭТАН (ГАЗ РЕФРИЖЕРАТОРНЫЙ R 143a)";"";"MATCHED_SANPIN_2_1";"3000 мг/м³";"2071";"1,1,1-Трифторэтан (Фреон 143; Хладон 143)";"name"
"2036";"КСЕНОН";"";"NOT_ESTABLISHED_FOR_TRANSPORT_POSITION";"Отдельное значение для этой транспортной позиции в таблице 2.1 СанПиН 1.2.3685-21 не установлено.";"";"";""
"2037";"ЕМКОСТИ МАЛЫЕ, СОДЕРЖАЩИЕ ГАЗ (ГАЗОВЫЕ БАЛЛОНЧИКИ), не снабженные выпускным устройством, непригодные для повторного использования";"";"NOT_ESTABLISHED_FOR_TRANSPORT_POSITION";"Отдельное значение для этой транспортной позиции в таблице 2.1 СанПиН 1.2.3685-21 не установлено.";"";"";""
"2037";"ЕМКОСТИ МАЛЫЕ, СОДЕРЖА-ЩИЕ ГАЗ (ГАЗОВЫЕ БАЛЛОНЧИКИ), не снабженные выпускным устройством, непригодные для повторного использования";"";"NOT_ESTABLISHED_FOR_TRANSPORT_POSITION";"Отдельное значение для этой транспортной позиции в таблице 2.1 СанПиН 1.2.3685-21 не установлено.";"";"";""
"2038";"ДИНИТРОТОЛУОЛЫ ЖИДКИЕ";"";"MATCHED_SANPIN_2_1";"3/1 мг/м³ (максимальная разовая / среднесменная)";"856";"2,4-Динитрометилбензол+ (2,4-динитротолуол)";"name"
"2044";"2,2-ДИМЕТИЛПРОПАН";"";"NOT_ESTABLISHED_FOR_TRANSPORT_POSITION";"Отдельное значение для этой транспортной позиции в таблице 2.1 СанПиН 1.2.3685-21 не установлено.";"";"";""
"2045";"ИЗОБУТИРАЛЬДЕГИД (АЛЬДЕГИД ИЗОМАСЛЯНЫЙ)";"";"MATCHED_SANPIN_2_1";"5 мг/м³";"1373";"2-Метилпропаналь+ (изобутиральдегид; изомасляный альдегид)";"name"
"2046";"ЦИМОЛЫ";"";"MATCHED_SANPIN_2_1";"30/10 мг/м³ (максимальная разовая / среднесменная)";"1329";"Метил(1-метилэтил) бензол+(2,3,4-изомеры) (метилизопропилбензол; Цимол)";"name"
"2047";"ДИХЛОРПРОПЕНЫ";"";"NOT_ESTABLISHED_FOR_TRANSPORT_POSITION";"Отдельное значение для этой транспортной позиции в таблице 2.1 СанПиН 1.2.3685-21 не установлено.";"";"";""
"2048";"ДИЦИКЛОПЕНТАДИЕН";"";"MATCHED_SANPIN_2_1";"1 мг/м³";"1929";"3а,4,7,7а-Тетрагидро-4,7-метано-1Н-инден+ (Дициклопентадиен)";"name"
"2049";"ДИЭТИЛБЕНЗОЛ";"";"MATCHED_SANPIN_2_1";"30/10 мг/м³ (максимальная разовая / среднесменная)";"980";"Диэтилбензол";"name"
"2050";"ДИИЗОБУТИЛЕН — СМЕСИ ИЗОМЕРОВ";"";"NOT_ESTABLISHED_FOR_TRANSPORT_POSITION";"Отдельное значение для этой транспортной позиции в таблице 2.1 СанПиН 1.2.3685-21 не установлено.";"";"";""
"2051";"2-ДИМЕТИЛАМИНОЭТАНОЛ";"";"NOT_ESTABLISHED_FOR_TRANSPORT_POSITION";"Отдельное значение для этой транспортной позиции в таблице 2.1 СанПиН 1.2.3685-21 не установлено.";"";"";""
"2052";"ДИПЕНТЕН";"";"NOT_ESTABLISHED_FOR_TRANSPORT_POSITION";"Отдельное значение для этой транспортной позиции в таблице 2.1 СанПиН 1.2.3685-21 не установлено.";"";"";""
"2053";"МЕТИЛИЗОБУТИЛКАРБИНОЛ";"";"NOT_ESTABLISHED_FOR_TRANSPORT_POSITION";"Отдельное значение для этой транспортной позиции в таблице 2.1 СанПиН 1.2.3685-21 не установлено.";"";"";""
"2054";"МОРФОЛИН";"";"NOT_ESTABLISHED_FOR_TRANSPORT_POSITION";"Отдельное значение для этой транспортной позиции в таблице 2.1 СанПиН 1.2.3685-21 не установлено.";"";"";""
"2055";"СТИРОЛА МОНОМЕР СТАБИЛИЗИРОВАННЫЙ";"";"NOT_ESTABLISHED_FOR_TRANSPORT_POSITION";"Отдельное значение для этой транспортной позиции в таблице 2.1 СанПиН 1.2.3685-21 не установлено.";"";"";""
"2056";"ТЕТРАГИДРОФУРАН";"";"MATCHED_SANPIN_2_1";"100 мг/м³";"1935";"Тетрагидрофуран";"name"
"2057";"ТРИПРОПИЛЕН";"";"MATCHED_SANPIN_2_1";"5/2 мг/м³ (максимальная разовая / среднесменная)";"2046";"Трипропилен (гидроксибензол) (трипропиленфенол)";"name"
"2058";"ВАЛЕРАЛЬДЕГИД";"";"NOT_ESTABLISHED_FOR_TRANSPORT_POSITION";"Отдельное значение для этой транспортной позиции в таблице 2.1 СанПиН 1.2.3685-21 не установлено.";"";"";""
"2059";"НИТРОЦЕЛЛЮЛОЗЫ РАСТВОР ЛЕГКОВОСПЛАМЕНЯЮЩИЙСЯ, содержащий не более 12,6% азота (на сухую массу) и не более 55% нитроцеллюлозы";"";"NOT_ESTABLISHED_FOR_TRANSPORT_POSITION";"Отдельное значение для этой транспортной позиции в таблице 2.1 СанПиН 1.2.3685-21 не установлено.";"";"";""
"2059";"НИТРОЦЕЛЛЮЛОЗЫ РАСТВОР ЛЕГКОВОСПЛАМЕНЯЮЩИЙСЯ, содержащий не более 12,6% азота (на сухую массу) и не более 55% нитроцеллюлозы (давление паров при 50°С более 110 кПа)";"";"NOT_ESTABLISHED_FOR_TRANSPORT_POSITION";"Отдельное значение для этой транспортной позиции в таблице 2.1 СанПиН 1.2.3685-21 не установлено.";"";"";""
"2059";"НИТРОЦЕЛЛЮЛОЗЫ РАСТВОР ЛЕГКОВОСПЛАМЕНЯЮЩИЙСЯ, содержащий не более 12,6% азота (на сухую массу) и не более 55% нитроцеллюлозы (давление паров при 50°С не более 110 кПа)";"";"NOT_ESTABLISHED_FOR_TRANSPORT_POSITION";"Отдельное значение для этой транспортной позиции в таблице 2.1 СанПиН 1.2.3685-21 не установлено.";"";"";""
"2067";"УДОБРЕНИЯ НА ОСНОВЕ НИТРАТА АММОНИЯ";"";"NOT_ESTABLISHED_FOR_TRANSPORT_POSITION";"Отдельное значение для этой транспортной позиции в таблице 2.1 СанПиН 1.2.3685-21 не установлено.";"";"";""
"2071";"Удобрение на основе нитрата аммония, однородные азотно -фосфатные, азотно-калийные или азотно-фосфатно-калийные смеси, содержащие не более 70% нитрата аммония и не более 0,4% общего количества горючего/органического материала, расчитываемого по углероду, или не более 45% нитрата аммония и неограниченное количество горючего материала";"";"NOT_ESTABLISHED_FOR_TRANSPORT_POSITION";"Единая ПДК не устанавливается: контролируется по компонентному составу.";"";"";""
"2073";"АММИАКА РАСТВОР в воде с относительной плотностью менее 0,880 при температуре 15°С, содержащий более 35%, но не более 50% аммиака";"";"NOT_ESTABLISHED_FOR_TRANSPORT_POSITION";"Отдельное значение для этой транспортной позиции в таблице 2.1 СанПиН 1.2.3685-21 не установлено.";"";"";""
"2074";"АКРИЛАМИД ТВЕРДЫЙ";"";"MATCHED_SANPIN_2_1";"0,2/0,05 мг/м³ (максимальная разовая / среднесменная)";"1766";"Проп-2-енамид+ (акриламид; акриловой кислоты амид)";"name"
"2075";"ХЛОРАЛЬ БЕЗВОДНЫЙ СТАБИЛИЗИРОВАННЫЙ";"";"MATCHED_SANPIN_2_1";"5 мг/м³";"2077";"Трихлорацетальдегид (Хлораль)";"name"
"2076";"КРЕЗОЛЫ ЖИДКИЕ";"";"MATCHED_SANPIN_2_1";"1,5/0,5 мг/м³ (максимальная разовая / среднесменная)";"555";"Гидроксиметилбензол+ (изомеры) (крезол изомеры)";"name"
"2077";"альфа-НАФТИЛАМИН";"";"NOT_ESTABLISHED_FOR_TRANSPORT_POSITION";"Отдельное значение для этой транспортной позиции в таблице 2.1 СанПиН 1.2.3685-21 не установлено.";"";"";""
"2078";"ТОЛУОЛДИИЗОЦИАНАТ";"";"NOT_ESTABLISHED_FOR_TRANSPORT_POSITION";"Отдельное значение для этой транспортной позиции в таблице 2.1 СанПиН 1.2.3685-21 не установлено.";"";"";""
"2079";"ДИЭТИЛЕНТРИАМИН";"";"MATCHED_SANPIN_2_1";"0,3 мг/м³";"175";"N-(2-Аминоэтил)-1,2-этандиамин+ (диэтилентриамин)";"name"
"2186";"ВОДОРОД ХЛОРИСТЫЙ ОХЛАЖДЕННЫЙ ЖИДКИЙ";"";"NOT_ESTABLISHED_FOR_TRANSPORT_POSITION";"Отдельное значение для этой транспортной позиции в таблице 2.1 СанПиН 1.2.3685-21 не установлено.";"";"";""
"2187";"УГЛЕРОДА ДИОКСИД ОХЛАЖДЕННЫЙ ЖИДКИЙ";"";"MATCHED_SANPIN_2_1";"27000/9000 мг/м³ (максимальная разовая / среднесменная)";"2124";"Углерода диоксид (двуокись углерода, углекислый газ)";"name"
"2188";"АРСИН";"AsH₃";"MATCHED_SANPIN_2_1";"0,1 мг/м³";"208";"Арсин (водород мышьяковистый)";"formula"
"2189";"ДИХЛОРСИЛАН";"";"MATCHED_SANPIN_2_1";"1 мг/м³";"1402";"Метил (фенил) дихлорсилан+ /по гидрохлориду/";"name"
"2190";"КИСЛОРОДА ДИФТОРИД СЖАТЫЙ";"";"NOT_ESTABLISHED_FOR_TRANSPORT_POSITION";"Отдельное значение для этой транспортной позиции в таблице 2.1 СанПиН 1.2.3685-21 не установлено.";"";"";""
"2191";"СУЛЬФУРИЛФТОРИД";"";"NOT_ESTABLISHED_FOR_TRANSPORT_POSITION";"Отдельное значение для этой транспортной позиции в таблице 2.1 СанПиН 1.2.3685-21 не установлено.";"";"";""
"2192";"ГЕРМАН";"";"MATCHED_SANPIN_2_1";"2 мг/м³";"522";"Германий";"name"
"2193";"ГЕКСАФТОРЭТАН (ГАЗ РЕФРИЖЕРАТОРНЫЙ R 116)";"";"MATCHED_SANPIN_2_1";"3000 мг/м³";"497";"Гексафторэтан (хладон-116)";"name"
"2194";"СЕЛЕНА ГЕКСАФТОРИД";"";"MATCHED_SANPIN_2_1";"0,2 мг/м³";"1832";"Селен гексафторид +";"name"
"2195";"ТЕЛЛУРА ГЕКСАФТОРИД";"";"NOT_ESTABLISHED_FOR_TRANSPORT_POSITION";"Отдельное значение для этой транспортной позиции в таблице 2.1 СанПиН 1.2.3685-21 не установлено.";"";"";""
"2196";"ВОЛЬФРАМА ГЕКСАФТОРИД";"";"NOT_ESTABLISHED_FOR_TRANSPORT_POSITION";"Отдельное значение для этой транспортной позиции в таблице 2.1 СанПиН 1.2.3685-21 не установлено.";"";"";""
"2197";"ВОДОРОД ЙОДИСТЫЙ БЕЗВОДНЫЙ";"";"NOT_ESTABLISHED_FOR_TRANSPORT_POSITION";"Отдельное значение для этой транспортной позиции в таблице 2.1 СанПиН 1.2.3685-21 не установлено.";"";"";""
"2198";"ФОСФОРА ПЕНТАФТОРИД";"";"NOT_ESTABLISHED_FOR_TRANSPORT_POSITION";"Отдельное значение для этой транспортной позиции в таблице 2.1 СанПиН 1.2.3685-21 не установлено.";"";"";""
"2199";"ФОСФИН";"";"MATCHED_SANPIN_2_1";"0,1 мг/м³";"2187";"Фосфин (водород фосфористый)";"name"
"2200";"ПРОПАДИЕН СТАБИЛИЗИРОВАННЫЙ";"";"NOT_ESTABLISHED_FOR_TRANSPORT_POSITION";"Отдельное значение для этой транспортной позиции в таблице 2.1 СанПиН 1.2.3685-21 не установлено.";"";"";""
"2201";"АЗОТА ГЕМИОКСИД ОХЛАЖДЕННЫЙ ЖИДКИЙ";"";"NOT_ESTABLISHED_FOR_TRANSPORT_POSITION";"Отдельное значение для этой транспортной позиции в таблице 2.1 СанПиН 1.2.3685-21 не установлено.";"";"";""
"2202";"ВОДОРОДА СЕЛЕНИД БЕЗВОДНЫЙ";"";"MATCHED_SANPIN_2_1";"0,2 мг/м³";"606";"Гидроселенид (водород селенид)";"name"
"2203";"СИЛАН";"";"NOT_ESTABLISHED_FOR_TRANSPORT_POSITION";"Отдельное значение для этой транспортной позиции в таблице 2.1 СанПиН 1.2.3685-21 не установлено.";"";"";""
"2204";"КАРБОНИЛСУЛЬФИД";"";"NOT_ESTABLISHED_FOR_TRANSPORT_POSITION";"Отдельное значение для этой транспортной позиции в таблице 2.1 СанПиН 1.2.3685-21 не установлено.";"";"";""
"2205";"АДИПОНИТРИЛ";"";"NOT_ESTABLISHED_FOR_TRANSPORT_POSITION";"Отдельное значение для этой транспортной позиции в таблице 2.1 СанПиН 1.2.3685-21 не установлено.";"";"";""
"2206";"ИЗОЦИАНАТЫ ТОКСИЧНЫЕ, Н.У.К.";"";"NOT_ESTABLISHED_FOR_TRANSPORT_POSITION";"Единая ПДК не устанавливается: контролируется по компонентному составу.";"";"";""
"2206";"ИЗОЦИАНАТА РАСТВОР ТОКСИЧНЫЙ, Н.У.К.";"";"NOT_ESTABLISHED_FOR_TRANSPORT_POSITION";"Единая ПДК не устанавливается: контролируется по компонентному составу.";"";"";""
"2208";"КАЛЬЦИЯ ГИПОХЛОРИТА СМЕСЬ СУХАЯ, содержащая более 10%, но не более 39% активного хлора";"";"NOT_ESTABLISHED_FOR_TRANSPORT_POSITION";"Единая ПДК не устанавливается: контролируется по компонентному составу.";"";"";""
"2209";"ФОРМАЛЬДЕГИДА РАСТВОР, содержащий не менее 25% формальдегида";"CH₂O";"MATCHED_SANPIN_2_1";"0,5 мг/м³";"2183";"Формальдегид+ (метаналь)";"formula"
"2210";"МАНЕБ";"";"MATCHED_SANPIN_2_1";"0,5 мг/м³";"2393";"1,2-Этандиилбис (дитиокарбамат) марганца (Манеб; N,N'-этиленбис (дитиокарбамат) марганца; N,N'-этиленбис (дитиокарбаминовой кислоты) марганцевая соль)";"name"
"2210";"МАНЕБА ПРЕПАРАТ, содержащий не менее 60% манеба";"";"NOT_ESTABLISHED_FOR_TRANSPORT_POSITION";"Единая ПДК не устанавливается: контролируется по компонентному составу.";"";"";""
"2211";"ПОЛИМЕР ВСПЕНИВАЮЩИЙСЯ ГРАНУЛИРОВАННЫЙ, выделяющий воспламеняющиеся пары";"";"NOT_ESTABLISHED_FOR_TRANSPORT_POSITION";"Отдельное значение для этой транспортной позиции в таблице 2.1 СанПиН 1.2.3685-21 не установлено.";"";"";""
"2212";"АСБЕСТ АМФИБОЛОВЫЙ (амозит, тремолит, актинолит, антофиллит, крокидолит)";"";"NOT_ESTABLISHED_FOR_TRANSPORT_POSITION";"Отдельное значение для этой транспортной позиции в таблице 2.1 СанПиН 1.2.3685-21 не установлено.";"";"";""
"2213";"ПАРАФОРМАЛЬДЕГИД";"";"NOT_ESTABLISHED_FOR_TRANSPORT_POSITION";"Отдельное значение для этой транспортной позиции в таблице 2.1 СанПиН 1.2.3685-21 не установлено.";"";"";""
"2214";"АНГИДРИД ФТАЛЕВЫЙ, содержащий более 0,05% малеинового ангидрида";"";"MATCHED_SANPIN_2_1";"1 мг/м³";"1036";"Изобензофуран-1,3-дион+ (фталевый ангидрид)";"name"
"2215";"АНГИДРИД МАЛЕИНОВЫЙ РАСПЛАВЛЕННЫЙ";"";"MATCHED_SANPIN_2_1";"1 мг/м³";"2206";"2,5-Фурандион+ (малеиновой ангидрид)";"name"
"2215";"АНГИДРИД МАЛЕИНОВЫЙ";"";"MATCHED_SANPIN_2_1";"1 мг/м³";"2206";"2,5-Фурандион+ (малеиновой ангидрид)";"name"
"2216";"Мука рыбная (рыбные отходы) стабилизированная";"";"NOT_ESTABLISHED_FOR_TRANSPORT_POSITION";"Единая ПДК не устанавливается: контролируется по компонентному составу.";"";"";""
"2217";"ЖМЫХ с массовой долей растительного масла не более 1,5% и влаги не более 11%";"";"NOT_ESTABLISHED_FOR_TRANSPORT_POSITION";"Отдельное значение для этой транспортной позиции в таблице 2.1 СанПиН 1.2.3685-21 не установлено.";"";"";""
"2218";"КИСЛОТА АКРИЛОВАЯ СТАБИЛИЗИРОВАННАЯ";"";"MATCHED_SANPIN_2_1";"15/5 мг/м³ (максимальная разовая / среднесменная)";"1775";"Проп-2-еновая кислота (акриловая кислота)";"name"
"2219";"ЭФИР АЛЛИЛГЛИЦИДИЛОВЫЙ";"";"NOT_ESTABLISHED_FOR_TRANSPORT_POSITION";"Отдельное значение для этой транспортной позиции в таблице 2.1 СанПиН 1.2.3685-21 не установлено.";"";"";""
"2222";"АНИЗОЛ";"";"MATCHED_SANPIN_2_1";"10 мг/м³";"1455";"Метоксибензол (Анизол)";"name"
"2224";"БЕНЗОНИТРИЛ";"";"MATCHED_SANPIN_2_1";"1 мг/м³";"289";"Бензонитрил (бензойной кислоты нитрил)";"name"
"2225";"БЕНЗОЛСУЛЬФОНИЛХЛОРИД";"";"MATCHED_SANPIN_2_1";"1 мг/м³";"287";"Бензолсульфонилхлорид (бензолсульфоновой кислоты хлорангидрид)";"name"
"2226";"БЕНЗОТРИХЛОРИД";"";"NOT_ESTABLISHED_FOR_TRANSPORT_POSITION";"Отдельное значение для этой транспортной позиции в таблице 2.1 СанПиН 1.2.3685-21 не установлено.";"";"";""
"2227";"н-БУТИЛМЕТАКРИЛАТ СТАБИЛИЗИРОВАННЫЙ";"";"NOT_ESTABLISHED_FOR_TRANSPORT_POSITION";"Отдельное значение для этой транспортной позиции в таблице 2.1 СанПиН 1.2.3685-21 не установлено.";"";"";""
"2232";"2-ХЛОРЭТАНАЛЬ";"";"NOT_ESTABLISHED_FOR_TRANSPORT_POSITION";"Отдельное значение для этой транспортной позиции в таблице 2.1 СанПиН 1.2.3685-21 не установлено.";"";"";""
"2233";"ХЛОРАНИЗИДИНЫ";"";"NOT_ESTABLISHED_FOR_TRANSPORT_POSITION";"Отдельное значение для этой транспортной позиции в таблице 2.1 СанПиН 1.2.3685-21 не установлено.";"";"";""
"2234";"ХЛОРБЕНЗОТРИФТОРИДЫ";"";"NOT_ESTABLISHED_FOR_TRANSPORT_POSITION";"Отдельное значение для этой транспортной позиции в таблице 2.1 СанПиН 1.2.3685-21 не установлено.";"";"";""
"2235";"ХЛОРБЕНЗИЛХЛОРИДЫ ЖИДКИЕ";"";"NOT_ESTABLISHED_FOR_TRANSPORT_POSITION";"Отдельное значение для этой транспортной позиции в таблице 2.1 СанПиН 1.2.3685-21 не установлено.";"";"";""
"2236";"3-ХЛОР-4-МЕТИЛФЕНИЛИЗОЦИАНАТ ЖИДКИЙ";"";"NOT_ESTABLISHED_FOR_TRANSPORT_POSITION";"Отдельное значение для этой транспортной позиции в таблице 2.1 СанПиН 1.2.3685-21 не установлено.";"";"";""
"2237";"ХЛОРНИТРОАНИЛИНЫ";"";"NOT_ESTABLISHED_FOR_TRANSPORT_POSITION";"Отдельное значение для этой транспортной позиции в таблице 2.1 СанПиН 1.2.3685-21 не установлено.";"";"";""
"2238";"ХЛОРТОЛУОЛЫ";"";"MATCHED_SANPIN_2_1";"0,5 мг/м³";"2245";"(Хлорметил) бензол (бензилхлорид; хлортолуол)";"name"
"2239";"ХЛОРТОЛУИДИНЫ ТВЕРДЫЕ";"";"NOT_ESTABLISHED_FOR_TRANSPORT_POSITION";"Отдельное значение для этой транспортной позиции в таблице 2.1 СанПиН 1.2.3685-21 не установлено.";"";"";""
"2240";"КИСЛОТА ХРОМСЕРНАЯ";"";"NOT_ESTABLISHED_FOR_TRANSPORT_POSITION";"Отдельное значение для этой транспортной позиции в таблице 2.1 СанПиН 1.2.3685-21 не установлено.";"";"";""
"2241";"ЦИКЛОГЕПТАН";"";"NOT_ESTABLISHED_FOR_TRANSPORT_POSITION";"Отдельное значение для этой транспортной позиции в таблице 2.1 СанПиН 1.2.3685-21 не установлено.";"";"";""
"2242";"ЦИКЛОГЕПТЕН";"";"NOT_ESTABLISHED_FOR_TRANSPORT_POSITION";"Отдельное значение для этой транспортной позиции в таблице 2.1 СанПиН 1.2.3685-21 не установлено.";"";"";""
"2243";"ЦИКЛОГЕКСИЛАЦЕТАТ";"";"NOT_ESTABLISHED_FOR_TRANSPORT_POSITION";"Отдельное значение для этой транспортной позиции в таблице 2.1 СанПиН 1.2.3685-21 не установлено.";"";"";""
"2244";"ЦИКЛОПЕНТАНОЛ";"";"NOT_ESTABLISHED_FOR_TRANSPORT_POSITION";"Отдельное значение для этой транспортной позиции в таблице 2.1 СанПиН 1.2.3685-21 не установлено.";"";"";""
"2245";"ЦИКЛОПЕНТАНОН";"";"NOT_ESTABLISHED_FOR_TRANSPORT_POSITION";"Отдельное значение для этой транспортной позиции в таблице 2.1 СанПиН 1.2.3685-21 не установлено.";"";"";""
"2246";"ЦИКЛОПЕНТЕН";"";"NOT_ESTABLISHED_FOR_TRANSPORT_POSITION";"Отдельное значение для этой транспортной позиции в таблице 2.1 СанПиН 1.2.3685-21 не установлено.";"";"";""
"2247";"н-ДЕКАН";"";"MATCHED_SANPIN_2_1";"10 мг/м³";"632";"Декан-1-ол (Дециловый спирт)";"name"
"2248";"ДИ-н-БУТИЛАМИН";"";"MATCHED_SANPIN_2_1";"10 мг/м³";"67";"1-Аминобутан+ (бутиламин)";"name"
"2249";"ЭФИР ДИХЛОРДИМЕТИЛОВЫЙ СИММЕТРИЧНЫЙ";"";"NOT_ESTABLISHED_FOR_TRANSPORT_POSITION";"Отдельное значение для этой транспортной позиции в таблице 2.1 СанПиН 1.2.3685-21 не установлено.";"";"";""
"2250";"ДИХЛОРФЕНИЛИЗОЦИАНАТЫ";"";"MATCHED_SANPIN_2_1";"0,3 мг/м³";"947";"3,4-Дихлорфенилизоцианат";"name"
"2251";"БИЦИКЛО[2,2,1]ГЕПТА- 2,5-ДИЕН СТАБИЛИЗИРОВАННЫЙ (2,5-НОРБОРНАДИЕН СТАБИЛИЗИРОВАННЫЙ)";"";"MATCHED_SANPIN_2_1";"1 мг/м³";"355";"Бицикло[2.2.1]гепта-2,5-диен (Норборнадиен)";"name"
"2252";"1,2-ДИМЕТОКСИЭТАН";"";"MATCHED_SANPIN_2_1";"30/10 мг/м³ (максимальная разовая / среднесменная)";"850";"1,2-Диметоксиэтан";"name"
"2253";"М,М-ДИМЕТИЛАНИЛИН";"";"NOT_ESTABLISHED_FOR_TRANSPORT_POSITION";"Отдельное значение для этой транспортной позиции в таблице 2.1 СанПиН 1.2.3685-21 не установлено.";"";"";""
"2254";"СПИЧКИ ВЕТРОВЫЕ";"";"NOT_ESTABLISHED_FOR_TRANSPORT_POSITION";"Отдельное значение для этой транспортной позиции в таблице 2.1 СанПиН 1.2.3685-21 не установлено.";"";"";""
"2256";"ЦИКЛОГЕКСЕН";"";"MATCHED_SANPIN_2_1";"50 мг/м³";"2320";"Циклогексен";"name"
"2257";"КАЛИЙ";"";"NOT_ESTABLISHED_FOR_TRANSPORT_POSITION";"Отдельное значение для этой транспортной позиции в таблице 2.1 СанПиН 1.2.3685-21 не установлено.";"";"";""
"2258";"1,2-ПРОПИЛЕНДИАМИН";"";"NOT_ESTABLISHED_FOR_TRANSPORT_POSITION";"Отдельное значение для этой транспортной позиции в таблице 2.1 СанПиН 1.2.3685-21 не установлено.";"";"";""
"2259";"ТРИЭТИЛЕНТЕТРАМИН";"";"MATCHED_SANPIN_2_1";"0,3 мг/м³";"308";"N,N'-Бис(2-аминоэтил)-1,2-этандиамин+ (триэтилентетрамин)";"name"
"2260";"ТРИПРОПИЛАМИН";"";"MATCHED_SANPIN_2_1";"2 мг/м³";"2045";"Трипропиламин";"name"
"2261";"КСИЛЕНОЛЫ ТВЕРДЫЕ";"";"MATCHED_SANPIN_2_1";"5/2 мг/м³ (максимальная разовая / среднесменная)";"751";"2,6-Диметилгидроксибензол+ (2,6-ксиленол)";"name"
"2262";"ДИМЕТИЛКАРБАМИЛХЛОРИД";"";"NOT_ESTABLISHED_FOR_TRANSPORT_POSITION";"Отдельное значение для этой транспортной позиции в таблице 2.1 СанПиН 1.2.3685-21 не установлено.";"";"";""
"2263";"ДИМЕТИЛЦИКЛОГЕКСАНЫ";"";"NOT_ESTABLISHED_FOR_TRANSPORT_POSITION";"Отдельное значение для этой транспортной позиции в таблице 2.1 СанПиН 1.2.3685-21 не установлено.";"";"";""
"2264";"М,М-ДИМЕТИЛЦИКЛОГЕКСИЛАМИН";"";"MATCHED_SANPIN_2_1";"3 мг/м³";"827";"N,N-Диметилциклогексиламин+";"name"
"2265";"М,М-ДИМЕТИЛФОРМАМИД";"";"MATCHED_SANPIN_2_1";"10 мг/м³";"813";"N,N-Диметилформамид+ (муравьиной кислоты N,N-диметиламид)";"name"
"2266";"ДИМЕТИЛ-Ы-ПРОПИЛАМИН";"";"NOT_ESTABLISHED_FOR_TRANSPORT_POSITION";"Отдельное значение для этой транспортной позиции в таблице 2.1 СанПиН 1.2.3685-21 не установлено.";"";"";""
"2267";"ДИМЕТИЛТИОФОСФОРИЛХЛОРИД";"";"NOT_ESTABLISHED_FOR_TRANSPORT_POSITION";"Отдельное значение для этой транспортной позиции в таблице 2.1 СанПиН 1.2.3685-21 не установлено.";"";"";""
"2269";"3,3-ИМИНОДИПРОПИЛАМИН";"";"NOT_ESTABLISHED_FOR_TRANSPORT_POSITION";"Отдельное значение для этой транспортной позиции в таблице 2.1 СанПиН 1.2.3685-21 не установлено.";"";"";""
"2270";"ЭТИЛАМИНА ВОДНЫЙ РАСТВОР с массовой долей этиламина не менее 50%, но не более 70%";"";"NOT_ESTABLISHED_FOR_TRANSPORT_POSITION";"Отдельное значение для этой транспортной позиции в таблице 2.1 СанПиН 1.2.3685-21 не установлено.";"";"";""
"2271";"ЭТИЛАМИЛКЕТОН";"";"NOT_ESTABLISHED_FOR_TRANSPORT_POSITION";"Отдельное значение для этой транспортной позиции в таблице 2.1 СанПиН 1.2.3685-21 не установлено.";"";"";""
"2272";"N-ЭТИЛАНИЛИН";"";"NOT_ESTABLISHED_FOR_TRANSPORT_POSITION";"Отдельное значение для этой транспортной позиции в таблице 2.1 СанПиН 1.2.3685-21 не установлено.";"";"";""
"2273";"2-ЭТИЛАНИЛИН";"";"NOT_ESTABLISHED_FOR_TRANSPORT_POSITION";"Отдельное значение для этой транспортной позиции в таблице 2.1 СанПиН 1.2.3685-21 не установлено.";"";"";""
"2274";"М-ЭТИЛ-М-БЕНЗИЛАНИЛИН";"";"NOT_ESTABLISHED_FOR_TRANSPORT_POSITION";"Отдельное значение для этой транспортной позиции в таблице 2.1 СанПиН 1.2.3685-21 не установлено.";"";"";""
"2275";"2-ЭТИЛБУТАНОЛ";"";"NOT_ESTABLISHED_FOR_TRANSPORT_POSITION";"Отдельное значение для этой транспортной позиции в таблице 2.1 СанПиН 1.2.3685-21 не установлено.";"";"";""
"2276";"2-ЭТИЛГЕКСИЛАМИН";"";"NOT_ESTABLISHED_FOR_TRANSPORT_POSITION";"Отдельное значение для этой транспортной позиции в таблице 2.1 СанПиН 1.2.3685-21 не установлено.";"";"";""
"2277";"ЭТИЛМЕТАКРИЛАТ СТАБИЛИЗИРОВАННЫЙ";"";"MATCHED_SANPIN_2_1";"0,1 мг/м³";"1327";"2-[Метил[2-(2-метилпроп-2-енокси) этокси]фосфорилокси]этил-2-метилпроп-2-еноат (2-[Метил(2-метакрилоксиэтокси]фосфорилокси]этилметакрилат; Факрил М)";"name"
"2278";"н-ГЕПТЕН";"";"NOT_ESTABLISHED_FOR_TRANSPORT_POSITION";"Отдельное значение для этой транспортной позиции в таблице 2.1 СанПиН 1.2.3685-21 не установлено.";"";"";""
"2279";"ГЕКСАХЛОРБУТАДИЕН";"";"MATCHED_SANPIN_2_1";"0,005 мг/м³";"501";"1,1,2,3,4,4-Гексахлорбута-1,3-диен+ (гексахлорбутадиен; перхлорбута-1,3-диен)";"name"
"2280";"ГЕКСАМЕТИЛЕНДИАМИН ТВЕРДЫЙ";"";"MATCHED_SANPIN_2_1";"0,1 мг/м³";"649";"1,6-Диаминогексан (гексаметилендиамин)";"name"
"2281";"ГЕКСАМЕТИЛЕНДИИЗОЦИАНАТ";"";"MATCHED_SANPIN_2_1";"0,05 мг/м³";"777";"Гексаметилендиизоцианат+";"name"
"2282";"ГЕКСАНОЛЫ";"";"NOT_ESTABLISHED_FOR_TRANSPORT_POSITION";"Отдельное значение для этой транспортной позиции в таблице 2.1 СанПиН 1.2.3685-21 не установлено.";"";"";""
"2283";"ИЗОБУТИЛМЕТАКРИЛАТ СТАБИЛИЗИРОВАННЫЙ";"";"NOT_ESTABLISHED_FOR_TRANSPORT_POSITION";"Отдельное значение для этой транспортной позиции в таблице 2.1 СанПиН 1.2.3685-21 не установлено.";"";"";""
"2287";"ИЗОГЕПТЕН";"";"NOT_ESTABLISHED_FOR_TRANSPORT_POSITION";"Отдельное значение для этой транспортной позиции в таблице 2.1 СанПиН 1.2.3685-21 не установлено.";"";"";""
"2288";"ИЗОГЕКСЕН";"";"NOT_ESTABLISHED_FOR_TRANSPORT_POSITION";"Отдельное значение для этой транспортной позиции в таблице 2.1 СанПиН 1.2.3685-21 не установлено.";"";"";""
"2289";"ИЗОФОРОНДИАМИН";"";"NOT_ESTABLISHED_FOR_TRANSPORT_POSITION";"Отдельное значение для этой транспортной позиции в таблице 2.1 СанПиН 1.2.3685-21 не установлено.";"";"";""
"2290";"ИЗОФОРОНДИИЗОЦИАНАТ";"";"NOT_ESTABLISHED_FOR_TRANSPORT_POSITION";"Отдельное значение для этой транспортной позиции в таблице 2.1 СанПиН 1.2.3685-21 не установлено.";"";"";""
"2291";"СВИНЦА СОЕДИНЕНИЕ РАСТВОРИМОЕ, Н.У.К.";"";"NOT_ESTABLISHED_FOR_TRANSPORT_POSITION";"Единая ПДК не устанавливается: контролируется по компонентному составу.";"";"";""
"2293";"4-МЕТОКСИ-4-МЕТИЛПЕНТАНОН-2";"";"NOT_ESTABLISHED_FOR_TRANSPORT_POSITION";"Отдельное значение для этой транспортной позиции в таблице 2.1 СанПиН 1.2.3685-21 не установлено.";"";"";""
"2294";"N-МЕТИЛАНИЛИН";"";"NOT_ESTABLISHED_FOR_TRANSPORT_POSITION";"Отдельное значение для этой транспортной позиции в таблице 2.1 СанПиН 1.2.3685-21 не установлено.";"";"";""
"2295";"МЕТИЛХЛОРАЦЕТАТ";"";"MATCHED_SANPIN_2_1";"5 мг/м³";"1412";"Метилхлорацетат (хлоруксусной кислоты метиловый эфир)";"name"
"2296";"МЕТИЛЦИКЛОГЕКСАН";"";"MATCHED_SANPIN_2_1";"50 мг/м³";"1420";"Метилциклогексан";"name"
"2297";"МЕТИЛЦИКЛОГЕКСАНОН";"";"NOT_ESTABLISHED_FOR_TRANSPORT_POSITION";"Отдельное значение для этой транспортной позиции в таблице 2.1 СанПиН 1.2.3685-21 не установлено.";"";"";""
"2298";"МЕТИЛЦИКЛОПЕНТАН";"";"NOT_ESTABLISHED_FOR_TRANSPORT_POSITION";"Отдельное значение для этой транспортной позиции в таблице 2.1 СанПиН 1.2.3685-21 не установлено.";"";"";""
"2299";"МЕТИЛДИХЛОРАЦЕТАТ";"";"MATCHED_SANPIN_2_1";"15 мг/м³";"1304";"Метилдихлорацетат (метиловый эфир дихлоруксусной кислоты)";"name"
"2300";"2-МЕТИЛ-5-ЭТИЛПИРИДИН";"";"MATCHED_SANPIN_2_1";"2 мг/м³";"1439";"2-Метил-5-этилпиридин+";"name"
"2301";"2-МЕТИЛФУРАН";"";"MATCHED_SANPIN_2_1";"1 мг/м³";"1411";"2-Метилфуран (Сильван)";"name"
"2302";"5-МЕТИЛГЕКСАНОН-2";"";"NOT_ESTABLISHED_FOR_TRANSPORT_POSITION";"Отдельное значение для этой транспортной позиции в таблице 2.1 СанПиН 1.2.3685-21 не установлено.";"";"";""
"2303";"ИЗОПРОПЕНИЛБЕНЗОЛ";"";"NOT_ESTABLISHED_FOR_TRANSPORT_POSITION";"Отдельное значение для этой транспортной позиции в таблице 2.1 СанПиН 1.2.3685-21 не установлено.";"";"";""
"2304";"НАФТАЛИН РАСПЛАВЛЕННЫЙ";"";"MATCHED_SANPIN_2_1";"20 мг/м³";"1512";"Нафталин";"name"
"2305";"КИСЛОТА НИТРОБЕНЗОЛСУЛЬФОНОВАЯ";"";"NOT_ESTABLISHED_FOR_TRANSPORT_POSITION";"Отдельное значение для этой транспортной позиции в таблице 2.1 СанПиН 1.2.3685-21 не установлено.";"";"";""
"2306";"НИТРОБЕНЗОТРИФТОРИДЫ ЖИДКИЕ";"";"NOT_ESTABLISHED_FOR_TRANSPORT_POSITION";"Отдельное значение для этой транспортной позиции в таблице 2.1 СанПиН 1.2.3685-21 не установлено.";"";"";""
"2307";"3-НИТРО-4-ХЛОРБЕНЗОТРИФТОРИД";"";"NOT_ESTABLISHED_FOR_TRANSPORT_POSITION";"Отдельное значение для этой транспортной позиции в таблице 2.1 СанПиН 1.2.3685-21 не установлено.";"";"";""
"2308";"КИСЛОТА НИТРОЗИЛСЕРНАЯ ЖИДКАЯ";"";"NOT_ESTABLISHED_FOR_TRANSPORT_POSITION";"Отдельное значение для этой транспортной позиции в таблице 2.1 СанПиН 1.2.3685-21 не установлено.";"";"";""
"2309";"ОКТАДИЕНЫ";"";"NOT_ESTABLISHED_FOR_TRANSPORT_POSITION";"Отдельное значение для этой транспортной позиции в таблице 2.1 СанПиН 1.2.3685-21 не установлено.";"";"";""
"2310";"ПЕНТАНДИОН-2,4";"";"NOT_ESTABLISHED_FOR_TRANSPORT_POSITION";"Отдельное значение для этой транспортной позиции в таблице 2.1 СанПиН 1.2.3685-21 не установлено.";"";"";""
"2311";"ФЕНЕТИДИНЫ";"";"NOT_ESTABLISHED_FOR_TRANSPORT_POSITION";"Отдельное значение для этой транспортной позиции в таблице 2.1 СанПиН 1.2.3685-21 не установлено.";"";"";""
"2312";"ФЕНОЛ РАСПЛАВЛЕННЫЙ";"";"MATCHED_SANPIN_2_1";"1/0,3 мг/м³ (максимальная разовая / среднесменная)";"539";"Гидроксибензол+ (фенол)";"name"
"2313";"ПИКОЛИНЫ";"";"NOT_ESTABLISHED_FOR_TRANSPORT_POSITION";"Отдельное значение для этой транспортной позиции в таблице 2.1 СанПиН 1.2.3685-21 не установлено.";"";"";""
"2315";"ПОЛИХЛОРДИФЕНИЛЫ ЖИДКИЕ";"";"NOT_ESTABLISHED_FOR_TRANSPORT_POSITION";"Отдельное значение для этой транспортной позиции в таблице 2.1 СанПиН 1.2.3685-21 не установлено.";"";"";""
"2316";"НАТРИЯ КУПРОЦИАНИД ТВЕРДЫЙ";"";"NOT_ESTABLISHED_FOR_TRANSPORT_POSITION";"Отдельное значение для этой транспортной позиции в таблице 2.1 СанПиН 1.2.3685-21 не установлено.";"";"";""
"2317";"НАТРИЯ КУПРОЦИАНИДА РАСТВОР";"";"NOT_ESTABLISHED_FOR_TRANSPORT_POSITION";"Отдельное значение для этой транспортной позиции в таблице 2.1 СанПиН 1.2.3685-21 не установлено.";"";"";""
"2318";"НАТРИЯ ГИДРОСУЛЬФИД, содержащий менее 25% кристаллиза-ционной воды";"";"NOT_ESTABLISHED_FOR_TRANSPORT_POSITION";"Отдельное значение для этой транспортной позиции в таблице 2.1 СанПиН 1.2.3685-21 не установлено.";"";"";""
"2319";"УГЛЕВОДОРОДЫ ТЕРПЕНОВЫЕ, Н.У.К.";"";"NOT_ESTABLISHED_FOR_TRANSPORT_POSITION";"Единая ПДК не устанавливается: контролируется по компонентному составу.";"";"";""
"2320";"ТЕТРАЭТИЛЕНПЕНТАМИН";"";"NOT_ESTABLISHED_FOR_TRANSPORT_POSITION";"Отдельное значение для этой транспортной позиции в таблице 2.1 СанПиН 1.2.3685-21 не установлено.";"";"";""
"2321";"ТРИХЛОРБЕНЗОЛЫ ЖИДКИЕ";"";"NOT_ESTABLISHED_FOR_TRANSPORT_POSITION";"Отдельное значение для этой транспортной позиции в таблице 2.1 СанПиН 1.2.3685-21 не установлено.";"";"";""
"2322";"ТРИХЛОРБУТЕН";"";"NOT_ESTABLISHED_FOR_TRANSPORT_POSITION";"Отдельное значение для этой транспортной позиции в таблице 2.1 СанПиН 1.2.3685-21 не установлено.";"";"";""
"2323";"ТРИЭТИЛФОСФИТ";"";"NOT_ESTABLISHED_FOR_TRANSPORT_POSITION";"Отдельное значение для этой транспортной позиции в таблице 2.1 СанПиН 1.2.3685-21 не установлено.";"";"";""
"2324";"ТРИИЗОБУТИЛЕН";"";"NOT_ESTABLISHED_FOR_TRANSPORT_POSITION";"Отдельное значение для этой транспортной позиции в таблице 2.1 СанПиН 1.2.3685-21 не установлено.";"";"";""
"2325";"1,3,5-ТРИМЕТИЛБЕНЗОЛ";"";"MATCHED_SANPIN_2_1";"30/10 мг/м³ (максимальная разовая / среднесменная)";"2031";"1,3,5-Триметилбензол (мезитилен)";"name"
"2326";"ТРИМЕТИЛЦИКЛОГЕКСИЛАМИН";"";"NOT_ESTABLISHED_FOR_TRANSPORT_POSITION";"Отдельное значение для этой транспортной позиции в таблице 2.1 СанПиН 1.2.3685-21 не установлено.";"";"";""
"2327";"ТРИМЕТИЛГЕКСАМЕТИЛЕНДИАМИНЫ";"";"NOT_ESTABLISHED_FOR_TRANSPORT_POSITION";"Отдельное значение для этой транспортной позиции в таблице 2.1 СанПиН 1.2.3685-21 не установлено.";"";"";""
"2328";"ТРИМЕТИЛГЕКСАМЕТИЛЕНДИИЗОЦИАНАТ";"";"NOT_ESTABLISHED_FOR_TRANSPORT_POSITION";"Отдельное значение для этой транспортной позиции в таблице 2.1 СанПиН 1.2.3685-21 не установлено.";"";"";""
"2329";"ТРИМЕТИЛФОСФИТ";"";"NOT_ESTABLISHED_FOR_TRANSPORT_POSITION";"Отдельное значение для этой транспортной позиции в таблице 2.1 СанПиН 1.2.3685-21 не установлено.";"";"";""
"2330";"УНДЕКАН";"";"NOT_ESTABLISHED_FOR_TRANSPORT_POSITION";"Отдельное значение для этой транспортной позиции в таблице 2.1 СанПиН 1.2.3685-21 не установлено.";"";"";""
"2331";"ЦИНКА ХЛОРИД БЕЗВОДНЫЙ";"";"NOT_ESTABLISHED_FOR_TRANSPORT_POSITION";"Отдельное значение для этой транспортной позиции в таблице 2.1 СанПиН 1.2.3685-21 не установлено.";"";"";""
"2332";"АЦЕТАЛЬДОКСИМ";"";"NOT_ESTABLISHED_FOR_TRANSPORT_POSITION";"Отдельное значение для этой транспортной позиции в таблице 2.1 СанПиН 1.2.3685-21 не установлено.";"";"";""
"2333";"АЛЛИЛАЦЕТАТ";"";"MATCHED_SANPIN_2_1";"2 мг/м³";"1769";"Проп-1-енилацетат+ (аллилацетат; уксусной кислоты аллиловый эфир)";"name"
"2334";"АЛЛИЛАМИН";"";"MATCHED_SANPIN_2_1";"0,5 мг/м³";"1767";"Проп-1-енамин+ (аллиламин)";"name"
"2335";"ЭФИР АЛЛИЛЭТИЛОВЫЙ";"";"NOT_ESTABLISHED_FOR_TRANSPORT_POSITION";"Отдельное значение для этой транспортной позиции в таблице 2.1 СанПиН 1.2.3685-21 не установлено.";"";"";""
"2336";"АЛЛИЛФОРМИАТ";"";"NOT_ESTABLISHED_FOR_TRANSPORT_POSITION";"Отдельное значение для этой транспортной позиции в таблице 2.1 СанПиН 1.2.3685-21 не установлено.";"";"";""
"2337";"ФЕНИЛМЕРКАПТАН";"";"MATCHED_SANPIN_2_1";"0,2 мг/м³";"2151";"Фенилтиол+ (меркаптобензол; тиофенол; фенилмеркаптан)";"name"
"2338";"БЕНЗОТРИФТОРИД";"";"NOT_ESTABLISHED_FOR_TRANSPORT_POSITION";"Отдельное значение для этой транспортной позиции в таблице 2.1 СанПиН 1.2.3685-21 не установлено.";"";"";""
"2339";"2-БРОМБУТАН";"";"MATCHED_SANPIN_2_1";"0,3 мг/м³";"376";"1-Бромбутан+";"name"
"2340";"ЭФИР 2-БРОМЭТИЛЭТИЛОВЫЙ";"";"NOT_ESTABLISHED_FOR_TRANSPORT_POSITION";"Отдельное значение для этой транспортной позиции в таблице 2.1 СанПиН 1.2.3685-21 не установлено.";"";"";""
"2341";"1-БРОМ-3-МЕТИЛБУТАН";"";"MATCHED_SANPIN_2_1";"0,5 мг/м³";"386";"1-Бром-3-метилбутан+ (изоамилбромид)";"name"
"2342";"БРОММЕТИЛПРОПАНЫ";"";"NOT_ESTABLISHED_FOR_TRANSPORT_POSITION";"Отдельное значение для этой транспортной позиции в таблице 2.1 СанПиН 1.2.3685-21 не установлено.";"";"";""
"2343";"2-БРОМПЕНТАН";"";"MATCHED_SANPIN_2_1";"5 мг/м³";"392";"2-Бромпентан+";"name"
"2344";"БРОМПРОПАНЫ";"";"MATCHED_SANPIN_2_1";"2 мг/м³";"393";"2-Бромпропан";"name"
"2345";"3-БРОМПРОПИН";"";"NOT_ESTABLISHED_FOR_TRANSPORT_POSITION";"Отдельное значение для этой транспортной позиции в таблице 2.1 СанПиН 1.2.3685-21 не установлено.";"";"";""
"2346";"БУТАНДИОН";"";"NOT_ESTABLISHED_FOR_TRANSPORT_POSITION";"Отдельное значение для этой транспортной позиции в таблице 2.1 СанПиН 1.2.3685-21 не установлено.";"";"";""
"2347";"БУТИЛМЕРКАПТАН";"";"NOT_ESTABLISHED_FOR_TRANSPORT_POSITION";"Отдельное значение для этой транспортной позиции в таблице 2.1 СанПиН 1.2.3685-21 не установлено.";"";"";""
"2348";"БУТИЛАКРИЛАТЫ СТАБИЛИЗИРОВАННЫЕ";"";"MATCHED_SANPIN_2_1";"30/10 мг/м³ (максимальная разовая / среднесменная)";"439";"Бутилпроп-2-еноат (акриловой кислоты бутиловый эфир; бутилакрилат)";"name"
"2350";"ЭФИР БУТИЛМЕТИЛОВЫЙ";"";"NOT_ESTABLISHED_FOR_TRANSPORT_POSITION";"Отдельное значение для этой транспортной позиции в таблице 2.1 СанПиН 1.2.3685-21 не установлено.";"";"";""
"2351";"БУТИЛНИТРИТЫ";"";"MATCHED_SANPIN_2_1";"1 мг/м³";"436";"Бутилнитрит (азотистой кислоты бутиловый эфир)";"name"
"2352";"ЭФИР БУТИЛВИНИЛОВЫЙ СТАБИЛИЗИРОВАННЫЙ";"";"MATCHED_SANPIN_2_1";"20 мг/м³";"2405";"1-(Этенилокси) бутан (бутилвиниловый эфир; бутоксиэтилен)";"name"
"2353";"БУТИРИЛХЛОРИД";"";"NOT_ESTABLISHED_FOR_TRANSPORT_POSITION";"Отдельное значение для этой транспортной позиции в таблице 2.1 СанПиН 1.2.3685-21 не установлено.";"";"";""
"2354";"ЭФИР ХЛОРМЕТИЛЭТИЛОВЫЙ";"";"NOT_ESTABLISHED_FOR_TRANSPORT_POSITION";"Отдельное значение для этой транспортной позиции в таблице 2.1 СанПиН 1.2.3685-21 не установлено.";"";"";""
"2356";"2-ХЛОРПРОПАН";"";"MATCHED_SANPIN_2_1";"2 мг/м³";"2261";"3-Хлорпропан-1-ол+ (3-хлорпропиловый спирт)";"name"
"2357";"ЦИКЛОГЕКСИЛАМИН";"";"MATCHED_SANPIN_2_1";"1 мг/м³";"2323";"Циклогексиламин (аминоциклогексан)";"name"
"2358";"ЦИКЛООКТАТЕТРАЕН";"";"NOT_ESTABLISHED_FOR_TRANSPORT_POSITION";"Отдельное значение для этой транспортной позиции в таблице 2.1 СанПиН 1.2.3685-21 не установлено.";"";"";""
"2359";"ДИАЛЛИЛАМИН";"";"MATCHED_SANPIN_2_1";"1 мг/м³";"1771";"N-Проп-1-енилпроп-2-ен-1-амин+ (диаллиламин; ди(проп-1-енил)амин)";"name"
"2360";"ЭФИР ДИАЛЛИЛОВЫЙ";"";"NOT_ESTABLISHED_FOR_TRANSPORT_POSITION";"Отдельное значение для этой транспортной позиции в таблице 2.1 СанПиН 1.2.3685-21 не установлено.";"";"";""
"2361";"ДИИЗОБУТИЛАМИН";"";"NOT_ESTABLISHED_FOR_TRANSPORT_POSITION";"Отдельное значение для этой транспортной позиции в таблице 2.1 СанПиН 1.2.3685-21 не установлено.";"";"";""
"2362";"1,1-ДИХЛОРЭТАН";"";"MATCHED_SANPIN_2_1";"30/10 мг/м³ (максимальная разовая / среднесменная)";"960";"1,2-Дихлорэтан+";"name"
"2363";"ЭТИЛМЕРКАПТАН";"C₂H₅SH";"MATCHED_SANPIN_2_1";"1 мг/м³";"2392";"Этантиол+ (этилмеркаптан)";"name"
"2364";"н-ПРОПИЛБЕНЗОЛ";"";"NOT_ESTABLISHED_FOR_TRANSPORT_POSITION";"Отдельное значение для этой транспортной позиции в таблице 2.1 СанПиН 1.2.3685-21 не установлено.";"";"";""
"2366";"ДИЭТИЛКАРБОНАТ";"";"NOT_ESTABLISHED_FOR_TRANSPORT_POSITION";"Отдельное значение для этой транспортной позиции в таблице 2.1 СанПиН 1.2.3685-21 не установлено.";"";"";""
"2367";"альфа-МЕТИЛВАЛЕРАЛЬДЕГИД";"";"NOT_ESTABLISHED_FOR_TRANSPORT_POSITION";"Отдельное значение для этой транспортной позиции в таблице 2.1 СанПиН 1.2.3685-21 не установлено.";"";"";""
"2368";"альфа-ПИНЕН";"";"NOT_ESTABLISHED_FOR_TRANSPORT_POSITION";"Отдельное значение для этой транспортной позиции в таблице 2.1 СанПиН 1.2.3685-21 не установлено.";"";"";""
"2370";"ГЕКСЕН-1";"";"MATCHED_SANPIN_2_1";"2 мг/м³";"2431";"Этил-3,3-диметил-4,6,6-трихлоргекс-5-еноат (3,3-диметил-4,6,6-трихлор-5-гексеновой кислоты этиловый эфир)";"name"
"2371";"ИЗОПЕНТЕНЫ";"";"NOT_ESTABLISHED_FOR_TRANSPORT_POSITION";"Отдельное значение для этой транспортной позиции в таблице 2.1 СанПиН 1.2.3685-21 не установлено.";"";"";""
"2372";"1,2-ДИ-(ДИМЕТИЛАМИНО)-ЭТАН";"";"NOT_ESTABLISHED_FOR_TRANSPORT_POSITION";"Отдельное значение для этой транспортной позиции в таблице 2.1 СанПиН 1.2.3685-21 не установлено.";"";"";""
"2373";"ДИЭТОКСИМЕТАН";"";"NOT_ESTABLISHED_FOR_TRANSPORT_POSITION";"Отдельное значение для этой транспортной позиции в таблице 2.1 СанПиН 1.2.3685-21 не установлено.";"";"";""
"2374";"3,3-ДИЭТОКСИПРОПЕН";"";"NOT_ESTABLISHED_FOR_TRANSPORT_POSITION";"Отдельное значение для этой транспортной позиции в таблице 2.1 СанПиН 1.2.3685-21 не установлено.";"";"";""
"2375";"ДИЭТИЛСУЛЬФИД";"";"NOT_ESTABLISHED_FOR_TRANSPORT_POSITION";"Отдельное значение для этой транспортной позиции в таблице 2.1 СанПиН 1.2.3685-21 не установлено.";"";"";""
"2376";"2,3-ДИГИДРОПИРАН";"";"NOT_ESTABLISHED_FOR_TRANSPORT_POSITION";"Отдельное значение для этой транспортной позиции в таблице 2.1 СанПиН 1.2.3685-21 не установлено.";"";"";""
"2377";"1,1-ДИМЕТОКСИЭТАН";"";"MATCHED_SANPIN_2_1";"30/10 мг/м³ (максимальная разовая / среднесменная)";"850";"1,2-Диметоксиэтан";"name"
"2378";"2-ДИМЕТИЛАМИНОАЦЕТОНИТРИЛ";"";"NOT_ESTABLISHED_FOR_TRANSPORT_POSITION";"Отдельное значение для этой транспортной позиции в таблице 2.1 СанПиН 1.2.3685-21 не установлено.";"";"";""
"2379";"1,3-ДИМЕТИЛБУТИЛАМИН";"";"NOT_ESTABLISHED_FOR_TRANSPORT_POSITION";"Отдельное значение для этой транспортной позиции в таблице 2.1 СанПиН 1.2.3685-21 не установлено.";"";"";""
"2380";"ДИМЕТИЛДИЭТОКСИСИЛАН";"";"NOT_ESTABLISHED_FOR_TRANSPORT_POSITION";"Отдельное значение для этой транспортной позиции в таблице 2.1 СанПиН 1.2.3685-21 не установлено.";"";"";""
"2381";"ДИМЕТИЛДИСУЛЬФИД";"";"NOT_ESTABLISHED_FOR_TRANSPORT_POSITION";"Отдельное значение для этой транспортной позиции в таблице 2.1 СанПиН 1.2.3685-21 не установлено.";"";"";""
"2382";"ДИМЕТИЛГИДРАЗИН СИММЕТРИЧНЫЙ";"";"NOT_ESTABLISHED_FOR_TRANSPORT_POSITION";"Отдельное значение для этой транспортной позиции в таблице 2.1 СанПиН 1.2.3685-21 не установлено.";"";"";""
"2383";"ДИПРОПИЛАМИН";"";"NOT_ESTABLISHED_FOR_TRANSPORT_POSITION";"Отдельное значение для этой транспортной позиции в таблице 2.1 СанПиН 1.2.3685-21 не установлено.";"";"";""
"2384";"ЭФИР ДИ-н-ПРОПИЛОВЫЙ";"";"NOT_ESTABLISHED_FOR_TRANSPORT_POSITION";"Отдельное значение для этой транспортной позиции в таблице 2.1 СанПиН 1.2.3685-21 не установлено.";"";"";""
"2385";"ЭТИЛИЗОБУТИРАТ";"";"NOT_ESTABLISHED_FOR_TRANSPORT_POSITION";"Отдельное значение для этой транспортной позиции в таблице 2.1 СанПиН 1.2.3685-21 не установлено.";"";"";""
"2386";"1-ЭТИЛПИПЕРИДИН";"";"NOT_ESTABLISHED_FOR_TRANSPORT_POSITION";"Отдельное значение для этой транспортной позиции в таблице 2.1 СанПиН 1.2.3685-21 не установлено.";"";"";""
"2387";"ФТОРБЕНЗОЛ";"";"NOT_ESTABLISHED_FOR_TRANSPORT_POSITION";"Отдельное значение для этой транспортной позиции в таблице 2.1 СанПиН 1.2.3685-21 не установлено.";"";"";""
"2388";"ФТОРТОЛУОЛЫ";"";"NOT_ESTABLISHED_FOR_TRANSPORT_POSITION";"Отдельное значение для этой транспортной позиции в таблице 2.1 СанПиН 1.2.3685-21 не установлено.";"";"";""
"2389";"ФУРАН";"";"MATCHED_SANPIN_2_1";"1,5/0,5 мг/м³ (максимальная разовая / среднесменная)";"2204";"Фуран+";"name"
"2390";"2-ЙОДБУТАН";"";"NOT_ESTABLISHED_FOR_TRANSPORT_POSITION";"Отдельное значение для этой транспортной позиции в таблице 2.1 СанПиН 1.2.3685-21 не установлено.";"";"";""
"2391";"ЙОДМЕТИЛПРОПАНЫ";"";"NOT_ESTABLISHED_FOR_TRANSPORT_POSITION";"Отдельное значение для этой транспортной позиции в таблице 2.1 СанПиН 1.2.3685-21 не установлено.";"";"";""
"2392";"ЙОДПРОПАНЫ";"";"NOT_ESTABLISHED_FOR_TRANSPORT_POSITION";"Отдельное значение для этой транспортной позиции в таблице 2.1 СанПиН 1.2.3685-21 не установлено.";"";"";""
"2393";"ИЗОБУТИЛФОРМИАТ";"";"NOT_ESTABLISHED_FOR_TRANSPORT_POSITION";"Отдельное значение для этой транспортной позиции в таблице 2.1 СанПиН 1.2.3685-21 не установлено.";"";"";""
"2394";"ИЗОБУТИЛПРОПИОНАТ";"";"NOT_ESTABLISHED_FOR_TRANSPORT_POSITION";"Отдельное значение для этой транспортной позиции в таблице 2.1 СанПиН 1.2.3685-21 не установлено.";"";"";""
"2395";"ИЗОБУТИРИЛХЛОРИД";"";"NOT_ESTABLISHED_FOR_TRANSPORT_POSITION";"Отдельное значение для этой транспортной позиции в таблице 2.1 СанПиН 1.2.3685-21 не установлено.";"";"";""
"2396";"АЛЬДЕГИД МЕТАКРИЛОВЫЙ СТАБИЛИЗИРОВАННЫЙ";"";"NOT_ESTABLISHED_FOR_TRANSPORT_POSITION";"Отдельное значение для этой транспортной позиции в таблице 2.1 СанПиН 1.2.3685-21 не установлено.";"";"";""
"2397";"3-МЕТИЛБУТАНОН-2";"";"NOT_ESTABLISHED_FOR_TRANSPORT_POSITION";"Отдельное значение для этой транспортной позиции в таблице 2.1 СанПиН 1.2.3685-21 не установлено.";"";"";""
"2398";"ЭФИР МЕТИЛ-трет-БУТИЛОВЫЙ";"";"NOT_ESTABLISHED_FOR_TRANSPORT_POSITION";"Отдельное значение для этой транспортной позиции в таблице 2.1 СанПиН 1.2.3685-21 не установлено.";"";"";""
"2399";"1-МЕТИЛПИПЕРИДИН";"";"NOT_ESTABLISHED_FOR_TRANSPORT_POSITION";"Отдельное значение для этой транспортной позиции в таблице 2.1 СанПиН 1.2.3685-21 не установлено.";"";"";""
"2400";"МЕТИЛИЗОВАЛЕРАТ";"";"NOT_ESTABLISHED_FOR_TRANSPORT_POSITION";"Отдельное значение для этой транспортной позиции в таблице 2.1 СанПиН 1.2.3685-21 не установлено.";"";"";""
"2401";"ПИПЕРИДИН";"";"MATCHED_SANPIN_2_1";"0,2 мг/м³";"1684";"Пиперидин+";"name"
"2402";"ПРОПАНТИОЛЫ";"";"NOT_ESTABLISHED_FOR_TRANSPORT_POSITION";"Отдельное значение для этой транспортной позиции в таблице 2.1 СанПиН 1.2.3685-21 не установлено.";"";"";""
"2403";"ИЗОПРОПЕНИЛАЦЕТАТ";"";"NOT_ESTABLISHED_FOR_TRANSPORT_POSITION";"Отдельное значение для этой транспортной позиции в таблице 2.1 СанПиН 1.2.3685-21 не установлено.";"";"";""
"2404";"ПРОПИОНИТРИЛ";"";"MATCHED_SANPIN_2_1";"0,1 мг/м³";"2158";"3-(N-Фенил-N-этиламино) пропионитрил+ (3-(N-фенил-N-этиламино)пропионовой кислоты нитрил";"name"
"2405";"ИЗОПРОПИЛБУТИРАТ";"";"NOT_ESTABLISHED_FOR_TRANSPORT_POSITION";"Отдельное значение для этой транспортной позиции в таблице 2.1 СанПиН 1.2.3685-21 не установлено.";"";"";""
"2406";"ИЗОПРОПИЛИЗОБУТИРАТ";"";"NOT_ESTABLISHED_FOR_TRANSPORT_POSITION";"Отдельное значение для этой транспортной позиции в таблице 2.1 СанПиН 1.2.3685-21 не установлено.";"";"";""
"2407";"ИЗОПРОПИЛХЛОРФОРМИАТ";"";"NOT_ESTABLISHED_FOR_TRANSPORT_POSITION";"Отдельное значение для этой транспортной позиции в таблице 2.1 СанПиН 1.2.3685-21 не установлено.";"";"";""
"2409";"ИЗОПРОПИЛПРОПИОНАТ";"";"NOT_ESTABLISHED_FOR_TRANSPORT_POSITION";"Отдельное значение для этой транспортной позиции в таблице 2.1 СанПиН 1.2.3685-21 не установлено.";"";"";""
"2410";"1,2,3,6-ТЕТРАГИДРОПИРИДИН";"";"NOT_ESTABLISHED_FOR_TRANSPORT_POSITION";"Отдельное значение для этой транспортной позиции в таблице 2.1 СанПиН 1.2.3685-21 не установлено.";"";"";""
"2411";"БУТИРОНИТРИЛ";"";"NOT_ESTABLISHED_FOR_TRANSPORT_POSITION";"Отдельное значение для этой транспортной позиции в таблице 2.1 СанПиН 1.2.3685-21 не установлено.";"";"";""
"2412";"ТЕТРАГИДРОТИОФЕН";"";"MATCHED_SANPIN_2_1";"40 мг/м³";"1934";"Тетрагидротиофен-1,1 -диоксид (тетраметиленсульфон)";"name"
"2413";"ТЕТРАПРОПИЛОРТОТИТАНАТ";"";"NOT_ESTABLISHED_FOR_TRANSPORT_POSITION";"Отдельное значение для этой транспортной позиции в таблице 2.1 СанПиН 1.2.3685-21 не установлено.";"";"";""
"2414";"ТИОФЕН";"";"MATCHED_SANPIN_2_1";"20 мг/м³";"1989";"Тиофуран (Тиофен)";"name"
"2416";"ТРИМЕТИЛБОРАТ";"";"NOT_ESTABLISHED_FOR_TRANSPORT_POSITION";"Отдельное значение для этой транспортной позиции в таблице 2.1 СанПиН 1.2.3685-21 не установлено.";"";"";""
"2417";"КАРБОНИЛФТОРИД";"";"NOT_ESTABLISHED_FOR_TRANSPORT_POSITION";"Отдельное значение для этой транспортной позиции в таблице 2.1 СанПиН 1.2.3685-21 не установлено.";"";"";""
"2418";"СЕРЫ ТЕТРАФТОРИД";"";"NOT_ESTABLISHED_FOR_TRANSPORT_POSITION";"Отдельное значение для этой транспортной позиции в таблице 2.1 СанПиН 1.2.3685-21 не установлено.";"";"";""
"2419";"БРОМТРИФТОРЭТИЛЕН";"";"NOT_ESTABLISHED_FOR_TRANSPORT_POSITION";"Отдельное значение для этой транспортной позиции в таблице 2.1 СанПиН 1.2.3685-21 не установлено.";"";"";""
"2420";"ГЕКСАФТОРАЦЕТОН";"";"NOT_ESTABLISHED_FOR_TRANSPORT_POSITION";"Отдельное значение для этой транспортной позиции в таблице 2.1 СанПиН 1.2.3685-21 не установлено.";"";"";""
"2421";"АЗОТА ТРИОКСИД";"";"NOT_ESTABLISHED_FOR_TRANSPORT_POSITION";"Отдельное значение для этой транспортной позиции в таблице 2.1 СанПиН 1.2.3685-21 не установлено.";"";"";""
"2422";"ОКТАФТОРБУТЕН-2 (ГАЗ РЕФРИЖЕРАТОРНЫЙ R 1318)";"";"NOT_ESTABLISHED_FOR_TRANSPORT_POSITION";"Отдельное значение для этой транспортной позиции в таблице 2.1 СанПиН 1.2.3685-21 не установлено.";"";"";""
"2424";"ОКТАФТОРПРОПАН (ГАЗ РЕФРИЖЕРАТОРНЫЙ R 218)";"";"MATCHED_SANPIN_2_1";"3000 мг/м³";"1630";"Октафторпропан";"name"
"2426";"АММОНИЯ НИТРАТ ЖИДКИЙ, горячий концентрированный раствор, концентрации более 80%, но не более 93%";"";"NOT_ESTABLISHED_FOR_TRANSPORT_POSITION";"Отдельное значение для этой транспортной позиции в таблице 2.1 СанПиН 1.2.3685-21 не установлено.";"";"";""
"2427";"КАЛИЯ ХЛОРАТА ВОДНЫЙ РАСТВОР";"";"NOT_ESTABLISHED_FOR_TRANSPORT_POSITION";"Отдельное значение для этой транспортной позиции в таблице 2.1 СанПиН 1.2.3685-21 не установлено.";"";"";""
"2428";"НАТРИЯ ХЛОРАТА ВОДНЫЙ РАСТВОР";"";"NOT_ESTABLISHED_FOR_TRANSPORT_POSITION";"Отдельное значение для этой транспортной позиции в таблице 2.1 СанПиН 1.2.3685-21 не установлено.";"";"";""
"2429";"КАЛЬЦИЯ ХЛОРАТА ВОДНЫЙ РАСТВОР";"";"NOT_ESTABLISHED_FOR_TRANSPORT_POSITION";"Отдельное значение для этой транспортной позиции в таблице 2.1 СанПиН 1.2.3685-21 не установлено.";"";"";""
"2430";"АЛКИЛФЕНОЛЫ ТВЕРДЫЕ, Н.У.К. (включая С2-С12 гомологи)";"";"NOT_ESTABLISHED_FOR_TRANSPORT_POSITION";"Единая ПДК не устанавливается: контролируется по компонентному составу.";"";"";""
"2431";"АНИЗИДИНЫ";"";"NOT_ESTABLISHED_FOR_TRANSPORT_POSITION";"Отдельное значение для этой транспортной позиции в таблице 2.1 СанПиН 1.2.3685-21 не установлено.";"";"";""
"2432";"М,М-ДИЭТИЛАНИЛИН";"";"NOT_ESTABLISHED_FOR_TRANSPORT_POSITION";"Отдельное значение для этой транспортной позиции в таблице 2.1 СанПиН 1.2.3685-21 не установлено.";"";"";""
"2433";"ХЛОРНИТРОТОЛУОЛЫ ЖИДКИЕ";"";"NOT_ESTABLISHED_FOR_TRANSPORT_POSITION";"Отдельное значение для этой транспортной позиции в таблице 2.1 СанПиН 1.2.3685-21 не установлено.";"";"";""
"2434";"ДИБЕНЗИЛДИХЛОРСИЛАН";"";"NOT_ESTABLISHED_FOR_TRANSPORT_POSITION";"Отдельное значение для этой транспортной позиции в таблице 2.1 СанПиН 1.2.3685-21 не установлено.";"";"";""
"2435";"ЭТИЛФЕНИЛДИХЛОРСИЛАН";"";"NOT_ESTABLISHED_FOR_TRANSPORT_POSITION";"Отдельное значение для этой транспортной позиции в таблице 2.1 СанПиН 1.2.3685-21 не установлено.";"";"";""
"2436";"КИСЛОТА ТИОУКСУСНАЯ";"";"MATCHED_SANPIN_2_1";"0,5 мг/м³";"1992";"Тиоэтановая кислота+ (тиоуксусная кислота)";"name"
"2437";"МЕТИЛФЕНИЛДИХЛОРСИЛАН";"";"NOT_ESTABLISHED_FOR_TRANSPORT_POSITION";"Отдельное значение для этой транспортной позиции в таблице 2.1 СанПиН 1.2.3685-21 не установлено.";"";"";""
"2438";"ТРИМЕТИЛАЦЕТИЛХЛОРИД";"";"NOT_ESTABLISHED_FOR_TRANSPORT_POSITION";"Отдельное значение для этой транспортной позиции в таблице 2.1 СанПиН 1.2.3685-21 не установлено.";"";"";""
"2439";"НАТРИЯ ГИДРОДИФТОРИД";"";"NOT_ESTABLISHED_FOR_TRANSPORT_POSITION";"Отдельное значение для этой транспортной позиции в таблице 2.1 СанПиН 1.2.3685-21 не установлено.";"";"";""
"2440";"ОЛОВА ТЕТРАХЛОРИДА ПЕНТАГИДРАТ";"";"NOT_ESTABLISHED_FOR_TRANSPORT_POSITION";"Отдельное значение для этой транспортной позиции в таблице 2.1 СанПиН 1.2.3685-21 не установлено.";"";"";""
"2441";"ТИТАНА ТРИХЛОРИД ПИРОФОРНЫЙ";"";"NOT_ESTABLISHED_FOR_TRANSPORT_POSITION";"Отдельное значение для этой транспортной позиции в таблице 2.1 СанПиН 1.2.3685-21 не установлено.";"";"";""
"2441";"ТИТАНА ТРИХЛОРИДА СМЕСЬ ПИРОФОРНАЯ";"";"NOT_ESTABLISHED_FOR_TRANSPORT_POSITION";"Единая ПДК не устанавливается: контролируется по компонентному составу.";"";"";""
"2442";"ТРИХЛОРАЦЕТИЛХЛОРИД";"";"MATCHED_SANPIN_2_1";"0,1 мг/м³";"2078";"Трихлорацетилхлорид+ (трихлоруксусной кислоты хлорангидрид)";"name"
"2443";"ВАНАДИЯ ОКСИТРИХЛОРИД";"";"NOT_ESTABLISHED_FOR_TRANSPORT_POSITION";"Отдельное значение для этой транспортной позиции в таблице 2.1 СанПиН 1.2.3685-21 не установлено.";"";"";""
"2444";"ВАНАДИЯ ТЕТРАХЛОРИД";"";"NOT_ESTABLISHED_FOR_TRANSPORT_POSITION";"Отдельное значение для этой транспортной позиции в таблице 2.1 СанПиН 1.2.3685-21 не установлено.";"";"";""
"2446";"НИТРОКРЕЗОЛЫ ТВЕРДЫЕ";"";"NOT_ESTABLISHED_FOR_TRANSPORT_POSITION";"Отдельное значение для этой транспортной позиции в таблице 2.1 СанПиН 1.2.3685-21 не установлено.";"";"";""
"2447";"ФОСФОР БЕЛЫЙ РАСПЛАВЛЕННЫЙ";"";"MATCHED_SANPIN_2_1";"0,1/0,03 мг/м³ (максимальная разовая / среднесменная)";"2192";"Фосфор (желтый, белый)";"name"
"2448";"СЕРА РАСПЛАВЛЕННАЯ";"";"MATCHED_SANPIN_2_1";"-/6 мг/м³ (максимальная разовая / среднесменная)";"1834";"Сера";"name"
"2451";"АЗОТА ТРИФТОРИД";"";"NOT_ESTABLISHED_FOR_TRANSPORT_POSITION";"Отдельное значение для этой транспортной позиции в таблице 2.1 СанПиН 1.2.3685-21 не установлено.";"";"";""
"2452";"ЭТИЛАЦЕТИЛЕН СТАБИЛИЗИРОВАННЫЙ";"";"NOT_ESTABLISHED_FOR_TRANSPORT_POSITION";"Отдельное значение для этой транспортной позиции в таблице 2.1 СанПиН 1.2.3685-21 не установлено.";"";"";""
"2453";"ЭТИЛФТОРИД (ГАЗ РЕФРИЖЕРАТОРНЫЙ R 161)";"";"NOT_ESTABLISHED_FOR_TRANSPORT_POSITION";"Отдельное значение для этой транспортной позиции в таблице 2.1 СанПиН 1.2.3685-21 не установлено.";"";"";""
"2454";"МЕТИЛФТОРИД (ГАЗ РЕФРИЖЕРАТОРНЫЙ R 41)";"";"NOT_ESTABLISHED_FOR_TRANSPORT_POSITION";"Отдельное значение для этой транспортной позиции в таблице 2.1 СанПиН 1.2.3685-21 не установлено.";"";"";""
"2455";"МЕТИЛНИТРИТ";"";"NOT_ESTABLISHED_FOR_TRANSPORT_POSITION";"Отдельное значение для этой транспортной позиции в таблице 2.1 СанПиН 1.2.3685-21 не установлено.";"";"";""
"2456";"2-ХЛОРПРОПЕН";"";"NOT_ESTABLISHED_FOR_TRANSPORT_POSITION";"Отдельное значение для этой транспортной позиции в таблице 2.1 СанПиН 1.2.3685-21 не установлено.";"";"";""
"2457";"2,3-ДИМЕТИЛБУТАН";"";"MATCHED_SANPIN_2_1";"20 мг/м³";"749";"3,3-Диметилбутан-2-он (Пинаколин)";"name"
"2458";"ГЕКСАДИЕНЫ";"";"NOT_ESTABLISHED_FOR_TRANSPORT_POSITION";"Отдельное значение для этой транспортной позиции в таблице 2.1 СанПиН 1.2.3685-21 не установлено.";"";"";""
"2459";"2-МЕТИЛБУТЕН-1";"";"NOT_ESTABLISHED_FOR_TRANSPORT_POSITION";"Отдельное значение для этой транспортной позиции в таблице 2.1 СанПиН 1.2.3685-21 не установлено.";"";"";""
"2460";"2-МЕТИЛБУТЕН-2";"";"NOT_ESTABLISHED_FOR_TRANSPORT_POSITION";"Отдельное значение для этой транспортной позиции в таблице 2.1 СанПиН 1.2.3685-21 не установлено.";"";"";""
"2461";"МЕТИЛПЕНТАДИЕН";"";"NOT_ESTABLISHED_FOR_TRANSPORT_POSITION";"Отдельное значение для этой транспортной позиции в таблице 2.1 СанПиН 1.2.3685-21 не установлено.";"";"";""
"2463";"АЛЮМИНИЯ ГИДРИД";"";"NOT_ESTABLISHED_FOR_TRANSPORT_POSITION";"Отдельное значение для этой транспортной позиции в таблице 2.1 СанПиН 1.2.3685-21 не установлено.";"";"";""
"2464";"БЕРИЛЛИЯ НИТРАТ";"";"NOT_ESTABLISHED_FOR_TRANSPORT_POSITION";"Отдельное значение для этой транспортной позиции в таблице 2.1 СанПиН 1.2.3685-21 не установлено.";"";"";""
"2465";"КИСЛОТА ДИХЛОРИЗОЦИАНУРОВАЯ СУХАЯ";"";"NOT_ESTABLISHED_FOR_TRANSPORT_POSITION";"Отдельное значение для этой транспортной позиции в таблице 2.1 СанПиН 1.2.3685-21 не установлено.";"";"";""
"2465";"КИСЛОТЫ ДИХЛОРИЗОЦИАНУРОВОЙ СОЛИ";"";"NOT_ESTABLISHED_FOR_TRANSPORT_POSITION";"Отдельное значение для этой транспортной позиции в таблице 2.1 СанПиН 1.2.3685-21 не установлено.";"";"";""
"2466";"КАЛИЯ СУПЕРОКСИД";"";"NOT_ESTABLISHED_FOR_TRANSPORT_POSITION";"Отдельное значение для этой транспортной позиции в таблице 2.1 СанПиН 1.2.3685-21 не установлено.";"";"";""
"2468";"КИСЛОТА ТРИХЛОРИЗОЦИАНУРОВАЯ СУХАЯ";"";"NOT_ESTABLISHED_FOR_TRANSPORT_POSITION";"Отдельное значение для этой транспортной позиции в таблице 2.1 СанПиН 1.2.3685-21 не установлено.";"";"";""
"2469";"ЦИНКА БРОМАТ";"";"NOT_ESTABLISHED_FOR_TRANSPORT_POSITION";"Отдельное значение для этой транспортной позиции в таблице 2.1 СанПиН 1.2.3685-21 не установлено.";"";"";""
"2470";"ФЕНИЛАЦЕТОНИТРИЛ ЖИДКИЙ";"";"MATCHED_SANPIN_2_1";"0,8 мг/м³";"267";"Бензилцианид+ (фенилацетонитрил)";"name"
"2471";"ОСМИЯ ТЕТРАОКСИД";"";"NOT_ESTABLISHED_FOR_TRANSPORT_POSITION";"Отдельное значение для этой транспортной позиции в таблице 2.1 СанПиН 1.2.3685-21 не установлено.";"";"";""
"2473";"НАТРИЯ АРСАНИЛАТ";"";"NOT_ESTABLISHED_FOR_TRANSPORT_POSITION";"Отдельное значение для этой транспортной позиции в таблице 2.1 СанПиН 1.2.3685-21 не установлено.";"";"";""
"2474";"ТИОФОСГЕН";"";"NOT_ESTABLISHED_FOR_TRANSPORT_POSITION";"Отдельное значение для этой транспортной позиции в таблице 2.1 СанПиН 1.2.3685-21 не установлено.";"";"";""
"2475";"ВАНАДИЯ ТРИХЛОРИД";"";"NOT_ESTABLISHED_FOR_TRANSPORT_POSITION";"Отдельное значение для этой транспортной позиции в таблице 2.1 СанПиН 1.2.3685-21 не установлено.";"";"";""
"2477";"МЕТИЛИЗОТИОЦИАНАТ";"";"MATCHED_SANPIN_2_1";"0,1 мг/м³";"1319";"Метилизотиоцианат+";"name"
"2478";"ИЗОЦИАНАТЫ ЛЕГКОВОСПЛАМЕНЯЮЩИЕСЯ ТОКСИЧНЫЕ, Н.У.К.";"";"NOT_ESTABLISHED_FOR_TRANSPORT_POSITION";"Единая ПДК не устанавливается: контролируется по компонентному составу.";"";"";""
"2478";"ИЗОЦИАНАТА РАСТВОР ЛЕГКОВОСПЛАМЕНЯЮЩИЙСЯ ТОКСИЧНЫЙ, Н.У.К.";"";"NOT_ESTABLISHED_FOR_TRANSPORT_POSITION";"Единая ПДК не устанавливается: контролируется по компонентному составу.";"";"";""
"2480";"МЕТИЛИЗОЦИАНАТ";"";"MATCHED_SANPIN_2_1";"0,05 мг/м³";"1320";"Метилизоцианат+";"name"
"2481";"ЭТИЛИЗОЦИАНАТ";"";"NOT_ESTABLISHED_FOR_TRANSPORT_POSITION";"Отдельное значение для этой транспортной позиции в таблице 2.1 СанПиН 1.2.3685-21 не установлено.";"";"";""
"2482";"н-ПРОПИЛИЗОЦИАНАТ";"";"NOT_ESTABLISHED_FOR_TRANSPORT_POSITION";"Отдельное значение для этой транспортной позиции в таблице 2.1 СанПиН 1.2.3685-21 не установлено.";"";"";""
"2483";"ИЗОПРОПИЛИЗОЦИАНАТ";"";"NOT_ESTABLISHED_FOR_TRANSPORT_POSITION";"Отдельное значение для этой транспортной позиции в таблице 2.1 СанПиН 1.2.3685-21 не установлено.";"";"";""
"2484";"трет-БУТИЛИЗОЦИАНАТ";"";"NOT_ESTABLISHED_FOR_TRANSPORT_POSITION";"Отдельное значение для этой транспортной позиции в таблице 2.1 СанПиН 1.2.3685-21 не установлено.";"";"";""
"2485";"н-БУТИЛИЗОЦИАНАТ";"";"MATCHED_SANPIN_2_1";"1 мг/м³";"435";"Бутилизоцианат";"name"
"2486";"ИЗОБУТИЛИЗОЦИАНАТ";"";"NOT_ESTABLISHED_FOR_TRANSPORT_POSITION";"Отдельное значение для этой транспортной позиции в таблице 2.1 СанПиН 1.2.3685-21 не установлено.";"";"";""
"2487";"ФЕНИЛИЗОЦИАНАТ";"";"MATCHED_SANPIN_2_1";"0,5 мг/м³";"2148";"Фенилизоцианат+";"name"
"2488";"ЦИКЛОГЕКСИЛИЗОЦИАНАТ";"";"NOT_ESTABLISHED_FOR_TRANSPORT_POSITION";"Отдельное значение для этой транспортной позиции в таблице 2.1 СанПиН 1.2.3685-21 не установлено.";"";"";""
"2490";"ЭФИР ДИХЛОРДИИЗОПРОПИЛОВЫЙ";"";"NOT_ESTABLISHED_FOR_TRANSPORT_POSITION";"Отдельное значение для этой транспортной позиции в таблице 2.1 СанПиН 1.2.3685-21 не установлено.";"";"";""
"2491";"ЭТАНОЛАМИН";"";"MATCHED_SANPIN_2_1";"0,5 мг/м³";"165";"2-Аминоэтанол+ (Коламин; моноэтаноламин; этаноламин)";"name"
"2491";"ЭТАНОЛАМИНА РАСТВОР";"";"MATCHED_SANPIN_2_1";"0,5 мг/м³";"165";"2-Аминоэтанол+ (Коламин; моноэтаноламин; этаноламин)";"name"
"2493";"ГЕКСАМЕТИЛЕНИМИН";"";"MATCHED_SANPIN_2_1";"0,5 мг/м³";"486";"Гексагидро-1H-азепин+ (гексаметиленимин; пергидроазепин)";"name"
"2495";"ЙОДА ПЕНТАФТОРИД";"";"NOT_ESTABLISHED_FOR_TRANSPORT_POSITION";"Отдельное значение для этой транспортной позиции в таблице 2.1 СанПиН 1.2.3685-21 не установлено.";"";"";""
"2496";"АНГИДРИД ПРОПИОНОВЫЙ";"";"NOT_ESTABLISHED_FOR_TRANSPORT_POSITION";"Отдельное значение для этой транспортной позиции в таблице 2.1 СанПиН 1.2.3685-21 не установлено.";"";"";""
"2498";"1,2,3,6-ТЕТРАГИДРОБЕНЗАЛЬДЕГИД";"";"MATCHED_SANPIN_2_1";"0,5 мг/м³";"2322";"Циклогекс-3-енкарбальдегид+ (1,2,5,6-тетрагидробензальдегид)";"name"
"2501";"ТРЕТ(1-АЗИРИДИНИЛ) ФОСФИНОКСИДА РАСТВОР";"";"MATCHED_SANPIN_2_1";"- мг/м³";"306";"5-{[4,6-Бис(1-азиридинил)-1,3,5-тиазин-2-ил]амино}-2,2-диметил-1,3-диоксан-5-метанол++ (Диоксадэт)";"name"
"2502";"ВАЛЕРИЛХЛОРИД";"";"NOT_ESTABLISHED_FOR_TRANSPORT_POSITION";"Отдельное значение для этой транспортной позиции в таблице 2.1 СанПиН 1.2.3685-21 не установлено.";"";"";""
"2503";"ЦИРКОНИЯ ТЕТРАХЛОРИД";"";"NOT_ESTABLISHED_FOR_TRANSPORT_POSITION";"Отдельное значение для этой транспортной позиции в таблице 2.1 СанПиН 1.2.3685-21 не установлено.";"";"";""
"2504";"ТЕТРАБРОМЭТАН";"";"MATCHED_SANPIN_2_1";"1 мг/м³";"1920";"Тетрабромэтан";"name"
"2505";"АММОНИЯ ФТОРИД";"";"NOT_ESTABLISHED_FOR_TRANSPORT_POSITION";"Отдельное значение для этой транспортной позиции в таблице 2.1 СанПиН 1.2.3685-21 не установлено.";"";"";""
"2506";"АММОНИЯ ГИДРОСУЛЬФАТ";"";"NOT_ESTABLISHED_FOR_TRANSPORT_POSITION";"Отдельное значение для этой транспортной позиции в таблице 2.1 СанПиН 1.2.3685-21 не установлено.";"";"";""
"2507";"КИСЛОТА ХЛОРПЛАТИНОВАЯ ТВЕРДАЯ";"";"NOT_ESTABLISHED_FOR_TRANSPORT_POSITION";"Отдельное значение для этой транспортной позиции в таблице 2.1 СанПиН 1.2.3685-21 не установлено.";"";"";""
"2508";"МОЛИБДЕНА ПЕНТАХЛОРИД";"";"NOT_ESTABLISHED_FOR_TRANSPORT_POSITION";"Отдельное значение для этой транспортной позиции в таблице 2.1 СанПиН 1.2.3685-21 не установлено.";"";"";""
"2509";"КАЛИЯ ГИДРОСУЛЬФАТ";"";"NOT_ESTABLISHED_FOR_TRANSPORT_POSITION";"Отдельное значение для этой транспортной позиции в таблице 2.1 СанПиН 1.2.3685-21 не установлено.";"";"";""
"2511";"КИСЛОТА 2-ХЛОРПРОПИОНОВАЯ";"";"NOT_ESTABLISHED_FOR_TRANSPORT_POSITION";"Отдельное значение для этой транспортной позиции в таблице 2.1 СанПиН 1.2.3685-21 не установлено.";"";"";""
"2512";"АМИНОФЕНОЛЫ (o-, м-, п-)";"";"MATCHED_SANPIN_2_1";"3/1 мг/м³ (максимальная разовая / среднесменная)";"76";"1-Амино-2-гидроксибензол (о-аминофенол; 2-гидроксианилин)";"name"
"2513";"БРОМАЦЕТИЛБРОМИД";"";"NOT_ESTABLISHED_FOR_TRANSPORT_POSITION";"Отдельное значение для этой транспортной позиции в таблице 2.1 СанПиН 1.2.3685-21 не установлено.";"";"";""
"2514";"БРОМБЕНЗОЛ";"";"MATCHED_SANPIN_2_1";"10/3 мг/м³ (максимальная разовая / среднесменная)";"375";"Бромбензол";"name"
"2515";"БРОМОФОРМ";"";"MATCHED_SANPIN_2_1";"5 мг/м³";"2012";"Трибромметан (Бромоформ)";"name"
"2516";"УГЛЕРОДА ТЕТРАБРОМИД";"";"NOT_ESTABLISHED_FOR_TRANSPORT_POSITION";"Отдельное значение для этой транспортной позиции в таблице 2.1 СанПиН 1.2.3685-21 не установлено.";"";"";""
"2517";"1-ХЛОР-1,1-ДИФТОРЭТАН (ГАЗ РЕФРИЖЕРАТОРНЫЙ R 142b)";"";"NOT_ESTABLISHED_FOR_TRANSPORT_POSITION";"Отдельное значение для этой транспортной позиции в таблице 2.1 СанПиН 1.2.3685-21 не установлено.";"";"";""
"2518";"1,5,9-ЦИКЛОДОДЕКАТРИЕН";"";"NOT_ESTABLISHED_FOR_TRANSPORT_POSITION";"Отдельное значение для этой транспортной позиции в таблице 2.1 СанПиН 1.2.3685-21 не установлено.";"";"";""
"2520";"ЦИКЛООКТАДИЕНЫ";"";"NOT_ESTABLISHED_FOR_TRANSPORT_POSITION";"Отдельное значение для этой транспортной позиции в таблице 2.1 СанПиН 1.2.3685-21 не установлено.";"";"";""
"2521";"ДИКЕТЕН СТАБИЛИЗИРОВАННЫЙ";"";"MATCHED_SANPIN_2_1";"1 мг/м³";"1316";"4-Метиленоксетан-2-он (дикетен; дитолилметан)";"name"
"2522";"2-ДИМЕТИЛАМИНОЭТИЛМЕТАКРИЛАТ";"";"MATCHED_SANPIN_2_1";"80 мг/м³";"737";"Диметиламиноэтил-2-метилпроп-2-еноат+ (диметиламиноэтилметакрилат; диметиламиноэтиловый эфир метакриловой кислоты)";"name"
"2524";"ЭТИЛОРТОФОРМИАТ";"";"NOT_ESTABLISHED_FOR_TRANSPORT_POSITION";"Отдельное значение для этой транспортной позиции в таблице 2.1 СанПиН 1.2.3685-21 не установлено.";"";"";""
"2525";"ЭТИЛОКСАЛАТ";"";"NOT_ESTABLISHED_FOR_TRANSPORT_POSITION";"Отдельное значение для этой транспортной позиции в таблице 2.1 СанПиН 1.2.3685-21 не установлено.";"";"";""
"2526";"ФУРФУРИЛАМИН";"";"NOT_ESTABLISHED_FOR_TRANSPORT_POSITION";"Отдельное значение для этой транспортной позиции в таблице 2.1 СанПиН 1.2.3685-21 не установлено.";"";"";""
"2527";"ИЗОБУТИЛАКРИЛАТСТАБИЛИЗИРОВАННЫЙ";"";"NOT_ESTABLISHED_FOR_TRANSPORT_POSITION";"Отдельное значение для этой транспортной позиции в таблице 2.1 СанПиН 1.2.3685-21 не установлено.";"";"";""
"2528";"ИЗОБУТИЛИЗОБУТИРАТ";"";"NOT_ESTABLISHED_FOR_TRANSPORT_POSITION";"Отдельное значение для этой транспортной позиции в таблице 2.1 СанПиН 1.2.3685-21 не установлено.";"";"";""
"2529";"КИСЛОТА ИЗОМАСЛЯНАЯ";"";"NOT_ESTABLISHED_FOR_TRANSPORT_POSITION";"Отдельное значение для этой транспортной позиции в таблице 2.1 СанПиН 1.2.3685-21 не установлено.";"";"";""
"2531";"КИСЛОТА МЕТАКРИЛОВАЯ СТАБИЛИЗИРОВАННАЯ";"";"MATCHED_SANPIN_2_1";"10 мг/м³";"1380";"2-Метилпроп-2-еновая кислота (метакриловая кислота)";"name"
"2533";"МЕТИЛТРИХЛОРАЦЕТАТ";"";"NOT_ESTABLISHED_FOR_TRANSPORT_POSITION";"Отдельное значение для этой транспортной позиции в таблице 2.1 СанПиН 1.2.3685-21 не установлено.";"";"";""
"2534";"МЕТИЛХЛОРСИЛАН";"";"NOT_ESTABLISHED_FOR_TRANSPORT_POSITION";"Отдельное значение для этой транспортной позиции в таблице 2.1 СанПиН 1.2.3685-21 не установлено.";"";"";""
"2535";"4-МЕТИЛМОРФОЛИН (N-МЕТИЛМОРФОЛИН)";"";"MATCHED_SANPIN_2_1";"15/5 мг/м³ (максимальная разовая / среднесменная)";"1335";"4-Метилморфолин+";"name"
"2536";"МЕТИЛТЕТРАГИДРОФУРАН";"";"NOT_ESTABLISHED_FOR_TRANSPORT_POSITION";"Отдельное значение для этой транспортной позиции в таблице 2.1 СанПиН 1.2.3685-21 не установлено.";"";"";""
"2538";"НИТРОНАФТАЛИН";"";"MATCHED_SANPIN_2_1";"1 мг/м³";"1556";"Нитронафталин";"name"
"2541";"ТЕРПИНОЛЕН";"";"NOT_ESTABLISHED_FOR_TRANSPORT_POSITION";"Отдельное значение для этой транспортной позиции в таблице 2.1 СанПиН 1.2.3685-21 не установлено.";"";"";""
"2542";"ТРИБУТИЛАМИН";"";"MATCHED_SANPIN_2_1";"1 мг/м³";"2013";"Трибутиламин+";"name"
"2545";"ГАФНИЕВЫЙ ПОРОШОК СУХОЙ";"";"NOT_ESTABLISHED_FOR_TRANSPORT_POSITION";"Отдельное значение для этой транспортной позиции в таблице 2.1 СанПиН 1.2.3685-21 не установлено.";"";"";""
"2546";"ТИТАНОВЫЙ ПОРОШОК СУХОЙ";"";"NOT_ESTABLISHED_FOR_TRANSPORT_POSITION";"Отдельное значение для этой транспортной позиции в таблице 2.1 СанПиН 1.2.3685-21 не установлено.";"";"";""
"2547";"НАТРИЯ СУПЕРОКСИД";"";"NOT_ESTABLISHED_FOR_TRANSPORT_POSITION";"Отдельное значение для этой транспортной позиции в таблице 2.1 СанПиН 1.2.3685-21 не установлено.";"";"";""
"2548";"ХЛОРА ПЕНТАФТОРИД";"";"NOT_ESTABLISHED_FOR_TRANSPORT_POSITION";"Отдельное значение для этой транспортной позиции в таблице 2.1 СанПиН 1.2.3685-21 не установлено.";"";"";""
"2552";"ГЕКСАФТОРАЦЕТОНГИДРАТ ЖИДКИЙ";"";"NOT_ESTABLISHED_FOR_TRANSPORT_POSITION";"Отдельное значение для этой транспортной позиции в таблице 2.1 СанПиН 1.2.3685-21 не установлено.";"";"";""
"2554";"МЕТИЛАЛЛИЛХЛОРИД";"";"NOT_ESTABLISHED_FOR_TRANSPORT_POSITION";"Отдельное значение для этой транспортной позиции в таблице 2.1 СанПиН 1.2.3685-21 не установлено.";"";"";""
"2555";"НИТРОЦЕЛЛЮЛОЗА, СОДЕРЖАЩАЯ ВОДУ (с массовой долей воды не менее 25%)";"";"NOT_ESTABLISHED_FOR_TRANSPORT_POSITION";"Отдельное значение для этой транспортной позиции в таблице 2.1 СанПиН 1.2.3685-21 не установлено.";"";"";""
"2556";"НИТРОЦЕЛЛЮЛОЗА, СОДЕРЖАЩАЯ СПИРТ (с массовой долей спирта не менее 25% и азота не более 12,6% на сухую массу)";"";"NOT_ESTABLISHED_FOR_TRANSPORT_POSITION";"Отдельное значение для этой транспортной позиции в таблице 2.1 СанПиН 1.2.3685-21 не установлено.";"";"";""
"2557";"НИТРОЦЕЛЛЮЛОЗА с массовой долей азота не более 12,6% на сухую массу — СМЕСЬ С БЕЗ ПЛАСТИФИЦИРУЮЩЕГО ВЕЩЕСТВА";"";"NOT_ESTABLISHED_FOR_TRANSPORT_POSITION";"Единая ПДК не устанавливается: контролируется по компонентному составу.";"";"";""
"2557";"НИТРОЦЕЛЛЮЛОЗА с массовой долей азота не более 12,6% на сухую массу — СМЕСЬ С БЕЗ ПИГМЕНТА";"";"NOT_ESTABLISHED_FOR_TRANSPORT_POSITION";"Единая ПДК не устанавливается: контролируется по компонентному составу.";"";"";""
"2558";"ЭПИБРОМГИДРИН";"";"NOT_ESTABLISHED_FOR_TRANSPORT_POSITION";"Отдельное значение для этой транспортной позиции в таблице 2.1 СанПиН 1.2.3685-21 не установлено.";"";"";""
"2560";"2-МЕТИЛПЕНТАНОЛ-2";"";"NOT_ESTABLISHED_FOR_TRANSPORT_POSITION";"Отдельное значение для этой транспортной позиции в таблице 2.1 СанПиН 1.2.3685-21 не установлено.";"";"";""
"2561";"3-МЕТИЛБУТЕН-1";"";"NOT_ESTABLISHED_FOR_TRANSPORT_POSITION";"Отдельное значение для этой транспортной позиции в таблице 2.1 СанПиН 1.2.3685-21 не установлено.";"";"";""
"2564";"КИСЛОТЫ ТРИХЛОРУКСУСНОЙ РАСТВОР";"";"MATCHED_SANPIN_2_1";"5 мг/м³";"2107";"Трихлорэтановая кислота+ (трихлоруксусная кислота)";"name"
"2565";"ДИЦИКЛОГЕКСИЛАМИН";"";"NOT_ESTABLISHED_FOR_TRANSPORT_POSITION";"Отдельное значение для этой транспортной позиции в таблице 2.1 СанПиН 1.2.3685-21 не установлено.";"";"";""
"2567";"НАТРИЯ ПЕНТАХЛОРФЕНОЛЯТ";"";"MATCHED_SANPIN_2_1";"0,1 мг/м³";"1673";"Пентахлорфенолят натрия+";"name"
"2570";"КАДМИЯ СОЕДИНЕНИЕ";"";"NOT_ESTABLISHED_FOR_TRANSPORT_POSITION";"Отдельное значение для этой транспортной позиции в таблице 2.1 СанПиН 1.2.3685-21 не установлено.";"";"";""
"2571";"КИСЛОТЫ АЛКИЛСЕРНЫЕ";"";"NOT_ESTABLISHED_FOR_TRANSPORT_POSITION";"Отдельное значение для этой транспортной позиции в таблице 2.1 СанПиН 1.2.3685-21 не установлено.";"";"";""
"2572";"ФЕНИЛГИДРАЗИН";"";"MATCHED_SANPIN_2_1";"0,1 мг/м³";"2142";"Фенилгидразин гидрохлорид (фенилгидразин солянокислый)";"name"
"2573";"ТАЛЛИЯ (I) ХЛОРАТ";"";"NOT_ESTABLISHED_FOR_TRANSPORT_POSITION";"Отдельное значение для этой транспортной позиции в таблице 2.1 СанПиН 1.2.3685-21 не установлено.";"";"";""
"2574";"ТРИКРЕЗИЛФОСФАТ, содержащий более 3% ортоизомера";"";"NOT_ESTABLISHED_FOR_TRANSPORT_POSITION";"Отдельное значение для этой транспортной позиции в таблице 2.1 СанПиН 1.2.3685-21 не установлено.";"";"";""
"2576";"ФОСФОРА ОКСИБРОМИД РАСПЛАВЛЕННЫЙ";"";"NOT_ESTABLISHED_FOR_TRANSPORT_POSITION";"Отдельное значение для этой транспортной позиции в таблице 2.1 СанПиН 1.2.3685-21 не установлено.";"";"";""
"2577";"ФЕНИЛАЦЕТИЛХЛОРИД";"";"NOT_ESTABLISHED_FOR_TRANSPORT_POSITION";"Отдельное значение для этой транспортной позиции в таблице 2.1 СанПиН 1.2.3685-21 не установлено.";"";"";""
"2578";"ФОСФОРА ТРИОКСИД";"";"NOT_ESTABLISHED_FOR_TRANSPORT_POSITION";"Отдельное значение для этой транспортной позиции в таблице 2.1 СанПиН 1.2.3685-21 не установлено.";"";"";""
"2579";"ПИПЕРАЗИН";"";"MATCHED_SANPIN_2_1";"1 мг/м³";"1681";"Пиперазин";"name"
"2580";"АЛЮМИНИЯ БРОМИДА РАСТВОР";"";"NOT_ESTABLISHED_FOR_TRANSPORT_POSITION";"Отдельное значение для этой транспортной позиции в таблице 2.1 СанПиН 1.2.3685-21 не установлено.";"";"";""
"2581";"АЛЮМИНИЯ ХЛОРИДА РАСТВОР";"";"NOT_ESTABLISHED_FOR_TRANSPORT_POSITION";"Отдельное значение для этой транспортной позиции в таблице 2.1 СанПиН 1.2.3685-21 не установлено.";"";"";""
"2582";"ЖЕЛЕЗА (III) ХЛОРИДА РАСТВОР";"";"NOT_ESTABLISHED_FOR_TRANSPORT_POSITION";"Отдельное значение для этой транспортной позиции в таблице 2.1 СанПиН 1.2.3685-21 не установлено.";"";"";""
"2583";"АЛКИЛСУЛЬФОКИСЛОТЫ ТВЕРДЫЕ, содержащие более 5% свободной серной кислоты";"";"MATCHED_SANPIN_2_1";"1 мг/м³";"1845";"Серная кислота+";"name"
"2583";"АРИЛСУЛЬФОКИСЛОТЫ ТВЕРДЫЕ, содержащие более 5% свободной серной кислоты";"";"MATCHED_SANPIN_2_1";"1 мг/м³";"1845";"Серная кислота+";"name"
"2584";"АЛКИЛСУЛЬФОКИСЛОТЫ ЖИДКИЕ, содержащие более 5% свободной серной кислоты";"";"MATCHED_SANPIN_2_1";"1 мг/м³";"1845";"Серная кислота+";"name"
"2584";"АРИЛСУЛЬФОКИСЛОТЫ ЖИДКИЕ, содержащие более 5% свободной серной кислоты";"";"MATCHED_SANPIN_2_1";"1 мг/м³";"1845";"Серная кислота+";"name"
"2585";"АЛКИЛСУЛЬФОКИСЛОТЫ ТВЕРДЫЕ, содержащие не более 5% свободной серной кислоты";"";"MATCHED_SANPIN_2_1";"1 мг/м³";"1845";"Серная кислота+";"name"
"2585";"АРИЛСУЛЬФОКИСЛОТЫ ТВЕРДЫЕ, содержащие не более 5% свободной серной кислоты";"";"MATCHED_SANPIN_2_1";"1 мг/м³";"1845";"Серная кислота+";"name"
"2586";"АЛКИЛСУЛЬФОКИСЛОТЫ ЖИДКИЕ, содержащие не более 5% свободной серной кислоты";"";"MATCHED_SANPIN_2_1";"1 мг/м³";"1845";"Серная кислота+";"name"
"2586";"АРИЛСУЛЬФО-КИСЛОТЫ ЖИДКИЕ, содержащие не более 5% свободной серной кислоты";"";"MATCHED_SANPIN_2_1";"1 мг/м³";"1845";"Серная кислота+";"name"
"2587";"БЕНЗОХИНОН";"";"MATCHED_SANPIN_2_1";"2 мг/м³";"1967";"2,3,5,6-Тетрахлорциклогекса-2,5-диен-1,4-дион (2,3,5,6-тетрахлор-1,4-бензохинон; Хлоранил)";"name"
"2588";"ПЕСТИЦИД ТВЕРДЫЙ ТОКСИЧНЫЙ, Н.У.К.";"";"NOT_ESTABLISHED_FOR_TRANSPORT_POSITION";"Единая ПДК не устанавливается: контролируется по компонентному составу.";"";"";""
"2589";"ВИНИЛХЛОРАЦЕТАТ";"";"NOT_ESTABLISHED_FOR_TRANSPORT_POSITION";"Отдельное значение для этой транспортной позиции в таблице 2.1 СанПиН 1.2.3685-21 не установлено.";"";"";""
"2590";"АСБЕСТ ХРИЗОТИЛОВЫЙ";"";"NOT_ESTABLISHED_FOR_TRANSPORT_POSITION";"Отдельное значение для этой транспортной позиции в таблице 2.1 СанПиН 1.2.3685-21 не установлено.";"";"";""
"2591";"КСЕНОН ОХЛАЖДЕННЫЙ ЖИДКИЙ";"";"NOT_ESTABLISHED_FOR_TRANSPORT_POSITION";"Отдельное значение для этой транспортной позиции в таблице 2.1 СанПиН 1.2.3685-21 не установлено.";"";"";""
"2599";"ТРИФТОРХЛОРМЕТАНА И ФТОРОФОРМА АЗЕОТРОПНАЯ СМЕСЬ, содержащая приблизительно 60% трифторхлорметана (ГАЗ РЕФРИЖЕРАТОРНЫЙ R 503)";"";"NOT_ESTABLISHED_FOR_TRANSPORT_POSITION";"Единая ПДК не устанавливается: контролируется по компонентному составу.";"";"";""
"2601";"ЦИКЛОБУТАН";"";"MATCHED_SANPIN_2_1";"0,5 мг/м³";"347";"2,2-Бис(хлорметил)циклобутан-1-он+";"name"
"2602";"ДИХЛОРДИФТОРМЕТАНА И ДИФТОРЭТАНА АЗЕОТРОПНАЯ СМЕСЬ, содержащая приблизительно 74% дихлордифторметана (ГАЗ РЕФРИЖЕРАТОРНЫЙ R 500)";"";"NOT_ESTABLISHED_FOR_TRANSPORT_POSITION";"Единая ПДК не устанавливается: контролируется по компонентному составу.";"";"";""
"2603";"ЦИКЛОГЕПТАТРИЕН";"";"NOT_ESTABLISHED_FOR_TRANSPORT_POSITION";"Отдельное значение для этой транспортной позиции в таблице 2.1 СанПиН 1.2.3685-21 не установлено.";"";"";""
"2604";"ЭФИР БОРТРИФТОРДИЭТИЛОВЫЙ";"";"NOT_ESTABLISHED_FOR_TRANSPORT_POSITION";"Отдельное значение для этой транспортной позиции в таблице 2.1 СанПиН 1.2.3685-21 не установлено.";"";"";""
"2605";"МЕТОКСИМЕТИЛИЗОЦИАНАТ";"";"NOT_ESTABLISHED_FOR_TRANSPORT_POSITION";"Отдельное значение для этой транспортной позиции в таблице 2.1 СанПиН 1.2.3685-21 не установлено.";"";"";""
"2606";"МЕТИЛОРТОСИЛИКАТ";"";"NOT_ESTABLISHED_FOR_TRANSPORT_POSITION";"Отдельное значение для этой транспортной позиции в таблице 2.1 СанПиН 1.2.3685-21 не установлено.";"";"";""
"2607";"АКРОЛЕИНА ДИМЕР СТАБИЛИЗИРОВАННЫЙ";"";"NOT_ESTABLISHED_FOR_TRANSPORT_POSITION";"Отдельное значение для этой транспортной позиции в таблице 2.1 СанПиН 1.2.3685-21 не установлено.";"";"";""
"2608";"НИТРОПРОПАНЫ";"";"MATCHED_SANPIN_2_1";"30 мг/м³";"1558";"Нитропропан";"name"
"2609";"ТРИАЛЛИЛБОРАТ";"";"NOT_ESTABLISHED_FOR_TRANSPORT_POSITION";"Отдельное значение для этой транспортной позиции в таблице 2.1 СанПиН 1.2.3685-21 не установлено.";"";"";""
"2610";"ТРИАЛЛИЛАМИН";"";"MATCHED_SANPIN_2_1";"2 мг/м³";"2044";"Три (проп-1-енил) амин+ (триаллиламин)";"name"
"2611";"ПРОПИЛЕНХЛОРГИДРИН";"";"NOT_ESTABLISHED_FOR_TRANSPORT_POSITION";"Отдельное значение для этой транспортной позиции в таблице 2.1 СанПиН 1.2.3685-21 не установлено.";"";"";""
"2612";"ЭФИР МЕТИЛПРОПИЛОВЫЙ";"";"NOT_ESTABLISHED_FOR_TRANSPORT_POSITION";"Отдельное значение для этой транспортной позиции в таблице 2.1 СанПиН 1.2.3685-21 не установлено.";"";"";""
"2614";"СПИРТ МЕТАЛЛИЛОВЫЙ";"";"NOT_ESTABLISHED_FOR_TRANSPORT_POSITION";"Отдельное значение для этой транспортной позиции в таблице 2.1 СанПиН 1.2.3685-21 не установлено.";"";"";""
"2615";"ЭФИР ЭТИЛПРОПИЛОВЫЙ";"";"NOT_ESTABLISHED_FOR_TRANSPORT_POSITION";"Отдельное значение для этой транспортной позиции в таблице 2.1 СанПиН 1.2.3685-21 не установлено.";"";"";""
"2616";"ТРИИЗОПРОПИЛБОРАТ";"";"NOT_ESTABLISHED_FOR_TRANSPORT_POSITION";"Отдельное значение для этой транспортной позиции в таблице 2.1 СанПиН 1.2.3685-21 не установлено.";"";"";""
"2617";"МЕТИЛЦИКЛОГЕКСАНОЛЫ легковоспламеняющиеся";"";"NOT_ESTABLISHED_FOR_TRANSPORT_POSITION";"Отдельное значение для этой транспортной позиции в таблице 2.1 СанПиН 1.2.3685-21 не установлено.";"";"";""
"2618";"винилтолуолы стабилизированные";"";"NOT_ESTABLISHED_FOR_TRANSPORT_POSITION";"Отдельное значение для этой транспортной позиции в таблице 2.1 СанПиН 1.2.3685-21 не установлено.";"";"";""
"2619";"ДИМЕТИЛБЕНЗИЛАМИН";"";"MATCHED_SANPIN_2_1";"5 мг/м³";"260";"Бензилдиметиламин (диметилбензиламин)";"name"
"2620";"АМИЛБУТИРАТЫ";"";"NOT_ESTABLISHED_FOR_TRANSPORT_POSITION";"Отдельное значение для этой транспортной позиции в таблице 2.1 СанПиН 1.2.3685-21 не установлено.";"";"";""
"2621";"АЦЕТИЛМЕТИЛКАРБИНОЛ";"";"NOT_ESTABLISHED_FOR_TRANSPORT_POSITION";"Отдельное значение для этой транспортной позиции в таблице 2.1 СанПиН 1.2.3685-21 не установлено.";"";"";""
"2622";"ГЛИЦИДАЛЬДЕГИД";"";"NOT_ESTABLISHED_FOR_TRANSPORT_POSITION";"Отдельное значение для этой транспортной позиции в таблице 2.1 СанПиН 1.2.3685-21 не установлено.";"";"";""
"2623";"ЗАЖИГАТЕЛЬНОЕ ПРИСПОСОБЛЕНИЕ ТВЕРДОЕ, содержащее легковоспламеняющуюся жидкость";"";"NOT_ESTABLISHED_FOR_TRANSPORT_POSITION";"Отдельное значение для этой транспортной позиции в таблице 2.1 СанПиН 1.2.3685-21 не установлено.";"";"";""
"2624";"МАГНИЯ СИЛИЦИД";"";"NOT_ESTABLISHED_FOR_TRANSPORT_POSITION";"Отдельное значение для этой транспортной позиции в таблице 2.1 СанПиН 1.2.3685-21 не установлено.";"";"";""
"2626";"КИСЛОТЫ ХЛОРНОВАТОЙ ВОДНЫЙ РАСТВОР, содержащий не более 10% хлорноватой кислоты";"";"NOT_ESTABLISHED_FOR_TRANSPORT_POSITION";"Отдельное значение для этой транспортной позиции в таблице 2.1 СанПиН 1.2.3685-21 не установлено.";"";"";""
"2627";"НИТРИТЫ НЕОРГАНИЧЕСКИЕ, Н.У.К.";"";"NOT_ESTABLISHED_FOR_TRANSPORT_POSITION";"Единая ПДК не устанавливается: контролируется по компонентному составу.";"";"";""
"2628";"КАЛИЯ ФТОРАЦЕТАТ";"";"NOT_ESTABLISHED_FOR_TRANSPORT_POSITION";"Отдельное значение для этой транспортной позиции в таблице 2.1 СанПиН 1.2.3685-21 не установлено.";"";"";""
"2629";"НАТРИЯ ФТОРАЦЕТАТ";"";"NOT_ESTABLISHED_FOR_TRANSPORT_POSITION";"Отдельное значение для этой транспортной позиции в таблице 2.1 СанПиН 1.2.3685-21 не установлено.";"";"";""
"2630";"СЕЛЕНАТЫ";"";"NOT_ESTABLISHED_FOR_TRANSPORT_POSITION";"Отдельное значение для этой транспортной позиции в таблице 2.1 СанПиН 1.2.3685-21 не установлено.";"";"";""
"2630";"СЕЛЕНИТЫ";"";"NOT_ESTABLISHED_FOR_TRANSPORT_POSITION";"Отдельное значение для этой транспортной позиции в таблице 2.1 СанПиН 1.2.3685-21 не установлено.";"";"";""
"2642";"КИСЛОТА ФТОРУКСУСНАЯ";"";"NOT_ESTABLISHED_FOR_TRANSPORT_POSITION";"Отдельное значение для этой транспортной позиции в таблице 2.1 СанПиН 1.2.3685-21 не установлено.";"";"";""
"2643";"МЕТИЛБРОМАЦЕТАТ";"";"NOT_ESTABLISHED_FOR_TRANSPORT_POSITION";"Отдельное значение для этой транспортной позиции в таблице 2.1 СанПиН 1.2.3685-21 не установлено.";"";"";""
"2644";"МЕТИЛЙОДИД";"";"NOT_ESTABLISHED_FOR_TRANSPORT_POSITION";"Отдельное значение для этой транспортной позиции в таблице 2.1 СанПиН 1.2.3685-21 не установлено.";"";"";""
"2645";"ФЕНАЦИЛБРОМИД";"";"NOT_ESTABLISHED_FOR_TRANSPORT_POSITION";"Отдельное значение для этой транспортной позиции в таблице 2.1 СанПиН 1.2.3685-21 не установлено.";"";"";""
"2646";"ГЕКСАХЛОРЦИКЛОПЕНТАДИЕН";"";"MATCHED_SANPIN_2_1";"0,01 мг/м³";"506";"1,2,3,4,5,5-Гексахлорциклопента-1,3-диен+ (гексахлорциклопентадиен; перхлорциклопентадиен)";"name"
"2647";"МАЛОНОНИТРИЛ";"";"NOT_ESTABLISHED_FOR_TRANSPORT_POSITION";"Отдельное значение для этой транспортной позиции в таблице 2.1 СанПиН 1.2.3685-21 не установлено.";"";"";""
"2648";"1,2-ДИБРОМБУТАНОН-3";"";"NOT_ESTABLISHED_FOR_TRANSPORT_POSITION";"Отдельное значение для этой транспортной позиции в таблице 2.1 СанПиН 1.2.3685-21 не установлено.";"";"";""
"2649";"1,3-ДИХЛОРАЦЕТОН";"";"NOT_ESTABLISHED_FOR_TRANSPORT_POSITION";"Отдельное значение для этой транспортной позиции в таблице 2.1 СанПиН 1.2.3685-21 не установлено.";"";"";""
"2650";"1,1-ДИХЛОР-1-НИТРОЭТАН";"";"NOT_ESTABLISHED_FOR_TRANSPORT_POSITION";"Отдельное значение для этой транспортной позиции в таблице 2.1 СанПиН 1.2.3685-21 не установлено.";"";"";""
"2651";"4,4-ДИАМИНОДИФЕНИЛМЕТАН";"";"MATCHED_SANPIN_2_1";"3/1 мг/м³ (максимальная разовая / среднесменная)";"1311";"Метиленди (аминобензол) (смесь изомеров 4,4-2,4-2,2-) (диаминодифенилметан; метилендианилин)";"name"
"2653";"БЕНЗИЛЙОДИД";"";"NOT_ESTABLISHED_FOR_TRANSPORT_POSITION";"Отдельное значение для этой транспортной позиции в таблице 2.1 СанПиН 1.2.3685-21 не установлено.";"";"";""
"2655";"КАЛИЯ ФТОРОСИЛИКАТ";"";"NOT_ESTABLISHED_FOR_TRANSPORT_POSITION";"Отдельное значение для этой транспортной позиции в таблице 2.1 СанПиН 1.2.3685-21 не установлено.";"";"";""
"2656";"ХИНОЛИН";"";"MATCHED_SANPIN_2_1";"0,5/0,1 мг/м³ (максимальная разовая / среднесменная)";"2216";"Хинолин";"name"
"2657";"СЕЛЕНА ДИСУЛЬФИД";"";"NOT_ESTABLISHED_FOR_TRANSPORT_POSITION";"Отдельное значение для этой транспортной позиции в таблице 2.1 СанПиН 1.2.3685-21 не установлено.";"";"";""
"2659";"НАТРИЯ ХЛОРАЦЕТАТ";"";"MATCHED_SANPIN_2_1";"0,5 мг/м³";"2219";"Хлорацетат натрия+ (хлоруксусной кислоты натриевая соль)";"name"
"2660";"НИТРОТОЛУИДИНЫ (МОНО-)";"";"NOT_ESTABLISHED_FOR_TRANSPORT_POSITION";"Отдельное значение для этой транспортной позиции в таблице 2.1 СанПиН 1.2.3685-21 не установлено.";"";"";""
"2661";"ГЕКСАХЛОРАЦЕТОН";"";"NOT_ESTABLISHED_FOR_TRANSPORT_POSITION";"Отдельное значение для этой транспортной позиции в таблице 2.1 СанПиН 1.2.3685-21 не установлено.";"";"";""
"2664";"ДИБРОММЕТАН";"";"MATCHED_SANPIN_2_1";"10 мг/м³";"666";"Дибромметан (метиленбромид)";"name"
"2667";"БУТИЛТОЛУОЛЫ";"";"NOT_ESTABLISHED_FOR_TRANSPORT_POSITION";"Отдельное значение для этой транспортной позиции в таблице 2.1 СанПиН 1.2.3685-21 не установлено.";"";"";""
"2668";"ХЛОРАЦЕТОНИТРИЛ";"";"NOT_ESTABLISHED_FOR_TRANSPORT_POSITION";"Отдельное значение для этой транспортной позиции в таблице 2.1 СанПиН 1.2.3685-21 не установлено.";"";"";""
"2669";"ХЛОРКРЕЗОЛОВ РАСТВОР";"";"NOT_ESTABLISHED_FOR_TRANSPORT_POSITION";"Отдельное значение для этой транспортной позиции в таблице 2.1 СанПиН 1.2.3685-21 не установлено.";"";"";""
"2670";"ЦИАНУРХЛОРИД";"";"MATCHED_SANPIN_2_1";"0,1 мг/м³";"2102";"2,4,6-Трихлор-1,3,5-триазин (цианурхлорид)";"name"
"2671";"АМИНОПИРИДИНЫ (о-, м-, п-)";"";"NOT_ESTABLISHED_FOR_TRANSPORT_POSITION";"Отдельное значение для этой транспортной позиции в таблице 2.1 СанПиН 1.2.3685-21 не установлено.";"";"";""
"2672";"АММИАКА РАСТВОР в воде с относительной плотностью от 0,880 до 0,957 при температуре 15° С, содержащий более 10%, но не более 35% аммиака";"";"NOT_ESTABLISHED_FOR_TRANSPORT_POSITION";"Отдельное значение для этой транспортной позиции в таблице 2.1 СанПиН 1.2.3685-21 не установлено.";"";"";""
"2673";"2-АМИНО-4-ХЛОРФЕНОЛ";"";"NOT_ESTABLISHED_FOR_TRANSPORT_POSITION";"Отдельное значение для этой транспортной позиции в таблице 2.1 СанПиН 1.2.3685-21 не установлено.";"";"";""
"2674";"НАТРИЯ ФТОРСИЛИКАТ";"";"NOT_ESTABLISHED_FOR_TRANSPORT_POSITION";"Отдельное значение для этой транспортной позиции в таблице 2.1 СанПиН 1.2.3685-21 не установлено.";"";"";""
"2676";"СТИБИН";"";"NOT_ESTABLISHED_FOR_TRANSPORT_POSITION";"Отдельное значение для этой транспортной позиции в таблице 2.1 СанПиН 1.2.3685-21 не установлено.";"";"";""
"2677";"РУБИДИЯ ГИДРОКСИДА РАСТВОР";"";"NOT_ESTABLISHED_FOR_TRANSPORT_POSITION";"Отдельное значение для этой транспортной позиции в таблице 2.1 СанПиН 1.2.3685-21 не установлено.";"";"";""
"2678";"РУБИДИЯ ГИДРОКСИД";"";"NOT_ESTABLISHED_FOR_TRANSPORT_POSITION";"Отдельное значение для этой транспортной позиции в таблице 2.1 СанПиН 1.2.3685-21 не установлено.";"";"";""
"2679";"ЛИТИЯ ГИДРОКСИДА РАСТВОР";"";"NOT_ESTABLISHED_FOR_TRANSPORT_POSITION";"Отдельное значение для этой транспортной позиции в таблице 2.1 СанПиН 1.2.3685-21 не установлено.";"";"";""
"2680";"ЛИТИЯ ГИДРОКСИД";"";"NOT_ESTABLISHED_FOR_TRANSPORT_POSITION";"Отдельное значение для этой транспортной позиции в таблице 2.1 СанПиН 1.2.3685-21 не установлено.";"";"";""
"2681";"ЦЕЗИЯ ГИДРОКСИДА РАСТВОР";"";"NOT_ESTABLISHED_FOR_TRANSPORT_POSITION";"Отдельное значение для этой транспортной позиции в таблице 2.1 СанПиН 1.2.3685-21 не установлено.";"";"";""
"2682";"ЦЕЗИЯ ГИДРОКСИД";"";"NOT_ESTABLISHED_FOR_TRANSPORT_POSITION";"Отдельное значение для этой транспортной позиции в таблице 2.1 СанПиН 1.2.3685-21 не установлено.";"";"";""
"2683";"АММОНИЯ СУЛЬФИДА РАСТВОР";"";"NOT_ESTABLISHED_FOR_TRANSPORT_POSITION";"Отдельное значение для этой транспортной позиции в таблице 2.1 СанПиН 1.2.3685-21 не установлено.";"";"";""
"2684";"3-ДИЭТИЛАМИНОПРОПИЛАМИН";"";"NOT_ESTABLISHED_FOR_TRANSPORT_POSITION";"Отдельное значение для этой транспортной позиции в таблице 2.1 СанПиН 1.2.3685-21 не установлено.";"";"";""
"2685";"М,М-ДИЭТИЛЭТИЛЕНДИАМИН";"";"NOT_ESTABLISHED_FOR_TRANSPORT_POSITION";"Отдельное значение для этой транспортной позиции в таблице 2.1 СанПиН 1.2.3685-21 не установлено.";"";"";""
"2686";"2-ДИЭТИЛЭТАНОЛАМИН";"";"NOT_ESTABLISHED_FOR_TRANSPORT_POSITION";"Отдельное значение для этой транспортной позиции в таблице 2.1 СанПиН 1.2.3685-21 не установлено.";"";"";""
"2687";"ДИЦИКЛОГЕКСИЛАММОНИЯ НИТРИТ";"";"NOT_ESTABLISHED_FOR_TRANSPORT_POSITION";"Отдельное значение для этой транспортной позиции в таблице 2.1 СанПиН 1.2.3685-21 не установлено.";"";"";""
"2688";"1-БРОМ-3-ХЛОРПРОПАН";"";"MATCHED_SANPIN_2_1";"3 мг/м³";"400";"1-Бром-3-хлорпропан";"name"
"2689";"ГЛИЦЕРИНА альфа-ХЛОРГИДРИН";"";"NOT_ESTABLISHED_FOR_TRANSPORT_POSITION";"Отдельное значение для этой транспортной позиции в таблице 2.1 СанПиН 1.2.3685-21 не установлено.";"";"";""
"2690";"М,н-БУТИЛИМИДАЗОЛ";"";"NOT_ESTABLISHED_FOR_TRANSPORT_POSITION";"Отдельное значение для этой транспортной позиции в таблице 2.1 СанПиН 1.2.3685-21 не установлено.";"";"";""
"2691";"ФОСФОРА ПЕНТАБРОМИД";"";"NOT_ESTABLISHED_FOR_TRANSPORT_POSITION";"Отдельное значение для этой транспортной позиции в таблице 2.1 СанПиН 1.2.3685-21 не установлено.";"";"";""
"2692";"БОРА ТРИБРОМИД";"";"MATCHED_SANPIN_2_1";"2 мг/м³";"366";"Бор трибромид+ /контроль по гидробромиду/ (бор трибромистый)";"name"
"2693";"БИСУЛЬФИТОВ ВОДНЫЙ РАСТВОР, Н.У.К.";"";"NOT_ESTABLISHED_FOR_TRANSPORT_POSITION";"Единая ПДК не устанавливается: контролируется по компонентному составу.";"";"";""
"2698";"АНГИДРИДЫ ТЕТРАГИДРОФТАЛЕВЫЕ, содержащие более 0,05% малеинового ангидрида";"";"NOT_ESTABLISHED_FOR_TRANSPORT_POSITION";"Отдельное значение для этой транспортной позиции в таблице 2.1 СанПиН 1.2.3685-21 не установлено.";"";"";""
"2699";"КИСЛОТА ТРИФТОРУКСУСНАЯ";"";"MATCHED_SANPIN_2_1";"2 мг/м³";"2072";"Трифторэтановая кислота+ (трифторуксусная кислота)";"name"
"2705";"ПЕНТОЛ-1";"";"NOT_ESTABLISHED_FOR_TRANSPORT_POSITION";"Отдельное значение для этой транспортной позиции в таблице 2.1 СанПиН 1.2.3685-21 не установлено.";"";"";""
"2707";"ДИМЕТИЛДИОКСАНЫ";"";"NOT_ESTABLISHED_FOR_TRANSPORT_POSITION";"Отдельное значение для этой транспортной позиции в таблице 2.1 СанПиН 1.2.3685-21 не установлено.";"";"";""
"2709";"БУТИЛБЕНЗОЛЫ";"";"NOT_ESTABLISHED_FOR_TRANSPORT_POSITION";"Отдельное значение для этой транспортной позиции в таблице 2.1 СанПиН 1.2.3685-21 не установлено.";"";"";""
"2710";"ДИПРОПИЛКЕТОН";"";"NOT_ESTABLISHED_FOR_TRANSPORT_POSITION";"Отдельное значение для этой транспортной позиции в таблице 2.1 СанПиН 1.2.3685-21 не установлено.";"";"";""
"2713";"АКРИДИН";"";"MATCHED_SANPIN_2_1";"10 мг/м³";"272";"20Н-Бензо[6,7]бензимидазоло[2,3,3а,4-fgh]нафто["",3""6',7']карбазоло'3""-6,7нафто-[1,8а,8-mna]акридин-5,10,14,19(5Н,10Н,14Н,19Н)тетрон";"name"
"2714";"ЦИНКА РЕЗИНАТ";"";"NOT_ESTABLISHED_FOR_TRANSPORT_POSITION";"Отдельное значение для этой транспортной позиции в таблице 2.1 СанПиН 1.2.3685-21 не установлено.";"";"";""
"2715";"АЛЮМИНИЯ РЕЗИНАТ";"";"NOT_ESTABLISHED_FOR_TRANSPORT_POSITION";"Отдельное значение для этой транспортной позиции в таблице 2.1 СанПиН 1.2.3685-21 не установлено.";"";"";""
"2716";"БУТИНДИОЛ-1,4";"";"NOT_ESTABLISHED_FOR_TRANSPORT_POSITION";"Отдельное значение для этой транспортной позиции в таблице 2.1 СанПиН 1.2.3685-21 не установлено.";"";"";""
"2717";"КАМФАРА синтетическая";"";"NOT_ESTABLISHED_FOR_TRANSPORT_POSITION";"Отдельное значение для этой транспортной позиции в таблице 2.1 СанПиН 1.2.3685-21 не установлено.";"";"";""
"2719";"БАРИЯ БРОМАТ";"";"NOT_ESTABLISHED_FOR_TRANSPORT_POSITION";"Отдельное значение для этой транспортной позиции в таблице 2.1 СанПиН 1.2.3685-21 не установлено.";"";"";""
"2720";"ХРОМА (III) НИТРАТ";"";"NOT_ESTABLISHED_FOR_TRANSPORT_POSITION";"Отдельное значение для этой транспортной позиции в таблице 2.1 СанПиН 1.2.3685-21 не установлено.";"";"";""
"2721";"МЕДИ (III) ХЛОРАТ";"";"NOT_ESTABLISHED_FOR_TRANSPORT_POSITION";"Отдельное значение для этой транспортной позиции в таблице 2.1 СанПиН 1.2.3685-21 не установлено.";"";"";""
"2722";"ЛИТИЯ НИТРАТ";"";"NOT_ESTABLISHED_FOR_TRANSPORT_POSITION";"Отдельное значение для этой транспортной позиции в таблице 2.1 СанПиН 1.2.3685-21 не установлено.";"";"";""
"2723";"МАГНИЯ ХЛОРАТ";"";"NOT_ESTABLISHED_FOR_TRANSPORT_POSITION";"Отдельное значение для этой транспортной позиции в таблице 2.1 СанПиН 1.2.3685-21 не установлено.";"";"";""
"2724";"МАРГАНЦА (II) НИТРАТ";"";"NOT_ESTABLISHED_FOR_TRANSPORT_POSITION";"Отдельное значение для этой транспортной позиции в таблице 2.1 СанПиН 1.2.3685-21 не установлено.";"";"";""
"2725";"НИКЕЛЯ (II) НИТРАТ";"";"NOT_ESTABLISHED_FOR_TRANSPORT_POSITION";"Отдельное значение для этой транспортной позиции в таблице 2.1 СанПиН 1.2.3685-21 не установлено.";"";"";""
"2726";"НИКЕЛЯ (II) НИТРИТ";"";"NOT_ESTABLISHED_FOR_TRANSPORT_POSITION";"Отдельное значение для этой транспортной позиции в таблице 2.1 СанПиН 1.2.3685-21 не установлено.";"";"";""
"2727";"ТАЛЛИЯ (I) НИТРАТ";"";"NOT_ESTABLISHED_FOR_TRANSPORT_POSITION";"Отдельное значение для этой транспортной позиции в таблице 2.1 СанПиН 1.2.3685-21 не установлено.";"";"";""
"2728";"ЦИРКОНИЯ НИТРАТ";"";"NOT_ESTABLISHED_FOR_TRANSPORT_POSITION";"Отдельное значение для этой транспортной позиции в таблице 2.1 СанПиН 1.2.3685-21 не установлено.";"";"";""
"2729";"ГЕКСАХЛОРБЕНЗОЛ";"";"MATCHED_SANPIN_2_1";"0,9/0,3 мг/м³ (максимальная разовая / среднесменная)";"499";"Гексахлорбензол+";"name"
"2730";"НИТРОАНИЗОЛЫ ЖИДКИЕ";"";"NOT_ESTABLISHED_FOR_TRANSPORT_POSITION";"Отдельное значение для этой транспортной позиции в таблице 2.1 СанПиН 1.2.3685-21 не установлено.";"";"";""
"2732";"НИТРОБРОМБЕНЗОЛЫ ЖИДКИЕ";"";"NOT_ESTABLISHED_FOR_TRANSPORT_POSITION";"Отдельное значение для этой транспортной позиции в таблице 2.1 СанПиН 1.2.3685-21 не установлено.";"";"";""
"2733";"АМИНЫ ЛЕГКОВОСПЛАМЕНЯЮЩИЕСЯ КОРРОЗИОННЫЕ, Н.У.К.";"";"NOT_ESTABLISHED_FOR_TRANSPORT_POSITION";"Единая ПДК не устанавливается: контролируется по компонентному составу.";"";"";""
"2733";"ПОЛИАМИНЫ ЛЕГКОВОСПЛАМЕНЯЮЩИЕСЯ КОРРОЗИОННЫЕ, Н.У.К.";"";"NOT_ESTABLISHED_FOR_TRANSPORT_POSITION";"Единая ПДК не устанавливается: контролируется по компонентному составу.";"";"";""
"2734";"АМИНЫ ЖИДКИЕ КОРРОЗИОННЫЕ ЛЕГКОВОСПЛАМЕНЯЮЩИЕСЯ, Н.У.К.";"";"NOT_ESTABLISHED_FOR_TRANSPORT_POSITION";"Единая ПДК не устанавливается: контролируется по компонентному составу.";"";"";""
"2734";"ПОЛИАМИНЫ ЖИДКИЕ КОРРОЗИОННЫЕ ЛЕГКОВОСПЛАМЕНЯЮЩИЕСЯ, Н.У.К.";"";"NOT_ESTABLISHED_FOR_TRANSPORT_POSITION";"Единая ПДК не устанавливается: контролируется по компонентному составу.";"";"";""
"2735";"АМИНЫ ЖИДКИЕ КОРРОЗИОННЫЕ, Н.У.К.";"";"NOT_ESTABLISHED_FOR_TRANSPORT_POSITION";"Единая ПДК не устанавливается: контролируется по компонентному составу.";"";"";""
"2735";"ПОЛИАМИНЫ ЖИДКИЕ КОРРОЗИОННЫЕ, Н.У.К.";"";"NOT_ESTABLISHED_FOR_TRANSPORT_POSITION";"Единая ПДК не устанавливается: контролируется по компонентному составу.";"";"";""
"2738";"N-БУТИЛАНИЛИН";"";"NOT_ESTABLISHED_FOR_TRANSPORT_POSITION";"Отдельное значение для этой транспортной позиции в таблице 2.1 СанПиН 1.2.3685-21 не установлено.";"";"";""
"2739";"АНГИДРИД МАСЛЯНЫЙ";"";"MATCHED_SANPIN_2_1";"1 мг/м³";"416";"Бутановой кислоты ангидрид+ (масляный ангидрид)";"name"
"2740";"н-ПРОПИЛХЛОРФОРМИАТ";"";"NOT_ESTABLISHED_FOR_TRANSPORT_POSITION";"Отдельное значение для этой транспортной позиции в таблице 2.1 СанПиН 1.2.3685-21 не установлено.";"";"";""
"2741";"БАРИЯ ГИПОХЛОРИТ, содержащий более 22% активного хлора";"";"NOT_ESTABLISHED_FOR_TRANSPORT_POSITION";"Отдельное значение для этой транспортной позиции в таблице 2.1 СанПиН 1.2.3685-21 не установлено.";"";"";""
"2742";"ХЛОРФОРМИАТЫ ТОКСИЧНЫЕ КОРРОЗИОННЫЕ ЛЕГКОВОСПЛАМЕНЯЮЩИЕСЯ, Н.У.К.";"";"NOT_ESTABLISHED_FOR_TRANSPORT_POSITION";"Единая ПДК не устанавливается: контролируется по компонентному составу.";"";"";""
"2743";"н-БУТИЛХЛОРФОРМИАТ";"";"NOT_ESTABLISHED_FOR_TRANSPORT_POSITION";"Отдельное значение для этой транспортной позиции в таблице 2.1 СанПиН 1.2.3685-21 не установлено.";"";"";""
"2744";"ЦИКЛОБУТИЛХЛОРФОРМИАТ";"";"NOT_ESTABLISHED_FOR_TRANSPORT_POSITION";"Отдельное значение для этой транспортной позиции в таблице 2.1 СанПиН 1.2.3685-21 не установлено.";"";"";""
"2745";"ХЛОРМЕТИЛХЛОРФОРМИАТ";"";"NOT_ESTABLISHED_FOR_TRANSPORT_POSITION";"Отдельное значение для этой транспортной позиции в таблице 2.1 СанПиН 1.2.3685-21 не установлено.";"";"";""
"2746";"ФЕНИЛХЛОРФОРМИАТ";"";"NOT_ESTABLISHED_FOR_TRANSPORT_POSITION";"Отдельное значение для этой транспортной позиции в таблице 2.1 СанПиН 1.2.3685-21 не установлено.";"";"";""
"2747";"трет-БУТИЛЦИКЛОГЕКСИЛХЛОРФОРМИАТ";"";"NOT_ESTABLISHED_FOR_TRANSPORT_POSITION";"Отдельное значение для этой транспортной позиции в таблице 2.1 СанПиН 1.2.3685-21 не установлено.";"";"";""
"2748";"2-ЭТИЛГЕКСИЛХЛОРФОРМИАТ";"";"NOT_ESTABLISHED_FOR_TRANSPORT_POSITION";"Отдельное значение для этой транспортной позиции в таблице 2.1 СанПиН 1.2.3685-21 не установлено.";"";"";""
"2749";"ТЕТРАМЕТИЛСИЛАН";"";"NOT_ESTABLISHED_FOR_TRANSPORT_POSITION";"Отдельное значение для этой транспортной позиции в таблице 2.1 СанПиН 1.2.3685-21 не установлено.";"";"";""
"2750";"1,3-ДИХЛОРПРОПАНОЛ-2";"";"NOT_ESTABLISHED_FOR_TRANSPORT_POSITION";"Отдельное значение для этой транспортной позиции в таблице 2.1 СанПиН 1.2.3685-21 не установлено.";"";"";""
"2751";"ДИЭТИЛТИОФОСФОРИЛХЛОРИД";"";"NOT_ESTABLISHED_FOR_TRANSPORT_POSITION";"Отдельное значение для этой транспортной позиции в таблице 2.1 СанПиН 1.2.3685-21 не установлено.";"";"";""
"2752";"1,2-ЭПОКСИ-3-ЭТОКСИПРОПАН";"";"NOT_ESTABLISHED_FOR_TRANSPORT_POSITION";"Отдельное значение для этой транспортной позиции в таблице 2.1 СанПиН 1.2.3685-21 не установлено.";"";"";""
"2753";"N-ЭТИЛБЕНЗИЛТОЛУИДИНЫ ЖИДКИЕ";"";"NOT_ESTABLISHED_FOR_TRANSPORT_POSITION";"Отдельное значение для этой транспортной позиции в таблице 2.1 СанПиН 1.2.3685-21 не установлено.";"";"";""
"2754";"N-ЭТИЛТОЛУИДИНЫ";"";"NOT_ESTABLISHED_FOR_TRANSPORT_POSITION";"Отдельное значение для этой транспортной позиции в таблице 2.1 СанПиН 1.2.3685-21 не установлено.";"";"";""
"2757";"ПЕСТИЦИД НА ОСНОВЕ КАРБАМАТОВ ТВЕРДЫЙ ТОКСИЧНЫЙ";"";"NOT_ESTABLISHED_FOR_TRANSPORT_POSITION";"Отдельное значение для этой транспортной позиции в таблице 2.1 СанПиН 1.2.3685-21 не установлено.";"";"";""
"2758";"ПЕСТИЦИД НА ОСНОВЕ КАРБАМАТОВ ЖИДКИЙ ЛЕГКОВОСПЛАМЕНЯЮЩИЙСЯ ТОКСИЧНЫЙ с температурой вспышки менее 23°С";"";"NOT_ESTABLISHED_FOR_TRANSPORT_POSITION";"Отдельное значение для этой транспортной позиции в таблице 2.1 СанПиН 1.2.3685-21 не установлено.";"";"";""
"2759";"ПЕСТИЦИД МЫШЬЯКСОДЕРЖАЩИЙ ТВЕРДЫЙ ТОКСИЧНЫЙ";"";"NOT_ESTABLISHED_FOR_TRANSPORT_POSITION";"Отдельное значение для этой транспортной позиции в таблице 2.1 СанПиН 1.2.3685-21 не установлено.";"";"";""
"2760";"ПЕСТИЦИД МЫШЬЯКСОДЕРЖАЩИЙ ЖИДКИЙ ЛЕГКОВОСПЛАМЕНЯЮЩИЙСЯ ТОКСИЧНЫЙ с температурой вспышки менее 23°С";"";"NOT_ESTABLISHED_FOR_TRANSPORT_POSITION";"Отдельное значение для этой транспортной позиции в таблице 2.1 СанПиН 1.2.3685-21 не установлено.";"";"";""
"2761";"ПЕСТИЦИД ХЛОРОРГАНИЧЕСКИЙ ТВЕРДЫЙ ТОКСИЧНЫЙ";"";"NOT_ESTABLISHED_FOR_TRANSPORT_POSITION";"Отдельное значение для этой транспортной позиции в таблице 2.1 СанПиН 1.2.3685-21 не установлено.";"";"";""
"2762";"ПЕСТИЦИД ХЛОРОРГАНИЧЕСКИЙ ЖИДКИЙ ЛЕГКОВОСПЛАМЕНЯЮЩИЙСЯ ТОКСИЧНЫЙ с температурой вспышки менее 23°С";"";"NOT_ESTABLISHED_FOR_TRANSPORT_POSITION";"Отдельное значение для этой транспортной позиции в таблице 2.1 СанПиН 1.2.3685-21 не установлено.";"";"";""
"2763";"ПЕСТИЦИД НА ОСНОВЕ ТРИАЗИНОВ ТВЕРДЫЙ ТОКСИЧНЫЙ";"";"NOT_ESTABLISHED_FOR_TRANSPORT_POSITION";"Отдельное значение для этой транспортной позиции в таблице 2.1 СанПиН 1.2.3685-21 не установлено.";"";"";""
"2764";"ПЕСТИЦИД НА ОСНОВЕ ТРИАЗИНОВ ЖИДКИЙ ЛЕГКОВОСПЛАМЕНЯЮЩИЙСЯ ТОКСИЧНЫЙ с температурой вспышки менее 23°С";"";"NOT_ESTABLISHED_FOR_TRANSPORT_POSITION";"Отдельное значение для этой транспортной позиции в таблице 2.1 СанПиН 1.2.3685-21 не установлено.";"";"";""
"2771";"ПЕСТИЦИД НА ОСНОВЕ ТИОКАРБАМАТОВ ТВЕРДЫЙ ТОКСИЧНЫЙ";"";"NOT_ESTABLISHED_FOR_TRANSPORT_POSITION";"Отдельное значение для этой транспортной позиции в таблице 2.1 СанПиН 1.2.3685-21 не установлено.";"";"";""
"2772";"ПЕСТИЦИД НА ОСНОВЕ ТИОКАРБАМАТОВ ЖИДКИЙ ЛЕГКОВОСПЛАМЕНЯЮЩИЙСЯ ТОКСИЧНЫЙ с температурой вспышки менее 23°С";"";"NOT_ESTABLISHED_FOR_TRANSPORT_POSITION";"Отдельное значение для этой транспортной позиции в таблице 2.1 СанПиН 1.2.3685-21 не установлено.";"";"";""
"2775";"ПЕСТИЦИД МЕДЬСОДЕРЖАЩИЙ ТВЕРДЫЙ ТОКСИЧНЫЙ";"";"NOT_ESTABLISHED_FOR_TRANSPORT_POSITION";"Отдельное значение для этой транспортной позиции в таблице 2.1 СанПиН 1.2.3685-21 не установлено.";"";"";""
"2776";"ПЕСТИЦИД МЕДЬСОДЕРЖАЩИЙ ЖИДКИЙ ЛЕГКОВОСПЛАМЕНЯЮЩИЙСЯ ТОКСИЧНЫЙ с температурой вспышки менее 23°С";"";"NOT_ESTABLISHED_FOR_TRANSPORT_POSITION";"Отдельное значение для этой транспортной позиции в таблице 2.1 СанПиН 1.2.3685-21 не установлено.";"";"";""
"2777";"ПЕСТИЦИД РТУТЬСОДЕРЖАЩИЙ ТВЕРДЫЙ ТОКСИЧНЫЙ";"";"NOT_ESTABLISHED_FOR_TRANSPORT_POSITION";"Отдельное значение для этой транспортной позиции в таблице 2.1 СанПиН 1.2.3685-21 не установлено.";"";"";""
"2778";"ПЕСТИЦИД РТУТЬСОДЕРЖАЩИЙ ЖИДКИЙ ЛЕГКОВОСПЛАМЕНЯЮЩИЙСЯ ТОКСИЧНЫЙ с температурой вспышки менее 23°С";"";"NOT_ESTABLISHED_FOR_TRANSPORT_POSITION";"Отдельное значение для этой транспортной позиции в таблице 2.1 СанПиН 1.2.3685-21 не установлено.";"";"";""
"2779";"ПЕСТИЦИД — ПРОИЗВОДНЫЙ НИТРОФЕНОЛА ТВЕРДЫЙ ТОКСИЧНЫЙ";"";"NOT_ESTABLISHED_FOR_TRANSPORT_POSITION";"Отдельное значение для этой транспортной позиции в таблице 2.1 СанПиН 1.2.3685-21 не установлено.";"";"";""
"2780";"ПЕСТИЦИД — ПРОИЗВОДНЫЙ НИТРОФЕНОЛА ЖИДКИЙ ЛЕГКОВОСПЛАМЕНЯЮЩИЙСЯ ТОКСИЧНЫЙ с температурой вспышки менее 23°С";"";"NOT_ESTABLISHED_FOR_TRANSPORT_POSITION";"Отдельное значение для этой транспортной позиции в таблице 2.1 СанПиН 1.2.3685-21 не установлено.";"";"";""
"2781";"ПЕСТИЦИД — ПРОИЗВОДНЫЙ ДИПИРИДИЛА ТВЕРДЫЙ ТОКСИЧНЫЙ";"";"NOT_ESTABLISHED_FOR_TRANSPORT_POSITION";"Отдельное значение для этой транспортной позиции в таблице 2.1 СанПиН 1.2.3685-21 не установлено.";"";"";""
"2782";"ПЕСТИЦИД — ПРОИЗВОДНЫЙ ДИПИРИДИЛА ЖИДКИЙ ЛЕГКОВОСПЛАМЕНЯЮЩИЙСЯ ТОКСИЧНЫЙ с температурой вспышки менее 23°С";"";"NOT_ESTABLISHED_FOR_TRANSPORT_POSITION";"Отдельное значение для этой транспортной позиции в таблице 2.1 СанПиН 1.2.3685-21 не установлено.";"";"";""
"2783";"ПЕСТИЦИД ФОСФОРОРГАНИЧЕСКИЙ ТВЕРДЫЙ ТОКСИЧНЫЙ";"";"NOT_ESTABLISHED_FOR_TRANSPORT_POSITION";"Отдельное значение для этой транспортной позиции в таблице 2.1 СанПиН 1.2.3685-21 не установлено.";"";"";""
"2784";"ПЕСТИЦИД ФОСФОРОРГАНИЧЕСКИЙ ЖИДКИЙ ЛЕГКОВОСПЛАМЕНЯЮЩИЙСЯ ТОКСИЧНЫЙ с температурой вспышки менее 23°С";"";"NOT_ESTABLISHED_FOR_TRANSPORT_POSITION";"Отдельное значение для этой транспортной позиции в таблице 2.1 СанПиН 1.2.3685-21 не установлено.";"";"";""
"2785";"4-ТИАПЕНТАНАЛЬ";"";"NOT_ESTABLISHED_FOR_TRANSPORT_POSITION";"Отдельное значение для этой транспортной позиции в таблице 2.1 СанПиН 1.2.3685-21 не установлено.";"";"";""
"2786";"ПЕСТИЦИД ОЛОВООРГАНИЧЕСКИЙ ТВЕРДЫЙ ТОКСИЧНЫЙ";"";"NOT_ESTABLISHED_FOR_TRANSPORT_POSITION";"Отдельное значение для этой транспортной позиции в таблице 2.1 СанПиН 1.2.3685-21 не установлено.";"";"";""
"2787";"ПЕСТИЦИД ОЛОВООРГАНИЧЕСКИЙ ЖИДКИЙ ЛЕГКОВОСПЛАМЕНЯЮЩИЙСЯ ТОКСИЧНЫЙ с температурой вспышки менее 23°С";"";"NOT_ESTABLISHED_FOR_TRANSPORT_POSITION";"Отдельное значение для этой транспортной позиции в таблице 2.1 СанПиН 1.2.3685-21 не установлено.";"";"";""
"2788";"ОЛОВООРГАНИЧЕСКОЕ СОЕДИНЕНИЕ ЖИДКОЕ, Н.У.К.";"";"NOT_ESTABLISHED_FOR_TRANSPORT_POSITION";"Единая ПДК не устанавливается: контролируется по компонентному составу.";"";"";""
"2789";"КИСЛОТА УКСУСНАЯ ЛЕДЯНАЯ";"";"NOT_ESTABLISHED_FOR_TRANSPORT_POSITION";"Отдельное значение для этой транспортной позиции в таблице 2.1 СанПиН 1.2.3685-21 не установлено.";"";"";""
"2789";"КИСЛОТЫ УКСУСНОЙ РАСТВОР с массовой долей кислоты более 80%";"";"NOT_ESTABLISHED_FOR_TRANSPORT_POSITION";"Отдельное значение для этой транспортной позиции в таблице 2.1 СанПиН 1.2.3685-21 не установлено.";"";"";""
"2790";"КИСЛОТЫ УКСУСНОЙ РАСТВОР с массовой долей кислоты не менее 50%, но не более 80%";"";"NOT_ESTABLISHED_FOR_TRANSPORT_POSITION";"Отдельное значение для этой транспортной позиции в таблице 2.1 СанПиН 1.2.3685-21 не установлено.";"";"";""
"2790";"КИСЛОТЫ УКСУСНОЙ РАСТВОР с массовой долей кислоты более 10% и менее 50%";"";"NOT_ESTABLISHED_FOR_TRANSPORT_POSITION";"Отдельное значение для этой транспортной позиции в таблице 2.1 СанПиН 1.2.3685-21 не установлено.";"";"";""
"2793";"СТРУЖКА, ОПИЛКИ, подверженные самонагреванию";"";"NOT_ESTABLISHED_FOR_TRANSPORT_POSITION";"Отдельное значение для этой транспортной позиции в таблице 2.1 СанПиН 1.2.3685-21 не установлено.";"";"";""
"2793";"ОБРЕЗКИ ЧЕРНЫХ МЕТАЛЛОВ, подверженные самонагреванию";"";"NOT_ESTABLISHED_FOR_TRANSPORT_POSITION";"Отдельное значение для этой транспортной позиции в таблице 2.1 СанПиН 1.2.3685-21 не установлено.";"";"";""
"2794";"БАТАРЕИ ЖИДКОСТНЫЕ КИСЛОТНЫЕ электрические аккумуляторные";"";"NOT_ESTABLISHED_FOR_TRANSPORT_POSITION";"Отдельное значение для этой транспортной позиции в таблице 2.1 СанПиН 1.2.3685-21 не установлено.";"";"";""
"2795";"БАТАРЕИ ЖИДКОСТНЫЕ ЩЕЛОЧНЫЕ электрические аккумуляторные";"";"NOT_ESTABLISHED_FOR_TRANSPORT_POSITION";"Отдельное значение для этой транспортной позиции в таблице 2.1 СанПиН 1.2.3685-21 не установлено.";"";"";""
"2796";"КИСЛОТА СЕРНАЯ, содержащая не более 51% кислоты";"H₂SO₄";"MATCHED_SANPIN_2_1";"1 мг/м³";"1845";"Серная кислота+";"formula"
"2796";"ЖИДКОСТЬ АККУМУЛЯТОРНАЯ КИСЛОТНАЯ";"H₂SO₄";"MATCHED_SANPIN_2_1";"1 мг/м³";"1845";"Серная кислота+";"formula"
"2797";"ЖИДКОСТЬ АККУМУЛЯТОРНАЯ ЩЕЛОЧНАЯ";"";"NOT_ESTABLISHED_FOR_TRANSPORT_POSITION";"Отдельное значение для этой транспортной позиции в таблице 2.1 СанПиН 1.2.3685-21 не установлено.";"";"";""
"2798";"ФЕНИЛФОСФОРДИХЛОРИД";"";"NOT_ESTABLISHED_FOR_TRANSPORT_POSITION";"Отдельное значение для этой транспортной позиции в таблице 2.1 СанПиН 1.2.3685-21 не установлено.";"";"";""
"2799";"ФЕНИЛФОСФОРТИОДИХЛОРИД";"";"NOT_ESTABLISHED_FOR_TRANSPORT_POSITION";"Отдельное значение для этой транспортной позиции в таблице 2.1 СанПиН 1.2.3685-21 не установлено.";"";"";""
"2800";"БАТАРЕИ ЖИДКОСТНЫЕ НЕПРОЛИВАЮЩИЕСЯ электрические аккумуляторные";"";"NOT_ESTABLISHED_FOR_TRANSPORT_POSITION";"Отдельное значение для этой транспортной позиции в таблице 2.1 СанПиН 1.2.3685-21 не установлено.";"";"";""
"2801";"КРАСИТЕЛЬ ЖИДКИЙ КОРРОЗИОННЫЙ, Н.У.К.";"";"NOT_ESTABLISHED_FOR_TRANSPORT_POSITION";"Единая ПДК не устанавливается: контролируется по компонентному составу.";"";"";""
"2801";"ПОЛУПРОДУКТ СИНТЕЗА КРАСИТЕЛЕЙ ЖИДКИЙ КОРРОЗИОННЫЙ, Н.У.К.";"";"NOT_ESTABLISHED_FOR_TRANSPORT_POSITION";"Единая ПДК не устанавливается: контролируется по компонентному составу.";"";"";""
"2802";"МЕДИ ХЛОРИД";"";"MATCHED_SANPIN_2_1";"1,5/0,5 мг/м³ (максимальная разовая / среднесменная)";"1242";"Медь хлорид/по меди/ (медь (I) хлористая)";"name"
"2803";"ГАЛЛИЙ";"";"NOT_ESTABLISHED_FOR_TRANSPORT_POSITION";"Отдельное значение для этой транспортной позиции в таблице 2.1 СанПиН 1.2.3685-21 не установлено.";"";"";""
"2805";"ЛИТИЯ ГИДРИД — СПЛАВ ТВЕРДЫЙ";"";"NOT_ESTABLISHED_FOR_TRANSPORT_POSITION";"Отдельное значение для этой транспортной позиции в таблице 2.1 СанПиН 1.2.3685-21 не установлено.";"";"";""
"2806";"ЛИТИЯ НИТРИД";"";"NOT_ESTABLISHED_FOR_TRANSPORT_POSITION";"Отдельное значение для этой транспортной позиции в таблице 2.1 СанПиН 1.2.3685-21 не установлено.";"";"";""
"2807";"Материал намагниченный";"";"NOT_ESTABLISHED_FOR_TRANSPORT_POSITION";"Единая ПДК не устанавливается: контролируется по компонентному составу.";"";"";""
"2809";"РТУТЬ";"";"MATCHED_SANPIN_2_1";"0,01/0,005 мг/м³ (максимальная разовая / среднесменная)";"1808";"Ртуть";"name"
"2810";"ТОКСИЧНАЯ ЖИДКОСТЬ ОРГАНИЧЕСКАЯ, Н.У.К.";"";"NOT_ESTABLISHED_FOR_TRANSPORT_POSITION";"Единая ПДК не устанавливается: контролируется по компонентному составу.";"";"";""
"2811";"ТОКСИЧНОЕ ВЕЩЕСТВО ТВЕРДОЕ ОРГАНИЧЕСКОЕ, Н.У.К.";"";"NOT_ESTABLISHED_FOR_TRANSPORT_POSITION";"Единая ПДК не устанавливается: контролируется по компонентному составу.";"";"";""
"2812";"Натрия алюминат твердый";"";"NOT_ESTABLISHED_FOR_TRANSPORT_POSITION";"Отдельное значение для этой транспортной позиции в таблице 2.1 СанПиН 1.2.3685-21 не установлено.";"";"";""
"2813";"ВЕЩЕСТВО ТВЕРДОЕ, РЕАГИРУЮЩЕЕ С ВОДОЙ, Н.У.К.";"";"NOT_ESTABLISHED_FOR_TRANSPORT_POSITION";"Единая ПДК не устанавливается: контролируется по компонентному составу.";"";"";""
"2814";"ИНФЕКЦИОННОЕ ВЕЩЕСТВО, ОПАСНОЕ ДЛЯ ЛЮДЕЙ";"";"NOT_ESTABLISHED_FOR_TRANSPORT_POSITION";"Отдельное значение для этой транспортной позиции в таблице 2.1 СанПиН 1.2.3685-21 не установлено.";"";"";""
"2814";"ИНФЕКЦИОННОЕ ВЕЩЕСТВО, ОПАСНОЕ ДЛЯ ЛЮДЕЙ, в охлажденном жидком азоте";"";"NOT_ESTABLISHED_FOR_TRANSPORT_POSITION";"Отдельное значение для этой транспортной позиции в таблице 2.1 СанПиН 1.2.3685-21 не установлено.";"";"";""
"2814";"ИНФЕКЦИОННОЕ ВЕЩЕСТВО, ОПАСНОЕ ДЛЯ ЛЮДЕЙ (только материалы животного происхождения)";"";"NOT_ESTABLISHED_FOR_TRANSPORT_POSITION";"Единая ПДК не устанавливается: контролируется по компонентному составу.";"";"";""
"2815";"N-АМИНОЭТИЛПИПЕРАЗИН";"";"NOT_ESTABLISHED_FOR_TRANSPORT_POSITION";"Отдельное значение для этой транспортной позиции в таблице 2.1 СанПиН 1.2.3685-21 не установлено.";"";"";""
"2817";"АММОНИЯ ГИДРОФТОРИДА РАСТВОР";"";"NOT_ESTABLISHED_FOR_TRANSPORT_POSITION";"Отдельное значение для этой транспортной позиции в таблице 2.1 СанПиН 1.2.3685-21 не установлено.";"";"";""
"2818";"АММОНИЯ ПОЛИСУЛЬФИДА РАСТВОР";"";"NOT_ESTABLISHED_FOR_TRANSPORT_POSITION";"Отдельное значение для этой транспортной позиции в таблице 2.1 СанПиН 1.2.3685-21 не установлено.";"";"";""
"2819";"АМИЛФОСФАТ";"";"NOT_ESTABLISHED_FOR_TRANSPORT_POSITION";"Отдельное значение для этой транспортной позиции в таблице 2.1 СанПиН 1.2.3685-21 не установлено.";"";"";""
"2820";"КИСЛОТА МАСЛЯНАЯ";"";"MATCHED_SANPIN_2_1";"10 мг/м³";"415";"Бутановая кислота (масляная кислота)";"name"
"2821";"ФЕНОЛА РАСТВОР";"";"MATCHED_SANPIN_2_1";"1/0,3 мг/м³ (максимальная разовая / среднесменная)";"539";"Гидроксибензол+ (фенол)";"name"
"2822";"2-ХЛОРПИРИДИН";"";"MATCHED_SANPIN_2_1";"1 мг/м³";"2094";"2-(Трихлорметил)-5-хлорпиридин";"name"
"2823";"КИСЛОТА КРОТОНОВАЯ ТВЕРДАЯ";"";"NOT_ESTABLISHED_FOR_TRANSPORT_POSITION";"Отдельное значение для этой транспортной позиции в таблице 2.1 СанПиН 1.2.3685-21 не установлено.";"";"";""
"2826";"ЭТИЛХЛОРТИОФОРМИАТ";"";"NOT_ESTABLISHED_FOR_TRANSPORT_POSITION";"Отдельное значение для этой транспортной позиции в таблице 2.1 СанПиН 1.2.3685-21 не установлено.";"";"";""
"2829";"КИСЛОТА КАПРОНОВАЯ";"";"NOT_ESTABLISHED_FOR_TRANSPORT_POSITION";"Отдельное значение для этой транспортной позиции в таблице 2.1 СанПиН 1.2.3685-21 не установлено.";"";"";""
"2830";"ЛИТИЙ-ФЕРРОСИЛИЦИЙ";"";"NOT_ESTABLISHED_FOR_TRANSPORT_POSITION";"Отдельное значение для этой транспортной позиции в таблице 2.1 СанПиН 1.2.3685-21 не установлено.";"";"";""
"2831";"1,1,1-ТРИХЛОРЭТАН";"";"MATCHED_SANPIN_2_1";"20 мг/м³";"2106";"1,1,1-Трихлорэтан (Метилхлороформ)";"name"
"2834";"КИСЛОТА ФОСФОРИСТАЯ";"";"NOT_ESTABLISHED_FOR_TRANSPORT_POSITION";"Отдельное значение для этой транспортной позиции в таблице 2.1 СанПиН 1.2.3685-21 не установлено.";"";"";""
"2835";"НАТРИЯ АЛЮМОГИДРИД";"";"NOT_ESTABLISHED_FOR_TRANSPORT_POSITION";"Отдельное значение для этой транспортной позиции в таблице 2.1 СанПиН 1.2.3685-21 не установлено.";"";"";""
"2837";"БИСУЛЬФАТОВ ВОДНЫЙ РАСТВОР";"";"NOT_ESTABLISHED_FOR_TRANSPORT_POSITION";"Отдельное значение для этой транспортной позиции в таблице 2.1 СанПиН 1.2.3685-21 не установлено.";"";"";""
"2838";"ВИНИЛБУТИРАТ СТАБИЛИЗИРОВАННЫЙ";"";"NOT_ESTABLISHED_FOR_TRANSPORT_POSITION";"Отдельное значение для этой транспортной позиции в таблице 2.1 СанПиН 1.2.3685-21 не установлено.";"";"";""
"2839";"АЛЬДОЛЬ";"";"NOT_ESTABLISHED_FOR_TRANSPORT_POSITION";"Отдельное значение для этой транспортной позиции в таблице 2.1 СанПиН 1.2.3685-21 не установлено.";"";"";""
"2840";"БУТИРАЛЬДОКСИМ";"";"NOT_ESTABLISHED_FOR_TRANSPORT_POSITION";"Отдельное значение для этой транспортной позиции в таблице 2.1 СанПиН 1.2.3685-21 не установлено.";"";"";""
"2841";"ДИ-н-АМИЛАМИН";"";"NOT_ESTABLISHED_FOR_TRANSPORT_POSITION";"Отдельное значение для этой транспортной позиции в таблице 2.1 СанПиН 1.2.3685-21 не установлено.";"";"";""
"2842";"НИТРОЭТАН";"";"MATCHED_SANPIN_2_1";"30 мг/м³";"1576";"Нитроэтан";"name"
"2844";"КАЛЬЦИЯ-МАРГАНЦА СИЛИКАТ";"";"NOT_ESTABLISHED_FOR_TRANSPORT_POSITION";"Отдельное значение для этой транспортной позиции в таблице 2.1 СанПиН 1.2.3685-21 не установлено.";"";"";""
"2845";"ПИРОФОРНАЯ ЖИДКОСТЬ ОРГАНИЧЕСКАЯ, Н.У.К.";"";"NOT_ESTABLISHED_FOR_TRANSPORT_POSITION";"Единая ПДК не устанавливается: контролируется по компонентному составу.";"";"";""
"2846";"ПИРОФОРНОЕ ВЕЩЕСТВО ТВЕРДОЕ ОРГАНИЧЕСКОЕ, Н.У.К.";"";"NOT_ESTABLISHED_FOR_TRANSPORT_POSITION";"Единая ПДК не устанавливается: контролируется по компонентному составу.";"";"";""
"2849";"3-ХЛОРПРОПАНОЛ-1";"";"NOT_ESTABLISHED_FOR_TRANSPORT_POSITION";"Отдельное значение для этой транспортной позиции в таблице 2.1 СанПиН 1.2.3685-21 не установлено.";"";"";""
"2850";"ПРОПИЛЕНА ТЕТРАМЕР";"";"NOT_ESTABLISHED_FOR_TRANSPORT_POSITION";"Отдельное значение для этой транспортной позиции в таблице 2.1 СанПиН 1.2.3685-21 не установлено.";"";"";""
"2851";"БОРА ТРИФТОРИДА ДИГИДРАТ";"";"MATCHED_SANPIN_2_1";"1 мг/м³";"369";"Бортрифторид (бор трифтористый)";"name"
"2852";"ДИПИКРИЛСУЛЬФИД УВЛАЖНЕННЫЙ с массовой долей воды не менее 10%";"";"NOT_ESTABLISHED_FOR_TRANSPORT_POSITION";"Отдельное значение для этой транспортной позиции в таблице 2.1 СанПиН 1.2.3685-21 не установлено.";"";"";""
"2853";"МАГНИЯ ФТОРОСИЛИКАТ";"";"NOT_ESTABLISHED_FOR_TRANSPORT_POSITION";"Отдельное значение для этой транспортной позиции в таблице 2.1 СанПиН 1.2.3685-21 не установлено.";"";"";""
"2854";"АММОНИЯ ФТОРОСИЛИКАТ";"";"NOT_ESTABLISHED_FOR_TRANSPORT_POSITION";"Отдельное значение для этой транспортной позиции в таблице 2.1 СанПиН 1.2.3685-21 не установлено.";"";"";""
"2855";"ЦИНКА ФТОРОСИЛИКАТ";"";"NOT_ESTABLISHED_FOR_TRANSPORT_POSITION";"Отдельное значение для этой транспортной позиции в таблице 2.1 СанПиН 1.2.3685-21 не установлено.";"";"";""
"2856";"ФТОРОСИЛИКАТЫ, Н.У.К.";"";"NOT_ESTABLISHED_FOR_TRANSPORT_POSITION";"Единая ПДК не устанавливается: контролируется по компонентному составу.";"";"";""
"2857";"РЕФРИЖЕРАТОРНЫЕ УСТАНОВКИ, содержащие невоспламеняющийся нетоксичный сжиженный газ или аммиака раствор (№ ООН 2672)";"";"NOT_ESTABLISHED_FOR_TRANSPORT_POSITION";"Отдельное значение для этой транспортной позиции в таблице 2.1 СанПиН 1.2.3685-21 не установлено.";"";"";""
"2858";"ЦИРКОНИЙ СУХОЙ в виде спиралей из проволоки, обработанных металлических листов, полос (тоньше 254 микрон, но не тоньше 18 микрон)";"";"NOT_ESTABLISHED_FOR_TRANSPORT_POSITION";"Отдельное значение для этой транспортной позиции в таблице 2.1 СанПиН 1.2.3685-21 не установлено.";"";"";""
"2859";"АММОНИЯ МЕТАВАНАДАТ";"";"NOT_ESTABLISHED_FOR_TRANSPORT_POSITION";"Отдельное значение для этой транспортной позиции в таблице 2.1 СанПиН 1.2.3685-21 не установлено.";"";"";""
"2861";"АММОНИЯ ПОЛИВАНАДАТ";"";"NOT_ESTABLISHED_FOR_TRANSPORT_POSITION";"Отдельное значение для этой транспортной позиции в таблице 2.1 СанПиН 1.2.3685-21 не установлено.";"";"";""
"2862";"ВАНАДИЯ ПЕНТАОКСИД неплавленный";"";"NOT_ESTABLISHED_FOR_TRANSPORT_POSITION";"Отдельное значение для этой транспортной позиции в таблице 2.1 СанПиН 1.2.3685-21 не установлено.";"";"";""
"2863";"НАТРИЯ-АММОНИЯ ВАНАДАТ";"";"NOT_ESTABLISHED_FOR_TRANSPORT_POSITION";"Отдельное значение для этой транспортной позиции в таблице 2.1 СанПиН 1.2.3685-21 не установлено.";"";"";""
"2864";"КАЛИЯ МЕТАВАНАДАТ";"";"NOT_ESTABLISHED_FOR_TRANSPORT_POSITION";"Отдельное значение для этой транспортной позиции в таблице 2.1 СанПиН 1.2.3685-21 не установлено.";"";"";""
"2865";"ГИДРОКСИЛАМИНА СУЛЬФАТ";"";"NOT_ESTABLISHED_FOR_TRANSPORT_POSITION";"Отдельное значение для этой транспортной позиции в таблице 2.1 СанПиН 1.2.3685-21 не установлено.";"";"";""
"2869";"ТИТАНА ТРИХЛОРИДА СМЕСЬ";"";"NOT_ESTABLISHED_FOR_TRANSPORT_POSITION";"Единая ПДК не устанавливается: контролируется по компонентному составу.";"";"";""
"2870";"АЛЮМИНИЯ БОРГИДРИД";"";"NOT_ESTABLISHED_FOR_TRANSPORT_POSITION";"Отдельное значение для этой транспортной позиции в таблице 2.1 СанПиН 1.2.3685-21 не установлено.";"";"";""
"2870";"АЛЮМИНИЯ БОРГИДРИД В УСТРОЙСТВАХ";"";"NOT_ESTABLISHED_FOR_TRANSPORT_POSITION";"Отдельное значение для этой транспортной позиции в таблице 2.1 СанПиН 1.2.3685-21 не установлено.";"";"";""
"2871";"СУРЬМЯНЫЙ ПОРОШОК";"";"NOT_ESTABLISHED_FOR_TRANSPORT_POSITION";"Отдельное значение для этой транспортной позиции в таблице 2.1 СанПиН 1.2.3685-21 не установлено.";"";"";""
"2872";"ДИБРОМХЛОРПРОПАНЫ";"";"NOT_ESTABLISHED_FOR_TRANSPORT_POSITION";"Отдельное значение для этой транспортной позиции в таблице 2.1 СанПиН 1.2.3685-21 не установлено.";"";"";""
"2873";"ДИБУТИЛАМИНОЭТАНОЛ";"";"NOT_ESTABLISHED_FOR_TRANSPORT_POSITION";"Отдельное значение для этой транспортной позиции в таблице 2.1 СанПиН 1.2.3685-21 не установлено.";"";"";""
"2874";"СПИРТ ФУРФУРИЛОВЫЙ";"";"NOT_ESTABLISHED_FOR_TRANSPORT_POSITION";"Отдельное значение для этой транспортной позиции в таблице 2.1 СанПиН 1.2.3685-21 не установлено.";"";"";""
"2875";"ГЕКСАХЛОРОФЕН";"";"MATCHED_SANPIN_2_1";"0,1 мг/м³";"1306";"2,2'-Метиленбис (1-гидрокси-3,4,6-трихлорбензол)+ (Гексахлорофен)";"name"
"2876";"РЕЗОРЦИН";"";"MATCHED_SANPIN_2_1";"5 мг/м³";"687";"1,3-Дигидроксибензол+ (Резорцин)";"name"
"2878";"ТИТАН ГУБЧАТЫЙ ГРАНУЛИРОВАННЫЙ";"";"NOT_ESTABLISHED_FOR_TRANSPORT_POSITION";"Отдельное значение для этой транспортной позиции в таблице 2.1 СанПиН 1.2.3685-21 не установлено.";"";"";""
"2878";"ТИТАН ГУБЧАТЫЙ ПОРОШКООБРАЗНЫЙ";"";"NOT_ESTABLISHED_FOR_TRANSPORT_POSITION";"Отдельное значение для этой транспортной позиции в таблице 2.1 СанПиН 1.2.3685-21 не установлено.";"";"";""
"2879";"СЕЛЕНОКСИХЛОРИД";"";"NOT_ESTABLISHED_FOR_TRANSPORT_POSITION";"Отдельное значение для этой транспортной позиции в таблице 2.1 СанПиН 1.2.3685-21 не установлено.";"";"";""
"2880";"КАЛЬЦИЯ ГИПОХЛОРИТ ГИДРАТИРОВАННЫЙ с содержанием воды не менее 5,5%, но не более 16%";"";"NOT_ESTABLISHED_FOR_TRANSPORT_POSITION";"Отдельное значение для этой транспортной позиции в таблице 2.1 СанПиН 1.2.3685-21 не установлено.";"";"";""
"2880";"КАЛЬЦИЯ ГИПОХЛОРИТА ГИДРАТИРОВАННАЯ СМЕСЬ с содержанием воды не менее 5,5%, но не более 16%";"";"NOT_ESTABLISHED_FOR_TRANSPORT_POSITION";"Единая ПДК не устанавливается: контролируется по компонентному составу.";"";"";""
"2881";"КАТАЛИЗАТОР МЕТАЛЛИЧЕСКИЙ СУХОЙ";"";"NOT_ESTABLISHED_FOR_TRANSPORT_POSITION";"Отдельное значение для этой транспортной позиции в таблице 2.1 СанПиН 1.2.3685-21 не установлено.";"";"";""
"2900";"ИНФЕКЦИОННОЕ ВЕЩЕСТВО, ОПАСНОЕ только ДЛЯ ЖИВОТНЫХ";"";"NOT_ESTABLISHED_FOR_TRANSPORT_POSITION";"Отдельное значение для этой транспортной позиции в таблице 2.1 СанПиН 1.2.3685-21 не установлено.";"";"";""
"2900";"ИНФЕКЦИОННОЕ ВЕЩЕСТВО, ОПАСНОЕ только ДЛЯ ЖИВОТНЫХ, в охлажденном жидком азоте";"";"NOT_ESTABLISHED_FOR_TRANSPORT_POSITION";"Отдельное значение для этой транспортной позиции в таблице 2.1 СанПиН 1.2.3685-21 не установлено.";"";"";""
"2900";"ИНФЕКЦИОННОЕ ВЕЩЕСТВО, ОПАСНОЕ только ДЛЯ ЖИВОТНЫХ (только материалы животного происхождения)";"";"NOT_ESTABLISHED_FOR_TRANSPORT_POSITION";"Единая ПДК не устанавливается: контролируется по компонентному составу.";"";"";""
"2901";"БРОМА ХЛОРИД";"";"NOT_ESTABLISHED_FOR_TRANSPORT_POSITION";"Отдельное значение для этой транспортной позиции в таблице 2.1 СанПиН 1.2.3685-21 не установлено.";"";"";""
"2902";"ПЕСТИЦИД ЖИДКИЙ, ТОКСИЧНЫЙ, Н.У.К.";"";"NOT_ESTABLISHED_FOR_TRANSPORT_POSITION";"Единая ПДК не устанавливается: контролируется по компонентному составу.";"";"";""
"2903";"ПЕСТИЦИД ЖИДКИЙ ТОКСИЧНЫЙ ЛЕГКОВОСПЛАМЕНЯЮЩИЙСЯ, Н.У.К., с температурой вспышки не менее 23°С";"";"NOT_ESTABLISHED_FOR_TRANSPORT_POSITION";"Единая ПДК не устанавливается: контролируется по компонентному составу.";"";"";""
"2904";"ХЛОРФЕНОЛЯТЫ ЖИДКИЕ";"";"NOT_ESTABLISHED_FOR_TRANSPORT_POSITION";"Отдельное значение для этой транспортной позиции в таблице 2.1 СанПиН 1.2.3685-21 не установлено.";"";"";""
"2904";"ФЕНОЛЯТЫ ЖИДКИЕ";"";"NOT_ESTABLISHED_FOR_TRANSPORT_POSITION";"Отдельное значение для этой транспортной позиции в таблице 2.1 СанПиН 1.2.3685-21 не установлено.";"";"";""
"2905";"ХЛОРФЕНОЛЯТЫ ТВЕРДЫЕ";"";"NOT_ESTABLISHED_FOR_TRANSPORT_POSITION";"Отдельное значение для этой транспортной позиции в таблице 2.1 СанПиН 1.2.3685-21 не установлено.";"";"";""
"2905";"ФЕНОЛЯТЫ ТВЕРДЫЕ";"";"NOT_ESTABLISHED_FOR_TRANSPORT_POSITION";"Отдельное значение для этой транспортной позиции в таблице 2.1 СанПиН 1.2.3685-21 не установлено.";"";"";""
"2907";"ИЗОСОРБИДДИНИТРАТА СМЕСЬ, содержащая не менее 60% лактозы, маннозы, крахмала или гидрофосфата кальция";"";"NOT_ESTABLISHED_FOR_TRANSPORT_POSITION";"Единая ПДК не устанавливается: контролируется по компонентному составу.";"";"";""
"2908";"РАДИОАКТИВНЫЙ МАТЕРИАЛ, ОСВОБОЖДЕННАЯ УПАКОВКА - ПОРОЖНИЙ УПАКОВОЧНЫЙ КОМПЛЕКТ";"";"NOT_ESTABLISHED_FOR_TRANSPORT_POSITION";"Единая ПДК не устанавливается: контролируется по компонентному составу.";"";"";""
"2909";"РАДИОАКТИВНЫЙ МАТЕРИАЛ, ОСВОБОЖДЕННАЯ УПАКОВКА - ИЗДЕЛИЯ, ИЗГОТОВЛЕННЫЕ ИЗ ПРИРОДНОГО УРАНА";"";"NOT_ESTABLISHED_FOR_TRANSPORT_POSITION";"Единая ПДК не устанавливается: контролируется по компонентному составу.";"";"";""
"2909";"РАДИОАКТИВНЫЙ МАТЕРИАЛ, ОСВОБОЖДЕННАЯ УПАКОВКА - ИЗДЕЛИЯ, ИЗГОТОВЛЕННЫЕ ИЗ ОБЕДНЕННОГО УРАНА";"";"NOT_ESTABLISHED_FOR_TRANSPORT_POSITION";"Единая ПДК не устанавливается: контролируется по компонентному составу.";"";"";""
"2909";"РАДИОАКТИВНЫЙ МАТЕРИАЛ, ОСВОБОЖДЕННАЯ УПАКОВКА - ИЗДЕЛИЯ, ИЗГОТОВЛЕННЫЕ ИЗ ПРИРОДНОГО ТОРИЯ";"";"NOT_ESTABLISHED_FOR_TRANSPORT_POSITION";"Единая ПДК не устанавливается: контролируется по компонентному составу.";"";"";""
"2910";"РАДИОАКТИВНЫЙ МАТЕРИАЛ, ОСВОБОЖДЕННАЯ УПАКОВКА - ОГРАНИЧЕННОЕ КОЛИЧЕСТВО МАТЕРИАЛА";"";"NOT_ESTABLISHED_FOR_TRANSPORT_POSITION";"Единая ПДК не устанавливается: контролируется по компонентному составу.";"";"";""
"2911";"РАДИОАКТИВНЫЙ МАТЕРИАЛ, ОСВОБОЖДЕННАЯ УПАКОВКА - ПРИБОРЫ";"";"NOT_ESTABLISHED_FOR_TRANSPORT_POSITION";"Единая ПДК не устанавливается: контролируется по компонентному составу.";"";"";""
"2911";"РАДИОАКТИВНЫЙ МАТЕРИАЛ, ОСВОБОЖДЕННАЯ УПАКОВКА - ИЗДЕЛИЯ";"";"NOT_ESTABLISHED_FOR_TRANSPORT_POSITION";"Единая ПДК не устанавливается: контролируется по компонентному составу.";"";"";""
"2912";"РАДИОАКТИВНЫЙ МАТЕРИАЛ, НИЗКАЯ УДЕЛЬНАЯ АКТИВНОСТЬ (LSA-I), неделящийся или делящийся-освобожденный";"";"NOT_ESTABLISHED_FOR_TRANSPORT_POSITION";"Единая ПДК не устанавливается: контролируется по компонентному составу.";"";"";""
"2913";"РАДИОАКТИВНЫЙ МАТЕРИАЛ, ОБЪЕКТЫ С ПОВЕРХНОСТНЫМ РАДИОАКТИВНЫМ ЗАГРЯЗНЕНИЕМ (SCO-I или SCO-II), неделящийся или делящийся-освобожденный";"";"NOT_ESTABLISHED_FOR_TRANSPORT_POSITION";"Единая ПДК не устанавливается: контролируется по компонентному составу.";"";"";""
"2915";"РАДИОАКТИВНЫЙ МАТЕРИАЛ, УПАКОВКА ТИПА А, не особого вида, неделящийся или делящийся-освобожденный";"";"NOT_ESTABLISHED_FOR_TRANSPORT_POSITION";"Единая ПДК не устанавливается: контролируется по компонентному составу.";"";"";""
"2916";"РАДИОАКТИВНЫЙ МАТЕРИАЛ, УПАКОВКА ТИПА B(U), неделящийся или делящийся-освобожденный";"";"NOT_ESTABLISHED_FOR_TRANSPORT_POSITION";"Единая ПДК не устанавливается: контролируется по компонентному составу.";"";"";""
"2917";"РАДИОАКТИВНЫЙ МАТЕРИАЛ, УПАКОВКА ТИПА B(M), неделящийся или делящийся-освобожденный";"";"NOT_ESTABLISHED_FOR_TRANSPORT_POSITION";"Единая ПДК не устанавливается: контролируется по компонентному составу.";"";"";""
"2919";"РАДИОАКТИВНЫЙ МАТЕРИАЛ, ТРАНСПОРТИРУЕМЫЙ В СПЕЦИАЛЬНЫХ УСЛОВИЯХ, неделящийся или делящийся-освобожденный";"";"NOT_ESTABLISHED_FOR_TRANSPORT_POSITION";"Единая ПДК не устанавливается: контролируется по компонентному составу.";"";"";""
"2920";"КОРРОЗИОННАЯ ЖИДКОСТЬ ЛЕГКОВОСПЛАМЕНЯЮЩАЯСЯ, Н.У.К.";"";"NOT_ESTABLISHED_FOR_TRANSPORT_POSITION";"Единая ПДК не устанавливается: контролируется по компонентному составу.";"";"";""
"2921";"КОРРОЗИОННОЕ ВЕЩЕСТВО ТВЕРДОЕ ЛЕГКОВОСПЛАМЕНЯЮЩЕЕСЯ, Н.У.К.";"";"NOT_ESTABLISHED_FOR_TRANSPORT_POSITION";"Единая ПДК не устанавливается: контролируется по компонентному составу.";"";"";""
"2922";"КОРРОЗИОННАЯ ЖИДКОСТЬ ТОКСИЧНАЯ, Н.У.К.";"";"NOT_ESTABLISHED_FOR_TRANSPORT_POSITION";"Единая ПДК не устанавливается: контролируется по компонентному составу.";"";"";""
"2923";"КОРРОЗИОННОЕ ВЕЩЕСТВО ТВЕРДОЕ ТОКСИЧНОЕ, Н.У.К.";"";"NOT_ESTABLISHED_FOR_TRANSPORT_POSITION";"Единая ПДК не устанавливается: контролируется по компонентному составу.";"";"";""
"2924";"ЛЕГКОВОСПЛАМЕНЯЮЩАЯСЯ ЖИДКОСТЬ КОРРОЗИОННАЯ, Н.У.К.";"";"NOT_ESTABLISHED_FOR_TRANSPORT_POSITION";"Единая ПДК не устанавливается: контролируется по компонентному составу.";"";"";""
"2925";"ЛЕГКОВОСПЛАМЕНЯЮЩЕЕСЯ ТВЕРДОЕ ВЕЩЕСТВО КОРРОЗИОННОЕ ОРГАНИЧЕСКОЕ, Н.У.К.";"";"NOT_ESTABLISHED_FOR_TRANSPORT_POSITION";"Единая ПДК не устанавливается: контролируется по компонентному составу.";"";"";""
"2926";"ЛЕГКОВОСПЛАМЕНЯЮЩЕЕСЯ ТВЕРДОЕ ВЕЩЕСТВО ТОКСИЧНОЕ ОРГАНИЧЕСКОЕ, Н.У.К.";"";"NOT_ESTABLISHED_FOR_TRANSPORT_POSITION";"Единая ПДК не устанавливается: контролируется по компонентному составу.";"";"";""
"2927";"ТОКСИЧНАЯ ЖИДКОСТЬ КОРРОЗИОННАЯ ОРГАНИЧЕСКАЯ, Н.У.К.";"";"NOT_ESTABLISHED_FOR_TRANSPORT_POSITION";"Единая ПДК не устанавливается: контролируется по компонентному составу.";"";"";""
"2928";"ТОКСИЧНОЕ ТВЕРДОЕ ВЕЩЕСТВО КОРРОЗИОННОЕ ОРГАНИЧЕСКОЕ, Н.У.К.";"";"NOT_ESTABLISHED_FOR_TRANSPORT_POSITION";"Единая ПДК не устанавливается: контролируется по компонентному составу.";"";"";""
"2929";"ТОКСИЧНАЯ ЖИДКОСТЬ ЛЕГКОВОСПЛАМЕНЯЮЩАЯСЯ ОРГАНИЧЕСКАЯ, Н.У.К.";"";"NOT_ESTABLISHED_FOR_TRANSPORT_POSITION";"Единая ПДК не устанавливается: контролируется по компонентному составу.";"";"";""
"2930";"ТОКСИЧНОЕ ТВЕРДОЕ ВЕЩЕСТВО ЛЕГКОВОСПЛАМЕНЯЮЩЕЕСЯ ОРГАНИЧЕСКОЕ, Н.У.К.";"";"NOT_ESTABLISHED_FOR_TRANSPORT_POSITION";"Единая ПДК не устанавливается: контролируется по компонентному составу.";"";"";""
"2931";"ВАНАДИЛСУЛЬФАТ";"";"NOT_ESTABLISHED_FOR_TRANSPORT_POSITION";"Отдельное значение для этой транспортной позиции в таблице 2.1 СанПиН 1.2.3685-21 не установлено.";"";"";""
"2933";"МЕТИЛ-2-ХЛОРПРОПИОНАТ";"";"MATCHED_SANPIN_2_1";"5 мг/м³";"1415";"Метил-2-хлорпропионат (2-хлорпропионовой кислоты метиловый эфир)";"name"
"2934";"ИЗОПРОПИЛ-2-ХЛОРПРОПИОНАТ";"";"NOT_ESTABLISHED_FOR_TRANSPORT_POSITION";"Отдельное значение для этой транспортной позиции в таблице 2.1 СанПиН 1.2.3685-21 не установлено.";"";"";""
"2935";"ЭТИЛ-2-ХЛОРПРОПИОНАТ";"";"NOT_ESTABLISHED_FOR_TRANSPORT_POSITION";"Отдельное значение для этой транспортной позиции в таблице 2.1 СанПиН 1.2.3685-21 не установлено.";"";"";""
"2936";"КИСЛОТА ТИОМОЛОЧНАЯ";"";"NOT_ESTABLISHED_FOR_TRANSPORT_POSITION";"Отдельное значение для этой транспортной позиции в таблице 2.1 СанПиН 1.2.3685-21 не установлено.";"";"";""
"2937";"СПИРТ альфа-МЕТИЛБЕНЗИЛОВЫЙ";"";"NOT_ESTABLISHED_FOR_TRANSPORT_POSITION";"Отдельное значение для этой транспортной позиции в таблице 2.1 СанПиН 1.2.3685-21 не установлено.";"";"";""
"2940";"9-ФОСФАБИЦИКЛОНОНАНЫ (ЦИКЛООКТАДИЕНФОСФИНЫ)";"";"NOT_ESTABLISHED_FOR_TRANSPORT_POSITION";"Отдельное значение для этой транспортной позиции в таблице 2.1 СанПиН 1.2.3685-21 не установлено.";"";"";""
"2941";"ФТОРАНИЛИНЫ";"";"NOT_ESTABLISHED_FOR_TRANSPORT_POSITION";"Отдельное значение для этой транспортной позиции в таблице 2.1 СанПиН 1.2.3685-21 не установлено.";"";"";""
"2942";"2-ТРИФТОРМЕТИЛАНИЛИН";"";"MATCHED_SANPIN_2_1";"1,5/0,5 мг/м³ (максимальная разовая / среднесменная)";"2059";"3-(Трифторметил) аминобензол (трифторметиламинобензол; трифторметиланилин)";"name"
"2943";"ТЕТРАГИДРОФУРФУРИЛАМИН";"";"NOT_ESTABLISHED_FOR_TRANSPORT_POSITION";"Отдельное значение для этой транспортной позиции в таблице 2.1 СанПиН 1.2.3685-21 не установлено.";"";"";""
"2945";"N-МЕТИЛБУТИЛАМИН";"";"NOT_ESTABLISHED_FOR_TRANSPORT_POSITION";"Отдельное значение для этой транспортной позиции в таблице 2.1 СанПиН 1.2.3685-21 не установлено.";"";"";""
"2946";"2-АМИНО-5-ДИЭТИЛАМИНОПЕНТАН";"";"NOT_ESTABLISHED_FOR_TRANSPORT_POSITION";"Отдельное значение для этой транспортной позиции в таблице 2.1 СанПиН 1.2.3685-21 не установлено.";"";"";""
"2947";"ИЗОПРОПИЛХЛОРАЦЕТАТ";"";"NOT_ESTABLISHED_FOR_TRANSPORT_POSITION";"Отдельное значение для этой транспортной позиции в таблице 2.1 СанПиН 1.2.3685-21 не установлено.";"";"";""
"2948";"3-ТРИФТОРМЕТИЛАНИЛИН";"";"MATCHED_SANPIN_2_1";"1,5/0,5 мг/м³ (максимальная разовая / среднесменная)";"2059";"3-(Трифторметил) аминобензол (трифторметиламинобензол; трифторметиланилин)";"name"
"2949";"НАТРИЯ ГИДРОСУЛЬФИД КРИСТАЛЛОГИДРАТ, содержащий не менее 25% кристаллизационной воды";"";"NOT_ESTABLISHED_FOR_TRANSPORT_POSITION";"Отдельное значение для этой транспортной позиции в таблице 2.1 СанПиН 1.2.3685-21 не установлено.";"";"";""
"2950";"МАГНИЙ В ГРАНУЛАХ ПОКРЫТЫХ, размер частиц не менее 149 микрон";"";"NOT_ESTABLISHED_FOR_TRANSPORT_POSITION";"Отдельное значение для этой транспортной позиции в таблице 2.1 СанПиН 1.2.3685-21 не установлено.";"";"";""
"2956";"5-трет-БУТИЛ-2,4,6-ТРИНИТРО- м-КСИЛОЛ (КСИЛОЛ МУСКУСНЫЙ)";"";"NOT_ESTABLISHED_FOR_TRANSPORT_POSITION";"Отдельное значение для этой транспортной позиции в таблице 2.1 СанПиН 1.2.3685-21 не установлено.";"";"";""
"2965";"ЭФИР БОРТРИФТОРДИМЕТИЛОВЫЙ";"";"NOT_ESTABLISHED_FOR_TRANSPORT_POSITION";"Отдельное значение для этой транспортной позиции в таблице 2.1 СанПиН 1.2.3685-21 не установлено.";"";"";""
"2966";"ТИОГЛИКОЛЬ";"";"NOT_ESTABLISHED_FOR_TRANSPORT_POSITION";"Отдельное значение для этой транспортной позиции в таблице 2.1 СанПиН 1.2.3685-21 не установлено.";"";"";""
"2967";"КИСЛОТА СУЛЬФАМИНОВАЯ";"";"MATCHED_SANPIN_2_1";"2 мг/м³";"66";"4-Аминобензолсульфоновая кислота (Сульфаминовая кислота)";"name"
"2968";"МАНЕБ СТАБИЛИЗИРОВАННЫЙ против самонагревания";"";"NOT_ESTABLISHED_FOR_TRANSPORT_POSITION";"Отдельное значение для этой транспортной позиции в таблице 2.1 СанПиН 1.2.3685-21 не установлено.";"";"";""
"2968";"МАНЕБА ПРЕПАРАТ СТАБИЛИЗИРОВАННЫЙ против самонагревания";"";"NOT_ESTABLISHED_FOR_TRANSPORT_POSITION";"Единая ПДК не устанавливается: контролируется по компонентному составу.";"";"";""
"2969";"КАСТОРОВАЯ МУКА";"";"NOT_ESTABLISHED_FOR_TRANSPORT_POSITION";"Отдельное значение для этой транспортной позиции в таблице 2.1 СанПиН 1.2.3685-21 не установлено.";"";"";""
"2969";"КАСТОРОВЫЕ БОБЫ";"";"NOT_ESTABLISHED_FOR_TRANSPORT_POSITION";"Отдельное значение для этой транспортной позиции в таблице 2.1 СанПиН 1.2.3685-21 не установлено.";"";"";""
"2969";"КАСТОРОВЫЙ ЖМЫХ";"";"NOT_ESTABLISHED_FOR_TRANSPORT_POSITION";"Отдельное значение для этой транспортной позиции в таблице 2.1 СанПиН 1.2.3685-21 не установлено.";"";"";""
"2969";"КАСТОРОВЫЕ ХЛОПЬЯ";"";"NOT_ESTABLISHED_FOR_TRANSPORT_POSITION";"Отдельное значение для этой транспортной позиции в таблице 2.1 СанПиН 1.2.3685-21 не установлено.";"";"";""
"2977";"РАДИОАКТИВНЫЙ МАТЕРИАЛ, УРАНА ГЕКСАФТОРИД, ДЕЛЯЩИЙСЯ";"";"NOT_ESTABLISHED_FOR_TRANSPORT_POSITION";"Единая ПДК не устанавливается: контролируется по компонентному составу.";"";"";""
"2978";"РАДИОАКТИВНЫЙ МАТЕРИАЛ, УРАНА ГЕКСАФТОРИД, неделящийся или делящийся-освобожденный";"";"NOT_ESTABLISHED_FOR_TRANSPORT_POSITION";"Единая ПДК не устанавливается: контролируется по компонентному составу.";"";"";""
"2983";"ЭТИЛЕНА ОКСИДА И ПРОПИЛЕНА ОКСИДА СМЕСЬ, содержащая не более 30% этилена оксида";"";"NOT_ESTABLISHED_FOR_TRANSPORT_POSITION";"Единая ПДК не устанавливается: контролируется по компонентному составу.";"";"";""
"2984";"ВОДОРОДА ПЕРОКСИДА ВОДНЫЙ РАСТВОР, содержащий не менее 8%, но менее 20% пероксида водорода (стабилизированный, если необходимо)";"";"NOT_ESTABLISHED_FOR_TRANSPORT_POSITION";"Отдельное значение для этой транспортной позиции в таблице 2.1 СанПиН 1.2.3685-21 не установлено.";"";"";""
"2985";"ХЛОРСИЛАНЫ ЛЕГКОВОСПЛАМЕНЯЮЩИЕСЯ КОРРОЗИОННЫЕ, Н.У.К.";"";"NOT_ESTABLISHED_FOR_TRANSPORT_POSITION";"Единая ПДК не устанавливается: контролируется по компонентному составу.";"";"";""
"2986";"ХЛОРСИЛАНЫ КОРРОЗИОННЫЕ ЛЕГКОВОСПЛАМЕНЯЮЩИЕСЯ, Н.У.К.";"";"NOT_ESTABLISHED_FOR_TRANSPORT_POSITION";"Единая ПДК не устанавливается: контролируется по компонентному составу.";"";"";""
"2987";"ХЛОРСИЛАНЫ КОРРОЗИОННЫЕ, Н.У.К.";"";"NOT_ESTABLISHED_FOR_TRANSPORT_POSITION";"Единая ПДК не устанавливается: контролируется по компонентному составу.";"";"";""
"2988";"ХЛОРСИЛАНЫ, РЕАГИРУЮЩИЕ С ВОДОЙ, ЛЕГКОВОСПЛАМЕНЯЮЩИЕСЯ КОРРОЗИОННЫЕ, Н.У. К.";"";"NOT_ESTABLISHED_FOR_TRANSPORT_POSITION";"Единая ПДК не устанавливается: контролируется по компонентному составу.";"";"";""
"2989";"СВИНЦА ФОСФИТ ДВУЗАМЕЩЕННЫЙ";"";"NOT_ESTABLISHED_FOR_TRANSPORT_POSITION";"Отдельное значение для этой транспортной позиции в таблице 2.1 СанПиН 1.2.3685-21 не установлено.";"";"";""
"2990";"СРЕДСТВА СПАСАТЕЛЬНЫЕ САМОНАДУВНЫЕ";"";"NOT_ESTABLISHED_FOR_TRANSPORT_POSITION";"Отдельное значение для этой транспортной позиции в таблице 2.1 СанПиН 1.2.3685-21 не установлено.";"";"";""
"2991";"ПЕСТИЦИД НА ОСНОВЕ КАРБАМАТОВ ЖИДКИЙ ТОКСИЧНЫЙ ЛЕГКОВОСПЛАМЕНЯЮЩИЙСЯ с температурой вспышки не менее 23°С";"";"NOT_ESTABLISHED_FOR_TRANSPORT_POSITION";"Отдельное значение для этой транспортной позиции в таблице 2.1 СанПиН 1.2.3685-21 не установлено.";"";"";""
"2992";"ПЕСТИЦИД НА ОСНОВЕ КАРБАМАТОВ ЖИДКИЙ ТОКСИЧНЫЙ";"";"NOT_ESTABLISHED_FOR_TRANSPORT_POSITION";"Отдельное значение для этой транспортной позиции в таблице 2.1 СанПиН 1.2.3685-21 не установлено.";"";"";""
"2993";"ПЕСТИЦИД МЫШЬЯКСОДЕРЖАЩИЙ ЖИДКИЙ ТОКСИЧНЫЙ ЛЕГКОВОСПЛАМЕНЯЮЩИЙСЯ с температурой вспышки не менее 23°С";"";"NOT_ESTABLISHED_FOR_TRANSPORT_POSITION";"Отдельное значение для этой транспортной позиции в таблице 2.1 СанПиН 1.2.3685-21 не установлено.";"";"";""
"2994";"ПЕСТИЦИД МЫШЬЯКСОДЕРЖАЩИЙ ЖИДКИЙ ТОКСИЧНЫЙ";"";"NOT_ESTABLISHED_FOR_TRANSPORT_POSITION";"Отдельное значение для этой транспортной позиции в таблице 2.1 СанПиН 1.2.3685-21 не установлено.";"";"";""
"2995";"ПЕСТИЦИД ХЛОРОРГАНИЧЕСКИЙ ЖИДКИЙ ТОКСИЧНЫЙ ЛЕГКОВОСПЛАМЕНЯЮЩИЙСЯ с температурой вспышки не менее 23°С";"";"NOT_ESTABLISHED_FOR_TRANSPORT_POSITION";"Отдельное значение для этой транспортной позиции в таблице 2.1 СанПиН 1.2.3685-21 не установлено.";"";"";""
"2996";"ПЕСТИЦИД ХЛОРОРГАНИЧЕСКИЙ ЖИДКИЙ ТОКСИЧНЫЙ";"";"NOT_ESTABLISHED_FOR_TRANSPORT_POSITION";"Отдельное значение для этой транспортной позиции в таблице 2.1 СанПиН 1.2.3685-21 не установлено.";"";"";""
"2997";"ПЕСТИЦИД НА ОСНОВЕ ТРИАЗИНОВ ЖИДКИЙ ТОКСИЧНЫЙ ЛЕГКОВОСПЛАМЕНЯЮЩИЙСЯ с температурой вспышки не менее 23°С";"";"NOT_ESTABLISHED_FOR_TRANSPORT_POSITION";"Отдельное значение для этой транспортной позиции в таблице 2.1 СанПиН 1.2.3685-21 не установлено.";"";"";""
"2998";"ПЕСТИЦИД НА ОСНОВЕ ТРИАЗИНОВ ЖИДКИЙ ТОКСИЧНЫЙ";"";"NOT_ESTABLISHED_FOR_TRANSPORT_POSITION";"Отдельное значение для этой транспортной позиции в таблице 2.1 СанПиН 1.2.3685-21 не установлено.";"";"";""
"3005";"ПЕСТИЦИД НА ОСНОВЕ ТИОКАРБАМАТОВ ЖИДКИЙ ТОКСИЧНЫЙ ЛЕГКОВОСПЛАМЕНЯЮЩИЙСЯ с температурой вспышки не менее 23°С";"";"NOT_ESTABLISHED_FOR_TRANSPORT_POSITION";"Отдельное значение для этой транспортной позиции в таблице 2.1 СанПиН 1.2.3685-21 не установлено.";"";"";""
"3006";"ПЕСТИЦИД НА ОСНОВЕ ТИОКАРБАМАТОВ ЖИДКИЙ ТОКСИЧНЫЙ";"";"NOT_ESTABLISHED_FOR_TRANSPORT_POSITION";"Отдельное значение для этой транспортной позиции в таблице 2.1 СанПиН 1.2.3685-21 не установлено.";"";"";""
"3009";"ПЕСТИЦИД МЕДЬСОДЕРЖАЩИЙ ЖИДКИЙ ТОКСИЧНЫЙ ЛЕГКОВОСПЛАМЕНЯЮЩИЙСЯ с температурой вспышки не менее 23°С";"";"NOT_ESTABLISHED_FOR_TRANSPORT_POSITION";"Отдельное значение для этой транспортной позиции в таблице 2.1 СанПиН 1.2.3685-21 не установлено.";"";"";""
"3010";"ПЕСТИЦИД МЕДЬСОДЕРЖАЩИЙ ЖИДКИЙ ТОКСИЧНЫЙ";"";"NOT_ESTABLISHED_FOR_TRANSPORT_POSITION";"Отдельное значение для этой транспортной позиции в таблице 2.1 СанПиН 1.2.3685-21 не установлено.";"";"";""
"3011";"ПЕСТИЦИД РТУТЬСОДЕРЖАЩИЙ ЖИДКИЙ ТОКСИЧНЫЙ ЛЕГКОВОСПЛАМЕНЯЮЩИЙСЯ с температурой вспышки не менее 23°С";"";"NOT_ESTABLISHED_FOR_TRANSPORT_POSITION";"Отдельное значение для этой транспортной позиции в таблице 2.1 СанПиН 1.2.3685-21 не установлено.";"";"";""
"3012";"ПЕСТИЦИД РТУТЬСОДЕРЖАЩИЙ ЖИДКИЙ ТОКСИЧНЫЙ";"";"NOT_ESTABLISHED_FOR_TRANSPORT_POSITION";"Отдельное значение для этой транспортной позиции в таблице 2.1 СанПиН 1.2.3685-21 не установлено.";"";"";""
"3013";"ПЕСТИЦИД — ПРОИЗВОДНЫЙ НИТРОФЕНОЛА ЖИДКИЙ ТОКСИЧНЫЙ ЛЕГКОВОСПЛАМЕНЯЮЩИЙСЯ с температурой вспышки не менее 23°С";"";"NOT_ESTABLISHED_FOR_TRANSPORT_POSITION";"Отдельное значение для этой транспортной позиции в таблице 2.1 СанПиН 1.2.3685-21 не установлено.";"";"";""
"3014";"ПЕСТИЦИД — ПРОИЗВОДНЫЙ НИТРОФЕНОЛА ЖИДКИЙ ТОКСИЧНЫЙ";"";"NOT_ESTABLISHED_FOR_TRANSPORT_POSITION";"Отдельное значение для этой транспортной позиции в таблице 2.1 СанПиН 1.2.3685-21 не установлено.";"";"";""
"3015";"ПЕСТИЦИД — ПРОИЗВОДНЫЙ ДИПИРИДИЛА ЖИДКИЙ ТОКСИЧНЫЙ ЛЕГКОВОСПЛАМЕНЯЮЩИЙСЯ с температурой вспышки не менее 23°С";"";"NOT_ESTABLISHED_FOR_TRANSPORT_POSITION";"Отдельное значение для этой транспортной позиции в таблице 2.1 СанПиН 1.2.3685-21 не установлено.";"";"";""
"3016";"ПЕСТИЦИД — ПРОИЗВОДНЫЙ ДИПИРИДИЛА ЖИДКИЙ ТОКСИЧНЫЙ";"";"NOT_ESTABLISHED_FOR_TRANSPORT_POSITION";"Отдельное значение для этой транспортной позиции в таблице 2.1 СанПиН 1.2.3685-21 не установлено.";"";"";""
"3017";"ПЕСТИЦИД ФОСФОРОРГАНИЧЕСКИЙ ЖИДКИЙ ТОКСИЧНЫЙ ЛЕГКОВОСПЛАМЕНЯЮЩИЙСЯ с температурой вспышки не менее 23°С";"";"NOT_ESTABLISHED_FOR_TRANSPORT_POSITION";"Отдельное значение для этой транспортной позиции в таблице 2.1 СанПиН 1.2.3685-21 не установлено.";"";"";""
"3018";"ПЕСТИЦИД ФОСФОРОРГАНИЧЕСКИЙ ЖИДКИЙ ТОКСИЧНЫЙ";"";"NOT_ESTABLISHED_FOR_TRANSPORT_POSITION";"Отдельное значение для этой транспортной позиции в таблице 2.1 СанПиН 1.2.3685-21 не установлено.";"";"";""
"3019";"ПЕСТИЦИД ОЛОВООРГАНИЧЕСКИЙ ЖИДКИЙ ТОКСИЧНЫЙ ЛЕГКОВОСПЛАМЕНЯЮЩИЙСЯ с температурой вспышки не менее 23°С";"";"NOT_ESTABLISHED_FOR_TRANSPORT_POSITION";"Отдельное значение для этой транспортной позиции в таблице 2.1 СанПиН 1.2.3685-21 не установлено.";"";"";""
"3020";"ПЕСТИЦИД ОЛОВООРГАНИЧЕСКИЙ ЖИДКИЙ ТОКСИЧНЫЙ";"";"NOT_ESTABLISHED_FOR_TRANSPORT_POSITION";"Отдельное значение для этой транспортной позиции в таблице 2.1 СанПиН 1.2.3685-21 не установлено.";"";"";""
"3021";"ПЕСТИЦИД ЖИДКИЙ ЛЕГКОВОСПЛАМЕНЯЮЩИЙСЯ ТОКСИЧНЫЙ, Н.У.К., с температурой вспышки менее 23°С";"";"NOT_ESTABLISHED_FOR_TRANSPORT_POSITION";"Единая ПДК не устанавливается: контролируется по компонентному составу.";"";"";""
"3022";"1,2-БУТИЛЕНОКСИД СТАБИЛИЗИРОВАННЫЙ";"";"NOT_ESTABLISHED_FOR_TRANSPORT_POSITION";"Отдельное значение для этой транспортной позиции в таблице 2.1 СанПиН 1.2.3685-21 не установлено.";"";"";""
"3023";"2-МЕТИЛ-2-ГЕПТАНТИОЛ";"";"NOT_ESTABLISHED_FOR_TRANSPORT_POSITION";"Отдельное значение для этой транспортной позиции в таблице 2.1 СанПиН 1.2.3685-21 не установлено.";"";"";""
"3024";"ПЕСТИЦИД — ПРОИЗВОДНЫЙ КУМАРИНА ЖИДКИЙ ЛЕГКОВОСПЛАМЕНЯЮЩИЙСЯ ТОКСИЧНЫЙ с температурой вспышки менее 23°С";"";"NOT_ESTABLISHED_FOR_TRANSPORT_POSITION";"Отдельное значение для этой транспортной позиции в таблице 2.1 СанПиН 1.2.3685-21 не установлено.";"";"";""
"3025";"ПЕСТИЦИД — ПРОИЗВОДНЫЙ КУМАРИНА ЖИДКИЙ ТОКСИЧНЫЙ ЛЕГКОВОСПЛАМЕНЯЮЩИЙСЯ с температурой вспышки не менее 23°С";"";"NOT_ESTABLISHED_FOR_TRANSPORT_POSITION";"Отдельное значение для этой транспортной позиции в таблице 2.1 СанПиН 1.2.3685-21 не установлено.";"";"";""
"3026";"ПЕСТИЦИД — ПРОИЗВОДНЫЙ КУМАРИНА ЖИДКИЙ ТОКСИЧНЫЙ";"";"NOT_ESTABLISHED_FOR_TRANSPORT_POSITION";"Отдельное значение для этой транспортной позиции в таблице 2.1 СанПиН 1.2.3685-21 не установлено.";"";"";""
"3027";"ПЕСТИЦИД — ПРОИЗВОДНЫЙ КУМАРИНА ТВЕРДЫЙ ТОКСИЧНЫЙ";"";"NOT_ESTABLISHED_FOR_TRANSPORT_POSITION";"Отдельное значение для этой транспортной позиции в таблице 2.1 СанПиН 1.2.3685-21 не установлено.";"";"";""
"3028";"БАТАРЕИ СУХИЕ, СОДЕРЖАЩИЕ КАЛИЯ ГИДРОКСИД ТВЕРДЫЙ, электрические аккумуляторные";"";"NOT_ESTABLISHED_FOR_TRANSPORT_POSITION";"Отдельное значение для этой транспортной позиции в таблице 2.1 СанПиН 1.2.3685-21 не установлено.";"";"";""
"3048";"ПЕСТИЦИД НА ОСНОВЕ ФОСФИДА АЛЮМИНИЯ";"";"NOT_ESTABLISHED_FOR_TRANSPORT_POSITION";"Отдельное значение для этой транспортной позиции в таблице 2.1 СанПиН 1.2.3685-21 не установлено.";"";"";""
"3054";"ЦИКЛОГЕКСИЛМЕРКАПТАН";"";"NOT_ESTABLISHED_FOR_TRANSPORT_POSITION";"Отдельное значение для этой транспортной позиции в таблице 2.1 СанПиН 1.2.3685-21 не установлено.";"";"";""
"3055";"2-(2-АМИНОЭТОКСИ)-ЭТАНОЛ";"";"NOT_ESTABLISHED_FOR_TRANSPORT_POSITION";"Отдельное значение для этой транспортной позиции в таблице 2.1 СанПиН 1.2.3685-21 не установлено.";"";"";""
"3056";"н-ГЕПТАЛЬДЕГИД";"";"NOT_ESTABLISHED_FOR_TRANSPORT_POSITION";"Отдельное значение для этой транспортной позиции в таблице 2.1 СанПиН 1.2.3685-21 не установлено.";"";"";""
"3057";"ТРИФТОРАЦЕТИЛХЛОРИД";"";"NOT_ESTABLISHED_FOR_TRANSPORT_POSITION";"Отдельное значение для этой транспортной позиции в таблице 2.1 СанПиН 1.2.3685-21 не установлено.";"";"";""
"3064";"НИТРОГЛИЦЕРИНА СПИРТОВОЙ РАСТВОР, содержащий более 1%, но не более 5% нитроглицерина";"";"NOT_ESTABLISHED_FOR_TRANSPORT_POSITION";"Отдельное значение для этой транспортной позиции в таблице 2.1 СанПиН 1.2.3685-21 не установлено.";"";"";""
"3065";"НАПИТКИ АЛКОГОЛЬНЫЕ, содержащие более 70% спирта по объему";"";"NOT_ESTABLISHED_FOR_TRANSPORT_POSITION";"Отдельное значение для этой транспортной позиции в таблице 2.1 СанПиН 1.2.3685-21 не установлено.";"";"";""
"3065";"НАПИТКИ АЛКОГОЛЬНЫЕ, содержащие более 24%, но не более 70% спирта по объему";"";"NOT_ESTABLISHED_FOR_TRANSPORT_POSITION";"Отдельное значение для этой транспортной позиции в таблице 2.1 СанПиН 1.2.3685-21 не установлено.";"";"";""
"3066";"КРАСКА (включая краску, лак, эмаль, краситель, шеллак, олифу, политуру, жидкий наполнитель и жидкую лаковую основу)";"";"NOT_ESTABLISHED_FOR_TRANSPORT_POSITION";"Отдельное значение для этой транспортной позиции в таблице 2.1 СанПиН 1.2.3685-21 не установлено.";"";"";""
"3066";"МАТЕРИАЛ ЛАКОКРАСОЧНЫЙ (включая растворитель или разбавитель краски)";"";"NOT_ESTABLISHED_FOR_TRANSPORT_POSITION";"Единая ПДК не устанавливается: контролируется по компонентному составу.";"";"";""
"3070";"ЭТИЛЕНА ОКСИДА И ДИХЛОРДИФТОРМЕТАНА СМЕСЬ, содержащая не более 12,5% этилена оксида";"";"NOT_ESTABLISHED_FOR_TRANSPORT_POSITION";"Единая ПДК не устанавливается: контролируется по компонентному составу.";"";"";""
"3071";"МЕРКАПТАНЫ ЖИДКИЕ ТОКСИЧНЫЕ ЛЕГКОВОСПЛАМЕНЯЮЩИЕСЯ, Н.У.К.";"";"NOT_ESTABLISHED_FOR_TRANSPORT_POSITION";"Единая ПДК не устанавливается: контролируется по компонентному составу.";"";"";""
"3071";"МЕРКАПТАНОВ СМЕСЬ ЖИДКАЯ ТОКСИЧНАЯ ЛЕГКОВОСПЛАМЕНЯЮЩАЯСЯ, Н.У.К.";"";"NOT_ESTABLISHED_FOR_TRANSPORT_POSITION";"Единая ПДК не устанавливается: контролируется по компонентному составу.";"";"";""
"3072";"СРЕДСТВА СПАСАТЕЛЬНЫЕ НЕСАМОНАДУВНЫЕ, содержащие в качестве оборудования опасные грузы";"";"NOT_ESTABLISHED_FOR_TRANSPORT_POSITION";"Отдельное значение для этой транспортной позиции в таблице 2.1 СанПиН 1.2.3685-21 не установлено.";"";"";""
"3073";"ВИНИЛПИРИДИНЫ СТАБИЛИЗИРОВАННЫЕ";"";"MATCHED_SANPIN_2_1";"0,5 мг/м³";"2410";"2-Этенилпиридин+ (2-винилпиридин)";"name"
"3077";"ВЕЩЕСТВО ТВЕРДОЕ, ОПАСНОЕ ДЛЯ ОКРУЖАЮЩЕЙ СРЕДЫ, Н.У.К.";"";"NOT_ESTABLISHED_FOR_TRANSPORT_POSITION";"Единая ПДК не устанавливается: контролируется по компонентному составу.";"";"";""
"3078";"ЦЕРИЙ, стружка или мелкий порошок";"";"NOT_ESTABLISHED_FOR_TRANSPORT_POSITION";"Отдельное значение для этой транспортной позиции в таблице 2.1 СанПиН 1.2.3685-21 не установлено.";"";"";""
"3079";"МЕТАКРИЛОНИТРИЛ СТАБИЛИЗИРОВАННЫЙ";"";"NOT_ESTABLISHED_FOR_TRANSPORT_POSITION";"Отдельное значение для этой транспортной позиции в таблице 2.1 СанПиН 1.2.3685-21 не установлено.";"";"";""
"3080";"ИЗОЦИАНАТЫ ТОКСИЧНЫЕ ЛЕГКОВОСПЛАМЕНЯЮЩИЕСЯ, Н.У.К.";"";"NOT_ESTABLISHED_FOR_TRANSPORT_POSITION";"Единая ПДК не устанавливается: контролируется по компонентному составу.";"";"";""
"3080";"ИЗОЦИАНАТА РАСТВОР ТОКСИЧНЫЙ ЛЕГКОВОСПЛАМЕНЯЮЩИЙСЯ, Н.У.К.";"";"NOT_ESTABLISHED_FOR_TRANSPORT_POSITION";"Единая ПДК не устанавливается: контролируется по компонентному составу.";"";"";""
"3082";"ВЕЩЕСТВО ЖИДКОЕ, ОПАСНОЕ ДЛЯ ОКРУЖАЮЩЕЙ СРЕДЫ, Н.У.К.";"";"NOT_ESTABLISHED_FOR_TRANSPORT_POSITION";"Единая ПДК не устанавливается: контролируется по компонентному составу.";"";"";""
"3083";"ПЕРХЛОРИЛФТОРИД";"";"NOT_ESTABLISHED_FOR_TRANSPORT_POSITION";"Отдельное значение для этой транспортной позиции в таблице 2.1 СанПиН 1.2.3685-21 не установлено.";"";"";""
"3084";"КОРРОЗИОННОЕ ТВЕРДОЕ ВЕЩЕСТВО ОКИСЛЯЮЩЕЕ, Н.У.К.";"";"NOT_ESTABLISHED_FOR_TRANSPORT_POSITION";"Единая ПДК не устанавливается: контролируется по компонентному составу.";"";"";""
"3085";"ОКИСЛЯЮЩЕЕ ТВЕРДОЕ ВЕЩЕСТВО КОРРОЗИОННОЕ, Н.У.К.";"";"NOT_ESTABLISHED_FOR_TRANSPORT_POSITION";"Единая ПДК не устанавливается: контролируется по компонентному составу.";"";"";""
"3086";"ТОКСИЧНОЕ ТВЕРДОЕ ВЕЩЕСТВО ОКИСЛЯЮЩЕЕ, Н.У.К.";"";"NOT_ESTABLISHED_FOR_TRANSPORT_POSITION";"Единая ПДК не устанавливается: контролируется по компонентному составу.";"";"";""
"3087";"ОКИСЛЯЮЩЕЕ ТВЕРДОЕ ВЕЩЕСТВО ТОКСИЧНОЕ, Н.У.К.";"";"NOT_ESTABLISHED_FOR_TRANSPORT_POSITION";"Единая ПДК не устанавливается: контролируется по компонентному составу.";"";"";""
"3088";"САМОНАГРЕВАЮЩЕЕСЯ ТВЕРДОЕ ВЕЩЕСТВО ОРГАНИЧЕСКОЕ, Н.У.К.";"";"NOT_ESTABLISHED_FOR_TRANSPORT_POSITION";"Единая ПДК не устанавливается: контролируется по компонентному составу.";"";"";""
"3089";"МЕТАЛЛИЧЕСКИЙ ПОРОШОК ЛЕГКОВОСПЛАМЕНЯЮЩИЙСЯ, Н.У.К.";"";"NOT_ESTABLISHED_FOR_TRANSPORT_POSITION";"Единая ПДК не устанавливается: контролируется по компонентному составу.";"";"";""
"3090";"БАТАРЕИ ЛИТИЙ-МЕТАЛЛИЧЕСКИЕ (включая батареи из литиевого сплава)";"";"NOT_ESTABLISHED_FOR_TRANSPORT_POSITION";"Отдельное значение для этой транспортной позиции в таблице 2.1 СанПиН 1.2.3685-21 не установлено.";"";"";""
"3091";"БАТАРЕИ ЛИТИЙ-МЕТАЛЛИЧЕСКИЕ, СОДЕРЖАЩИЕСЯ В ОБОРУДОВАНИИ (включая батареи из литиевого сплава)";"";"NOT_ESTABLISHED_FOR_TRANSPORT_POSITION";"Отдельное значение для этой транспортной позиции в таблице 2.1 СанПиН 1.2.3685-21 не установлено.";"";"";""
"3091";"БАТАРЕИ ЛИТИЙ-МЕТАЛЛИЧЕСКИЕ, УПАКОВАННЫЕ С ОБОРУДОВАНИЕМ (включая батареи из литиевого сплава)";"";"NOT_ESTABLISHED_FOR_TRANSPORT_POSITION";"Отдельное значение для этой транспортной позиции в таблице 2.1 СанПиН 1.2.3685-21 не установлено.";"";"";""
"3092";"1-МЕТОКСИ-2-ПРОПАНОЛ";"";"NOT_ESTABLISHED_FOR_TRANSPORT_POSITION";"Отдельное значение для этой транспортной позиции в таблице 2.1 СанПиН 1.2.3685-21 не установлено.";"";"";""
"3093";"КОРРОЗИОННАЯ ЖИДКОСТЬ ОКИСЛЯЮЩАЯ, Н.У.К.";"";"NOT_ESTABLISHED_FOR_TRANSPORT_POSITION";"Единая ПДК не устанавливается: контролируется по компонентному составу.";"";"";""
"3094";"КОРРОЗИОННАЯ ЖИДКОСТЬ, РЕАГИРУЮЩАЯ С ВОДОЙ, Н.У.К.";"";"NOT_ESTABLISHED_FOR_TRANSPORT_POSITION";"Единая ПДК не устанавливается: контролируется по компонентному составу.";"";"";""
"3095";"КОРРОЗИОННОЕ ТВЕРДОЕ ВЕЩЕСТВО, САМОНАГРЕВАЮЩЕЕСЯ, Н.У.К.";"";"NOT_ESTABLISHED_FOR_TRANSPORT_POSITION";"Единая ПДК не устанавливается: контролируется по компонентному составу.";"";"";""
"3096";"КОРРОЗИОННОЕ ТВЕРДОЕ ВЕЩЕСТВО, РЕАГИРУЮЩЕЕ С ВОДОЙ, Н.У.К.";"";"NOT_ESTABLISHED_FOR_TRANSPORT_POSITION";"Единая ПДК не устанавливается: контролируется по компонентному составу.";"";"";""
"3097";"ЛЕГКОВОСПЛАМЕНЯЮЩЕЕСЯ ТВЕРДОЕ ВЕЩЕСТВО ОКИСЛЯЮЩЕЕ, Н.У.К.";"";"NOT_ESTABLISHED_FOR_TRANSPORT_POSITION";"Единая ПДК не устанавливается: контролируется по компонентному составу.";"";"";""
"3098";"ОКИСЛЯЮЩАЯ ЖИДКОСТЬ КОРРОЗИОННАЯ, Н.У.К.";"";"NOT_ESTABLISHED_FOR_TRANSPORT_POSITION";"Единая ПДК не устанавливается: контролируется по компонентному составу.";"";"";""
"3099";"ОКИСЛЯЮЩАЯ ЖИДКОСТЬ ТОКСИЧНАЯ, Н.У.К.";"";"NOT_ESTABLISHED_FOR_TRANSPORT_POSITION";"Единая ПДК не устанавливается: контролируется по компонентному составу.";"";"";""
"3100";"ОКИСЛЯЮЩЕЕ ТВЕРДОЕ ВЕЩЕСТВО САМОНАГРЕВАЮЩЕЕСЯ, Н.У.К.";"";"NOT_ESTABLISHED_FOR_TRANSPORT_POSITION";"Единая ПДК не устанавливается: контролируется по компонентному составу.";"";"";""
"3101";"ОРГАНИЧЕСКИЙ ПЕРОКСИД ТИПА В ЖИДКИЙ";"";"NOT_ESTABLISHED_FOR_TRANSPORT_POSITION";"Отдельное значение для этой транспортной позиции в таблице 2.1 СанПиН 1.2.3685-21 не установлено.";"";"";""
"3102";"ОРГАНИЧЕСКИЙ ПЕРОКСИД ТИПА В ТВЕРДЫЙ";"";"NOT_ESTABLISHED_FOR_TRANSPORT_POSITION";"Отдельное значение для этой транспортной позиции в таблице 2.1 СанПиН 1.2.3685-21 не установлено.";"";"";""
"3103";"ОРГАНИЧЕСКИЙ ПЕРОКСИД ТИПА С ЖИДКИЙ";"";"NOT_ESTABLISHED_FOR_TRANSPORT_POSITION";"Отдельное значение для этой транспортной позиции в таблице 2.1 СанПиН 1.2.3685-21 не установлено.";"";"";""
"3104";"ОРГАНИЧЕСКИЙ ПЕРОКСИД ТИПА С ТВЕРДЫЙ";"";"NOT_ESTABLISHED_FOR_TRANSPORT_POSITION";"Отдельное значение для этой транспортной позиции в таблице 2.1 СанПиН 1.2.3685-21 не установлено.";"";"";""
"3105";"ОРГАНИЧЕСКИЙ ПЕРОКСИД ТИПА D ЖИДКИЙ";"";"NOT_ESTABLISHED_FOR_TRANSPORT_POSITION";"Отдельное значение для этой транспортной позиции в таблице 2.1 СанПиН 1.2.3685-21 не установлено.";"";"";""
"3106";"ОРГАНИЧЕСКИЙ ПЕРОКСИД ТИПА D ТВЕРДЫЙ";"";"NOT_ESTABLISHED_FOR_TRANSPORT_POSITION";"Отдельное значение для этой транспортной позиции в таблице 2.1 СанПиН 1.2.3685-21 не установлено.";"";"";""
"3107";"ОРГАНИЧЕСКИЙ ПЕРОКСИД ТИПА Е ЖИДКИЙ";"";"NOT_ESTABLISHED_FOR_TRANSPORT_POSITION";"Отдельное значение для этой транспортной позиции в таблице 2.1 СанПиН 1.2.3685-21 не установлено.";"";"";""
"3108";"ОРГАНИЧЕСКИЙ ПЕРОКСИД ТИПА Е ТВЕРДЫЙ";"";"NOT_ESTABLISHED_FOR_TRANSPORT_POSITION";"Отдельное значение для этой транспортной позиции в таблице 2.1 СанПиН 1.2.3685-21 не установлено.";"";"";""
"3109";"ОРГАНИЧЕСКИЙ ПЕРОКСИД ТИПА F ЖИДКИЙ";"";"NOT_ESTABLISHED_FOR_TRANSPORT_POSITION";"Отдельное значение для этой транспортной позиции в таблице 2.1 СанПиН 1.2.3685-21 не установлено.";"";"";""
"3110";"ОРГАНИЧЕСКИЙ ПЕРОКСИД ТИПА F ТВЕРДЫЙ";"";"NOT_ESTABLISHED_FOR_TRANSPORT_POSITION";"Отдельное значение для этой транспортной позиции в таблице 2.1 СанПиН 1.2.3685-21 не установлено.";"";"";""
"3111";"ОРГАНИЧЕСКИЙ ПЕРОКСИД ТИПА В ЖИДКИЙ С РЕГУЛИРУЕМОЙ ТЕМПЕРАТУРОЙ";"";"NOT_ESTABLISHED_FOR_TRANSPORT_POSITION";"Отдельное значение для этой транспортной позиции в таблице 2.1 СанПиН 1.2.3685-21 не установлено.";"";"";""
"3112";"ОРГАНИЧЕСКИЙ ПЕРОКСИД ТИПА В ТВЕРДЫЙ С РЕГУЛИРУЕМОЙ ТЕМПЕРАТУРОЙ";"";"NOT_ESTABLISHED_FOR_TRANSPORT_POSITION";"Отдельное значение для этой транспортной позиции в таблице 2.1 СанПиН 1.2.3685-21 не установлено.";"";"";""
"3113";"ОРГАНИЧЕСКИЙ ПЕРОКСИД ТИПА С ЖИДКИЙ С РЕГУЛИРУЕМОЙ ТЕМПЕРАТУРОЙ";"";"NOT_ESTABLISHED_FOR_TRANSPORT_POSITION";"Отдельное значение для этой транспортной позиции в таблице 2.1 СанПиН 1.2.3685-21 не установлено.";"";"";""
"3114";"ОРГАНИЧЕСКИЙ ПЕРОКСИД ТИПА С ТВЕРДЫЙ С РЕГУЛИРУЕМОЙ ТЕМПЕРАТУРОЙ";"";"NOT_ESTABLISHED_FOR_TRANSPORT_POSITION";"Отдельное значение для этой транспортной позиции в таблице 2.1 СанПиН 1.2.3685-21 не установлено.";"";"";""
"3115";"ОРГАНИЧЕСКИЙ ПЕРОКСИД ТИПА D ЖИДКИЙ С РЕГУЛИРУЕМОЙ ТЕМПЕРАТУРОЙ";"";"NOT_ESTABLISHED_FOR_TRANSPORT_POSITION";"Отдельное значение для этой транспортной позиции в таблице 2.1 СанПиН 1.2.3685-21 не установлено.";"";"";""
"3116";"ОРГАНИЧЕСКИЙ ПЕРОКСИД ТИПА D ТВЕРДЫЙ С РЕГУЛИРУЕМОЙ ТЕМПЕРАТУРОЙ";"";"NOT_ESTABLISHED_FOR_TRANSPORT_POSITION";"Отдельное значение для этой транспортной позиции в таблице 2.1 СанПиН 1.2.3685-21 не установлено.";"";"";""
"3117";"ОРГАНИЧЕСКИЙ ПЕРОКСИД ТИПА E ЖИДКИЙ С РЕГУЛИРУЕМОЙ ТЕМПЕРАТУРОЙ";"";"NOT_ESTABLISHED_FOR_TRANSPORT_POSITION";"Отдельное значение для этой транспортной позиции в таблице 2.1 СанПиН 1.2.3685-21 не установлено.";"";"";""
"3118";"ОРГАНИЧЕСКИЙ ПЕРОКСИД ТИПА Е ТВЕРДЫЙ С РЕГУЛИРУЕМОЙ ТЕМПЕРАТУРОЙ";"";"NOT_ESTABLISHED_FOR_TRANSPORT_POSITION";"Отдельное значение для этой транспортной позиции в таблице 2.1 СанПиН 1.2.3685-21 не установлено.";"";"";""
"3119";"ОРГАНИЧЕСКИЙ ПЕРОКСИД ТИПА F ЖИДКИЙ С РЕГУЛИРУЕМОЙ ТЕМПЕРАТУРОЙ";"";"NOT_ESTABLISHED_FOR_TRANSPORT_POSITION";"Отдельное значение для этой транспортной позиции в таблице 2.1 СанПиН 1.2.3685-21 не установлено.";"";"";""
"3120";"ОРГАНИЧЕСКИЙ ПЕРОКСИД ТИПА F ТВЕРДЫЙ С РЕГУЛИРУЕМОЙ ТЕМПЕРАТУРОЙ";"";"NOT_ESTABLISHED_FOR_TRANSPORT_POSITION";"Отдельное значение для этой транспортной позиции в таблице 2.1 СанПиН 1.2.3685-21 не установлено.";"";"";""
"3121";"ОКИСЛЯЮЩЕЕ ТВЕРДОЕ ВЕЩЕСТВО, РЕАГИРУЮЩЕЕ С ВОДОЙ, Н.У.К.";"";"NOT_ESTABLISHED_FOR_TRANSPORT_POSITION";"Единая ПДК не устанавливается: контролируется по компонентному составу.";"";"";""
"3122";"ТОКСИЧНАЯ ЖИДКОСТЬ ОКИСЛЯЮЩАЯ, Н.У.К.";"";"NOT_ESTABLISHED_FOR_TRANSPORT_POSITION";"Единая ПДК не устанавливается: контролируется по компонентному составу.";"";"";""
"3123";"ТОКСИЧНАЯ ЖИДКОСТЬ, РЕАГИРУЮЩАЯ С ВОДОЙ, Н.У.К.";"";"NOT_ESTABLISHED_FOR_TRANSPORT_POSITION";"Единая ПДК не устанавливается: контролируется по компонентному составу.";"";"";""
"3124";"ТОКСИЧНОЕ ТВЕРДОЕ ВЕЩЕСТВО, САМОНАГРЕВАЮЩЕЕСЯ, Н.У.К.";"";"NOT_ESTABLISHED_FOR_TRANSPORT_POSITION";"Единая ПДК не устанавливается: контролируется по компонентному составу.";"";"";""
"3125";"ТОКСИЧНОЕ ТВЕРДОЕ ВЕЩЕСТВО, РЕАГИРУЮЩЕЕ С ВОДОЙ, Н.У.К.";"";"NOT_ESTABLISHED_FOR_TRANSPORT_POSITION";"Единая ПДК не устанавливается: контролируется по компонентному составу.";"";"";""
"3126";"САМОНАГРЕВАЮЩЕЕСЯ ТВЕРДОЕ ВЕЩЕСТВО КОРРОЗИОННОЕ ОРГАНИЧЕСКОЕ, Н.У.К.";"";"NOT_ESTABLISHED_FOR_TRANSPORT_POSITION";"Единая ПДК не устанавливается: контролируется по компонентному составу.";"";"";""
"3127";"САМОНАГРЕВАЮЩЕЕСЯ ТВЕРДОЕ ВЕЩЕСТВО ОКИСЛЯЮЩЕЕ, Н.У.К.";"";"NOT_ESTABLISHED_FOR_TRANSPORT_POSITION";"Единая ПДК не устанавливается: контролируется по компонентному составу.";"";"";""
"3128";"САМОНАГРЕВАЮЩЕЕСЯ ТВЕРДОЕ ВЕЩЕСТВО ТОКСИЧНОЕ ОРГАНИЧЕСКОЕ, Н.У.К.";"";"NOT_ESTABLISHED_FOR_TRANSPORT_POSITION";"Единая ПДК не устанавливается: контролируется по компонентному составу.";"";"";""
"3129";"РЕАГИРУЮЩАЯ С ВОДОЙ ЖИДКОСТЬ КОРРОЗИОННАЯ, Н.У.К.";"";"NOT_ESTABLISHED_FOR_TRANSPORT_POSITION";"Единая ПДК не устанавливается: контролируется по компонентному составу.";"";"";""
"3130";"РЕАГИРУЮЩАЯ С ВОДОЙ ЖИДКОСТЬ ТОКСИЧНАЯ, Н.У.К.";"";"NOT_ESTABLISHED_FOR_TRANSPORT_POSITION";"Единая ПДК не устанавливается: контролируется по компонентному составу.";"";"";""
"3131";"РЕАГИРУЮЩЕЕ С ВОДОЙ ТВЕРДОЕ ВЕЩЕСТВО КОРРОЗИОННОЕ, Н.У.К.";"";"NOT_ESTABLISHED_FOR_TRANSPORT_POSITION";"Единая ПДК не устанавливается: контролируется по компонентному составу.";"";"";""
"3132";"РЕАГИРУЮЩЕЕ С ВОДОЙ ТВЕРДОЕ ВЕЩЕСТВО ЛЕГКОВОСПЛАМЕНЯЮЩЕЕСЯ, Н.У.К.";"";"NOT_ESTABLISHED_FOR_TRANSPORT_POSITION";"Единая ПДК не устанавливается: контролируется по компонентному составу.";"";"";""
"3133";"РЕАГИРУЮЩЕЕ С ВОДОЙ ТВЕРДОЕ ВЕЩЕСТВО ОКИСЛЯЮЩЕЕ, Н.У.К";"";"NOT_ESTABLISHED_FOR_TRANSPORT_POSITION";"Отдельное значение для этой транспортной позиции в таблице 2.1 СанПиН 1.2.3685-21 не установлено.";"";"";""
"3134";"РЕАГИРУЮЩЕЕ С ВОДОЙ ТВЕРДОЕ ВЕЩЕСТВО ТОКСИЧНОЕ, Н.У.К.";"";"NOT_ESTABLISHED_FOR_TRANSPORT_POSITION";"Единая ПДК не устанавливается: контролируется по компонентному составу.";"";"";""
"3135";"РЕАГИРУЮЩЕЕ С ВОДОЙ ТВЕРДОЕ ВЕЩЕСТВО САМОНАГРЕВАЮЩЕЕСЯ, Н.У.К.";"";"NOT_ESTABLISHED_FOR_TRANSPORT_POSITION";"Единая ПДК не устанавливается: контролируется по компонентному составу.";"";"";""
"3136";"ТРИФТОРМЕТАН ОХЛАЖДЕННЫЙ ЖИДКИЙ";"";"MATCHED_SANPIN_2_1";"3000 мг/м³";"2057";"Трифторметан (Фреон 23; Хладон 23)";"name"
"3137";"ОКИСЛЯЮЩЕЕ ТВЕРДОЕ ВЕЩЕСТВО, ЛЕГКОВОСПЛАМЕНЯЮЩЕЕСЯ, Н.У.К.";"";"NOT_ESTABLISHED_FOR_TRANSPORT_POSITION";"Единая ПДК не устанавливается: контролируется по компонентному составу.";"";"";""
"3138";"ЭТИЛЕНА, АЦЕТИЛЕНА И ПРОПИЛЕНА СМЕСЬ ОХЛАЖДЕННАЯ ЖИДКАЯ, содержащая не менее 71,5% этилена, не более 22,5% ацетилена и не более 6% пропилена";"";"NOT_ESTABLISHED_FOR_TRANSPORT_POSITION";"Единая ПДК не устанавливается: контролируется по компонентному составу.";"";"";""
"3139";"ОКИСЛЯЮЩАЯ ЖИДКОСТЬ, Н.У.К.";"";"NOT_ESTABLISHED_FOR_TRANSPORT_POSITION";"Единая ПДК не устанавливается: контролируется по компонентному составу.";"";"";""
"3140";"АЛКАЛОИДЫ ЖИДКИЕ, Н.У.К.";"";"NOT_ESTABLISHED_FOR_TRANSPORT_POSITION";"Единая ПДК не устанавливается: контролируется по компонентному составу.";"";"";""
"3140";"АЛКАЛОИДОВ СОЛИ ЖИДКИЕ, Н.У.К.";"";"NOT_ESTABLISHED_FOR_TRANSPORT_POSITION";"Единая ПДК не устанавливается: контролируется по компонентному составу.";"";"";""
"3141";"СУРЬМЫ СОЕДИНЕНИЕ НЕОРГАНИЧЕСКОЕ ЖИДКОЕ, Н.У.К.";"";"NOT_ESTABLISHED_FOR_TRANSPORT_POSITION";"Единая ПДК не устанавливается: контролируется по компонентному составу.";"";"";""
"3142";"ДЕЗИНФИЦИРУЮЩАЯ ЖИДКОСТЬ ТОКСИЧНАЯ, Н.У.К.";"";"NOT_ESTABLISHED_FOR_TRANSPORT_POSITION";"Единая ПДК не устанавливается: контролируется по компонентному составу.";"";"";""
"3143";"КРАСИТЕЛЬ ТВЕРДЫЙ ТОКСИЧНЫЙ, Н.У.К.";"";"NOT_ESTABLISHED_FOR_TRANSPORT_POSITION";"Единая ПДК не устанавливается: контролируется по компонентному составу.";"";"";""
"3143";"ПОЛУПРОДУКТ СИНТЕЗА КРАСИТЕЛЕЙ ТВЕРДЫЙ ТОКСИЧНЫЙ, Н.У.К.";"";"NOT_ESTABLISHED_FOR_TRANSPORT_POSITION";"Единая ПДК не устанавливается: контролируется по компонентному составу.";"";"";""
"3144";"НИКОТИНА СОЕДИНЕНИЕ ЖИДКОЕ, Н.У.К.";"";"NOT_ESTABLISHED_FOR_TRANSPORT_POSITION";"Единая ПДК не устанавливается: контролируется по компонентному составу.";"";"";""
"3144";"НИКОТИНА ПРЕПАРАТ ЖИДКИЙ, Н.У.К.";"";"NOT_ESTABLISHED_FOR_TRANSPORT_POSITION";"Единая ПДК не устанавливается: контролируется по компонентному составу.";"";"";""
"3145";"АЛКИЛФЕНОЛЫ ЖИДКИЕ, Н.У.К. (включая С2-С12 гомологи)";"";"NOT_ESTABLISHED_FOR_TRANSPORT_POSITION";"Единая ПДК не устанавливается: контролируется по компонентному составу.";"";"";""
"3146";"ОЛОВООРГАНИЧЕСКОЕ СОЕДИНЕНИЕ ТВЕРДОЕ, Н.У.К.";"";"NOT_ESTABLISHED_FOR_TRANSPORT_POSITION";"Единая ПДК не устанавливается: контролируется по компонентному составу.";"";"";""
"3147";"КРАСИТЕЛЬ ТВЕРДЫЙ КОРРОЗИОННЫЙ, Н.У.К.";"";"NOT_ESTABLISHED_FOR_TRANSPORT_POSITION";"Единая ПДК не устанавливается: контролируется по компонентному составу.";"";"";""
"3147";"ПОЛУПРОДУКТ СИНТЕЗА КРАСИТЕЛЕЙ ТВЕРДЫЙ КОРРОЗИОННЫЙ, Н.У.К.";"";"NOT_ESTABLISHED_FOR_TRANSPORT_POSITION";"Единая ПДК не устанавливается: контролируется по компонентному составу.";"";"";""
"3148";"РЕАГИРУЮЩАЯ С ВОДОЙ ЖИДКОСТЬ, Н.У.К.";"";"NOT_ESTABLISHED_FOR_TRANSPORT_POSITION";"Единая ПДК не устанавливается: контролируется по компонентному составу.";"";"";""
"3149";"ВОДОРОДА ПЕРОКСИДА И КИСЛОТЫ НАДУКСУСНОЙ СМЕСЬ с кислотой (кислотами), водой и не более 5% надуксусной кислоты, СТАБИЛИЗИРОВАННАЯ";"";"NOT_ESTABLISHED_FOR_TRANSPORT_POSITION";"Единая ПДК не устанавливается: контролируется по компонентному составу.";"";"";""
"3150";"УСТРОЙСТВА МАЛЫЕ, ПРИВОДИМЫЕ В ДЕЙСТВИЕ УГЛЕВОДОРОДНЫМ ГАЗОМ";"";"NOT_ESTABLISHED_FOR_TRANSPORT_POSITION";"Отдельное значение для этой транспортной позиции в таблице 2.1 СанПиН 1.2.3685-21 не установлено.";"";"";""
"3150";"БАЛЛОНЫ С УГЛЕВОДОРОДНЫМ ГАЗОМ ДЛЯ МАЛЫХ УСТРОЙСТВ с выпускным приспособлением";"";"NOT_ESTABLISHED_FOR_TRANSPORT_POSITION";"Отдельное значение для этой транспортной позиции в таблице 2.1 СанПиН 1.2.3685-21 не установлено.";"";"";""
"3151";"ПОЛИГАЛОГЕНИРОВАННЫЕ ДИФЕНИЛЫ ЖИДКИЕ";"";"NOT_ESTABLISHED_FOR_TRANSPORT_POSITION";"Отдельное значение для этой транспортной позиции в таблице 2.1 СанПиН 1.2.3685-21 не установлено.";"";"";""
"3151";"МОНОМЕТИЛДИФЕНИЛМЕТАНЫ ГАЛОГЕНИРОВАННЫЕ ЖИДКИЕ";"";"NOT_ESTABLISHED_FOR_TRANSPORT_POSITION";"Отдельное значение для этой транспортной позиции в таблице 2.1 СанПиН 1.2.3685-21 не установлено.";"";"";""
"3151";"ПОЛИГАЛОГЕНИРОВАННЫЕ ТЕРФЕНИЛЫ ЖИДКИЕ";"";"NOT_ESTABLISHED_FOR_TRANSPORT_POSITION";"Отдельное значение для этой транспортной позиции в таблице 2.1 СанПиН 1.2.3685-21 не установлено.";"";"";""
"3152";"ПОЛИГАЛОГЕНИРОВАННЫЕ ДИФЕНИЛЫ ТВЕРДЫЕ";"";"NOT_ESTABLISHED_FOR_TRANSPORT_POSITION";"Отдельное значение для этой транспортной позиции в таблице 2.1 СанПиН 1.2.3685-21 не установлено.";"";"";""
"3152";"МОНОМЕТИЛДИФЕНИЛМЕТАНЫ ГАЛОГЕНИРОВАННЫЕ ТВЕРДЫЕ";"";"NOT_ESTABLISHED_FOR_TRANSPORT_POSITION";"Отдельное значение для этой транспортной позиции в таблице 2.1 СанПиН 1.2.3685-21 не установлено.";"";"";""
"3152";"ПОЛИГАЛОГЕНИРОВАННЫЕ ТЕРФЕНИЛЫ ТВЕРДЫЕ";"";"NOT_ESTABLISHED_FOR_TRANSPORT_POSITION";"Отдельное значение для этой транспортной позиции в таблице 2.1 СанПиН 1.2.3685-21 не установлено.";"";"";""
"3153";"ЭФИР ПЕРФТОР(МЕТИЛВИНИЛОВЫЙ)";"";"MATCHED_SANPIN_2_1";"5 мг/м³";"1424";"(1-Метилэтенил) бензол (1-метилвинил) бензол; -метилстирол))";"name"
"3154";"ЭФИР ПЕРФТОР(ЭТИЛВИНИЛОВЫЙ)";"";"NOT_ESTABLISHED_FOR_TRANSPORT_POSITION";"Отдельное значение для этой транспортной позиции в таблице 2.1 СанПиН 1.2.3685-21 не установлено.";"";"";""
"3155";"ПЕНТАХЛОРФЕНОЛ";"";"MATCHED_SANPIN_2_1";"0,3/0,1 мг/м³ (максимальная разовая / среднесменная)";"1671";"Пентахлоргидроксибензол+ (пентахлорфенол)";"name"
"3156";"ГАЗ СЖАТЫЙ ОКИСЛЯЮЩИЙ, Н.У.К.";"";"NOT_ESTABLISHED_FOR_TRANSPORT_POSITION";"Единая ПДК не устанавливается: контролируется по компонентному составу.";"";"";""
"3157";"ГАЗ СЖИЖЕННЫЙ ОКИСЛЯЮЩИЙ, Н.У.К.";"";"NOT_ESTABLISHED_FOR_TRANSPORT_POSITION";"Единая ПДК не устанавливается: контролируется по компонентному составу.";"";"";""
"3158";"ГАЗ ОХЛАЖДЕННЫЙ ЖИДКИЙ, Н.У.К.";"";"NOT_ESTABLISHED_FOR_TRANSPORT_POSITION";"Единая ПДК не устанавливается: контролируется по компонентному составу.";"";"";""
"3159";"1,1,1,2-ТЕТРАФТОРЭТАН (ГАЗ РЕФРИЖЕРАТОРНЫЙ R 134a)";"";"MATCHED_SANPIN_2_1";"3000 мг/м³";"1956";"1,1,1,2-Тетрафторэтан (Фреон 134-а; Хладон 134-а)";"name"
"3160";"ГАЗ СЖИЖЕННЫЙ ТОКСИЧНЫЙ ЛЕГКОВОСПЛАМЕНЯЮЩИЙСЯ, Н.У.К.";"";"NOT_ESTABLISHED_FOR_TRANSPORT_POSITION";"Единая ПДК не устанавливается: контролируется по компонентному составу.";"";"";""
"3161";"ГАЗ СЖИЖЕННЫЙ ЛЕГКОВОСПЛАМЕНЯЮЩИЙСЯ, Н.У.К.";"";"NOT_ESTABLISHED_FOR_TRANSPORT_POSITION";"Единая ПДК не устанавливается: контролируется по компонентному составу.";"";"";""
"3162";"ГАЗ СЖИЖЕННЫЙ ТОКСИЧНЫЙ, Н.У.К.";"";"NOT_ESTABLISHED_FOR_TRANSPORT_POSITION";"Единая ПДК не устанавливается: контролируется по компонентному составу.";"";"";""
"3163";"ГАЗ СЖИЖЕННЫЙ, Н.У.К.";"";"NOT_ESTABLISHED_FOR_TRANSPORT_POSITION";"Единая ПДК не устанавливается: контролируется по компонентному составу.";"";"";""
"3164";"ИЗДЕЛИЯ ПОД ПНЕВМАТИЧЕСКИМ ДАВЛЕНИЕМ (содержащие невоспламеняющийся газ)";"";"NOT_ESTABLISHED_FOR_TRANSPORT_POSITION";"Единая ПДК не устанавливается: контролируется по компонентному составу.";"";"";""
"3164";"ИЗДЕЛИЯ ПОД ГИДРАВЛИЧЕСКИМ ДАВЛЕНИЕМ (содержащие невоспламеняющийся газ)";"";"NOT_ESTABLISHED_FOR_TRANSPORT_POSITION";"Единая ПДК не устанавливается: контролируется по компонентному составу.";"";"";""
"3165";"АВИАЦИОННАЯ ГИДРАВЛИЧЕСКАЯ ТОПЛИВНАЯ ЦИСТЕРНА С БЛОКОМ ПИТАНИЯ (содержащая смесь гидразина безводного и метилгидразина) (топливо М 86)";"";"NOT_ESTABLISHED_FOR_TRANSPORT_POSITION";"Единая ПДК не устанавливается: контролируется по компонентному составу.";"";"";""
"3166";"ТРАНСПОРТНОЕ СРЕДСТВО, РАБОТАЮЩЕЕ НА ЛЕГКОВОСПЛАМЕНЯЮЩЕМСЯ ГАЗЕ";"";"NOT_ESTABLISHED_FOR_TRANSPORT_POSITION";"Отдельное значение для этой транспортной позиции в таблице 2.1 СанПиН 1.2.3685-21 не установлено.";"";"";""
"3166";"ТРАНСПОРТНОЕ СРЕДСТВО, РАБОТАЮЩЕЕ НА ЛЕГКОВОСПЛАМЕНЯЮЩЕЙСЯ ЖИДКОСТИ";"";"NOT_ESTABLISHED_FOR_TRANSPORT_POSITION";"Отдельное значение для этой транспортной позиции в таблице 2.1 СанПиН 1.2.3685-21 не установлено.";"";"";""
"3166";"ТРАНСПОРТНОЕ СРЕДСТВО, РАБОТАЮЩЕЕ НА ТОПЛИВНЫХ ЭЛЕМЕНТАХ, СОДЕРЖАЩИХ ЛЕГКОВОСПЛАМЕНЯЮЩИЙСЯ ГАЗ";"";"NOT_ESTABLISHED_FOR_TRANSPORT_POSITION";"Отдельное значение для этой транспортной позиции в таблице 2.1 СанПиН 1.2.3685-21 не установлено.";"";"";""
"3166";"ТРАНСПОРТНОЕ СРЕДСТВО, РАБОТАЮЩЕЕ НА ТОПЛИВНЫХ ЭЛЕМЕНТАХ, СОДЕРЖАЩИХ ЛЕГКОВОСПЛАМЕНЯЮЩУЮСЯ ЖИДКОСТЬ";"";"NOT_ESTABLISHED_FOR_TRANSPORT_POSITION";"Отдельное значение для этой транспортной позиции в таблице 2.1 СанПиН 1.2.3685-21 не установлено.";"";"";""
"3167";"ГАЗ, ОБРАЗЕЦ, НЕ ПОД ДАВЛЕНИЕМ, ЛЕГКОВОСПЛАМЕНЯЮЩИЙСЯ, Н.У.К., не охлажденный до жидкого состояния";"";"NOT_ESTABLISHED_FOR_TRANSPORT_POSITION";"Единая ПДК не устанавливается: контролируется по компонентному составу.";"";"";""
"3168";"ГАЗ, ОБРАЗЕЦ, НЕ ПОД ДАВЛЕНИЕМ, ТОКСИЧНЫЙ, ЛЕГКОВОСПЛАМЕНЯЮЩИЙСЯ, Н.У.К., не охлажденный до жидкого состояния";"";"NOT_ESTABLISHED_FOR_TRANSPORT_POSITION";"Единая ПДК не устанавливается: контролируется по компонентному составу.";"";"";""
"3169";"ГАЗ, ОБРАЗЕЦ, НЕ ПОД ДАВЛЕНИЕМ, ТОКСИЧНЫЙ, Н.У.К., не охлажденный до жидкого состояния";"";"NOT_ESTABLISHED_FOR_TRANSPORT_POSITION";"Единая ПДК не устанавливается: контролируется по компонентному составу.";"";"";""
"3170";"АЛЮМИНИЯ ПОБОЧНЫЕ ПРОДУКТЫ ПЛАВКИ";"";"NOT_ESTABLISHED_FOR_TRANSPORT_POSITION";"Отдельное значение для этой транспортной позиции в таблице 2.1 СанПиН 1.2.3685-21 не установлено.";"";"";""
"3170";"АЛЮМИНИЯ ПОБОЧНЫЕ ПРОДУКТЫ ПЕРЕПЛАВКИ";"";"NOT_ESTABLISHED_FOR_TRANSPORT_POSITION";"Отдельное значение для этой транспортной позиции в таблице 2.1 СанПиН 1.2.3685-21 не установлено.";"";"";""
"3171";"ТРАНСПОРТНОЕ СРЕДСТВО, РАБОТАЮЩЕЕ НА АККУМУЛЯТОРНЫХ БАТАРЕЯХ";"";"NOT_ESTABLISHED_FOR_TRANSPORT_POSITION";"Отдельное значение для этой транспортной позиции в таблице 2.1 СанПиН 1.2.3685-21 не установлено.";"";"";""
"3171";"ОБОРУДОВАНИЕ, РАБОТАЮЩЕЕ НА АККУМУЛЯТОРНЫХ БАТАРЕЯХ";"";"NOT_ESTABLISHED_FOR_TRANSPORT_POSITION";"Отдельное значение для этой транспортной позиции в таблице 2.1 СанПиН 1.2.3685-21 не установлено.";"";"";""
"3172";"ТОКСИНЫ, ИЗВЛЕЧЕННЫЕ ИЗ ЖИВЫХ ОРГАНИЗМОВ, ЖИДКИЕ, Н.У.К.";"";"NOT_ESTABLISHED_FOR_TRANSPORT_POSITION";"Единая ПДК не устанавливается: контролируется по компонентному составу.";"";"";""
"3174";"ТИТАНА ДИСУЛЬФИД";"";"MATCHED_SANPIN_2_1";"-/6 мг/м³ (максимальная разовая / среднесменная)";"1997";"Титан дисульфид (титан сернистый)";"name"
"3175";"ВЕЩЕСТВА ТВЕРДЫЕ (ТАКИЕ, КАК ПРЕПАРАТЫ И ОТХОДЫ), СОДЕРЖАЩИЕ ЛЕГКОВОСПЛАМЕНЯЮЩУЮСЯ ЖИДКОСТЬ, Н.У.К., с температурой вспышки до 60 °С";"";"NOT_ESTABLISHED_FOR_TRANSPORT_POSITION";"Единая ПДК не устанавливается: контролируется по компонентному составу.";"";"";""
"3176";"ЛЕГКОВОСПЛАМЕНЯЮЩЕЕСЯ ТВЕРДОЕ ВЕЩЕСТВО ОРГАНИЧЕСКОЕ, РАСПЛАВЛЕННОЕ, Н.У.К.";"";"NOT_ESTABLISHED_FOR_TRANSPORT_POSITION";"Единая ПДК не устанавливается: контролируется по компонентному составу.";"";"";""
"3178";"ЛЕГКОВОСПЛАМЕНЯЮЩЕЕСЯ ТВЕРДОЕ ВЕЩЕСТВО НЕОРГАНИЧЕСКОЕ, Н.У.К.";"";"NOT_ESTABLISHED_FOR_TRANSPORT_POSITION";"Единая ПДК не устанавливается: контролируется по компонентному составу.";"";"";""
"3179";"ЛЕГКОВОСПЛАМЕНЯЮЩЕЕСЯ ТВЕРДОЕ ВЕЩЕСТВО ТОКСИЧНОЕ НЕОРГАНИЧЕСКОЕ, Н.У.К.";"";"NOT_ESTABLISHED_FOR_TRANSPORT_POSITION";"Единая ПДК не устанавливается: контролируется по компонентному составу.";"";"";""
"3180";"ЛЕГКОВОСПЛАМЕНЯЮЩЕЕСЯ ТВЕРДОЕ ВЕЩЕСТВО КОРРОЗИОННОЕ НЕОРГАНИЧЕСКОЕ, Н.У.К.";"";"NOT_ESTABLISHED_FOR_TRANSPORT_POSITION";"Единая ПДК не устанавливается: контролируется по компонентному составу.";"";"";""
"3181";"СОЛИ МЕТАЛЛОВ ОРГАНИЧЕСКИХ СОЕДИНЕНИЙ ЛЕГКОВОСПЛАМЕНЯЮЩИЕСЯ, Н.У.К.";"";"NOT_ESTABLISHED_FOR_TRANSPORT_POSITION";"Единая ПДК не устанавливается: контролируется по компонентному составу.";"";"";""
"3182";"ГИДРИДЫ МЕТАЛЛОВ ЛЕГКОВОСПЛАМЕНЯЮЩИЕСЯ, Н.У.К.";"";"NOT_ESTABLISHED_FOR_TRANSPORT_POSITION";"Единая ПДК не устанавливается: контролируется по компонентному составу.";"";"";""
"3183";"САМОНАГРЕВАЮЩАЯСЯ ЖИДКОСТЬ ОРГАНИЧЕСКАЯ, Н.У.К.";"";"NOT_ESTABLISHED_FOR_TRANSPORT_POSITION";"Единая ПДК не устанавливается: контролируется по компонентному составу.";"";"";""
"3184";"САМОНАГРЕВАЮЩАЯСЯ ЖИДКОСТЬ ТОКСИЧНАЯ ОРГАНИЧЕСКАЯ, Н.У.К.";"";"NOT_ESTABLISHED_FOR_TRANSPORT_POSITION";"Единая ПДК не устанавливается: контролируется по компонентному составу.";"";"";""
"3185";"САМОНАГРЕВАЮЩАЯСЯ ЖИДКОСТЬ КОРРОЗИОННАЯ ОРГАНИЧЕСКАЯ, Н.У.К.";"";"NOT_ESTABLISHED_FOR_TRANSPORT_POSITION";"Единая ПДК не устанавливается: контролируется по компонентному составу.";"";"";""
"3186";"САМОНАГРЕВАЮЩАЯСЯ ЖИДКОСТЬ НЕОРГАНИЧЕСКАЯ, Н.У.К.";"";"NOT_ESTABLISHED_FOR_TRANSPORT_POSITION";"Единая ПДК не устанавливается: контролируется по компонентному составу.";"";"";""
"3187";"САМОНАГРЕВАЮЩАЯСЯ ЖИДКОСТЬ ТОКСИЧНАЯ НЕОРГАНИЧЕСКАЯ, Н.У.К.";"";"NOT_ESTABLISHED_FOR_TRANSPORT_POSITION";"Единая ПДК не устанавливается: контролируется по компонентному составу.";"";"";""
"3188";"САМОНАГРЕВАЮЩАЯСЯ ЖИДКОСТЬ КОРРОЗИОННАЯ НЕОРГАНИЧЕСКАЯ, Н.У.К.";"";"NOT_ESTABLISHED_FOR_TRANSPORT_POSITION";"Единая ПДК не устанавливается: контролируется по компонентному составу.";"";"";""
"3189";"МЕТАЛЛИЧЕСКИЙ ПОРОШОК САМОНАГРЕВАЮЩИЙСЯ, Н.У.К.";"";"NOT_ESTABLISHED_FOR_TRANSPORT_POSITION";"Единая ПДК не устанавливается: контролируется по компонентному составу.";"";"";""
"3190";"САМОНАГРЕВАЮЩЕЕСЯ ВЕЩЕСТВО ТВЕРДОЕ НЕОРГА-НИЧЕСКОЕ, Н.У.К.";"";"NOT_ESTABLISHED_FOR_TRANSPORT_POSITION";"Единая ПДК не устанавливается: контролируется по компонентному составу.";"";"";""
"3191";"САМОНАГРЕВАЮЩЕЕСЯ ВЕЩЕСТВО ТВЕРДОЕ ТОКСИЧНОЕ НЕОРГАНИЧЕСКОЕ, Н.У.К.";"";"NOT_ESTABLISHED_FOR_TRANSPORT_POSITION";"Единая ПДК не устанавливается: контролируется по компонентному составу.";"";"";""
"3192";"САМОНАГРЕВАЮЩЕЕСЯ ВЕЩЕСТВО ТВЕРДОЕ КОРРОЗИОННОЕ НЕОРГАНИЧЕСКОЕ, Н.У.К.";"";"NOT_ESTABLISHED_FOR_TRANSPORT_POSITION";"Единая ПДК не устанавливается: контролируется по компонентному составу.";"";"";""
"3194";"ПИРОФОРНАЯ ЖИДКОСТЬ НЕОРГАНИЧЕСКАЯ, Н.У.К.";"";"NOT_ESTABLISHED_FOR_TRANSPORT_POSITION";"Единая ПДК не устанавливается: контролируется по компонентному составу.";"";"";""
"3200";"ПИРОФОРНОЕ ВЕЩЕСТВО ТВЕРДОЕ НЕОРГАНИЧЕСКОЕ, Н.У.К.";"";"NOT_ESTABLISHED_FOR_TRANSPORT_POSITION";"Единая ПДК не устанавливается: контролируется по компонентному составу.";"";"";""
"3205";"АЛКОГОЛЯТЫ ЩЕЛОЧНОЗЕМЕЛЬНЫХ МЕТАЛЛОВ, Н.У.К.";"";"NOT_ESTABLISHED_FOR_TRANSPORT_POSITION";"Единая ПДК не устанавливается: контролируется по компонентному составу.";"";"";""
"3206";"АЛКОГОЛЯТЫ ЩЕЛОЧНЫХ МЕТАЛЛОВ САМОНАГРЕВАЮЩИЕСЯ КОРРОЗИОННЫЕ, Н.У.К.";"";"NOT_ESTABLISHED_FOR_TRANSPORT_POSITION";"Единая ПДК не устанавливается: контролируется по компонентному составу.";"";"";""
"3208";"МЕТАЛЛИЧЕСКОЕ ВЕЩЕСТВО, РЕАГИРУЮЩЕЕ С ВОДОЙ, Н.У.К.";"";"NOT_ESTABLISHED_FOR_TRANSPORT_POSITION";"Единая ПДК не устанавливается: контролируется по компонентному составу.";"";"";""
"3209";"МЕТАЛЛИЧЕСКОЕ ВЕЩЕСТВО, РЕАГИРУЮЩЕЕ С ВОДОЙ, САМОНАГРЕВАЮЩЕЕСЯ, Н.У.К.";"";"NOT_ESTABLISHED_FOR_TRANSPORT_POSITION";"Единая ПДК не устанавливается: контролируется по компонентному составу.";"";"";""
"3210";"ХЛОРАТОВ НЕОРГАНИЧЕСКИХ ВОДНЫЙ РАСТВОР, Н.У.К.";"";"NOT_ESTABLISHED_FOR_TRANSPORT_POSITION";"Единая ПДК не устанавливается: контролируется по компонентному составу.";"";"";""
"3211";"ПЕРХЛОРАТОВ НЕОРГАНИЧЕСКИХ ВОДНЫЙ РАСТВОР, Н.У.К.";"";"NOT_ESTABLISHED_FOR_TRANSPORT_POSITION";"Единая ПДК не устанавливается: контролируется по компонентному составу.";"";"";""
"3212";"ГИПОХЛОРИТЫ НЕОРГАНИЧЕСКИЕ, Н.У.К.";"";"NOT_ESTABLISHED_FOR_TRANSPORT_POSITION";"Единая ПДК не устанавливается: контролируется по компонентному составу.";"";"";""
"3213";"БРОМАТОВ НЕОРГАНИЧЕСКИХ ВОДНЫЙ РАСТВОР, Н.У.К.";"";"NOT_ESTABLISHED_FOR_TRANSPORT_POSITION";"Единая ПДК не устанавливается: контролируется по компонентному составу.";"";"";""
"3214";"ПЕРМАНГАНАТОВ НЕОРГАНИЧЕСКИХ ВОДНЫЙ РАСТВОР, Н.У.К.";"";"NOT_ESTABLISHED_FOR_TRANSPORT_POSITION";"Единая ПДК не устанавливается: контролируется по компонентному составу.";"";"";""
"3215";"ПЕРСУЛЬФАТЫ НЕОРГАНИЧЕСКИЕ, Н.У.К.";"";"NOT_ESTABLISHED_FOR_TRANSPORT_POSITION";"Единая ПДК не устанавливается: контролируется по компонентному составу.";"";"";""
"3216";"ПЕРСУЛЬФАТОВ НЕОРГАНИЧЕСКИХ ВОДНЫЙ РАСТВОР, Н.У.К.";"";"NOT_ESTABLISHED_FOR_TRANSPORT_POSITION";"Единая ПДК не устанавливается: контролируется по компонентному составу.";"";"";""
"3218";"НИТРАТОВ НЕОРГАНИЧЕСКИХ ВОДНЫЙ РАСТВОР, Н.У.К.";"";"NOT_ESTABLISHED_FOR_TRANSPORT_POSITION";"Единая ПДК не устанавливается: контролируется по компонентному составу.";"";"";""
"3219";"НИТРИТОВ НЕОРГАНИЧЕСКИХ ВОДНЫЙ РАСТВОР, Н.У.К.";"";"NOT_ESTABLISHED_FOR_TRANSPORT_POSITION";"Единая ПДК не устанавливается: контролируется по компонентному составу.";"";"";""
"3220";"ПЕНТАФТОРЭТАН (ГАЗ РЕФРИЖЕРАТОРНЫЙ R 125)";"";"MATCHED_SANPIN_2_1";"3000 мг/м³";"1669";"Пентафторэтан (Фреон 125; Хладон 125)";"name"
"3221";"САМОРЕАКТИВНАЯ ЖИДКОСТЬ ТИПА В";"";"NOT_ESTABLISHED_FOR_TRANSPORT_POSITION";"Отдельное значение для этой транспортной позиции в таблице 2.1 СанПиН 1.2.3685-21 не установлено.";"";"";""
"3222";"САМОРЕАКТИВНОЕ ТВЕРДОЕ ВЕЩЕСТВО ТИПА В";"";"NOT_ESTABLISHED_FOR_TRANSPORT_POSITION";"Отдельное значение для этой транспортной позиции в таблице 2.1 СанПиН 1.2.3685-21 не установлено.";"";"";""
"3223";"САМОРЕАКТИВНАЯ ЖИДКОСТЬ ТИПА С";"";"NOT_ESTABLISHED_FOR_TRANSPORT_POSITION";"Отдельное значение для этой транспортной позиции в таблице 2.1 СанПиН 1.2.3685-21 не установлено.";"";"";""
"3224";"САМОРЕАКТИВНОЕ ТВЕРДОЕ ВЕЩЕСТВО ТИПА С";"";"NOT_ESTABLISHED_FOR_TRANSPORT_POSITION";"Отдельное значение для этой транспортной позиции в таблице 2.1 СанПиН 1.2.3685-21 не установлено.";"";"";""
"3225";"САМОРЕАКТИВНАЯ ЖИДКОСТЬ ТИПА D";"";"NOT_ESTABLISHED_FOR_TRANSPORT_POSITION";"Отдельное значение для этой транспортной позиции в таблице 2.1 СанПиН 1.2.3685-21 не установлено.";"";"";""
"3226";"САМОРЕАКТИВНОЕ ТВЕРДОЕ ВЕЩЕСТВО ТИПА D";"";"NOT_ESTABLISHED_FOR_TRANSPORT_POSITION";"Отдельное значение для этой транспортной позиции в таблице 2.1 СанПиН 1.2.3685-21 не установлено.";"";"";""
"3227";"САМОРЕАКТИВНАЯ ЖИДКОСТЬ ТИПА E";"";"NOT_ESTABLISHED_FOR_TRANSPORT_POSITION";"Отдельное значение для этой транспортной позиции в таблице 2.1 СанПиН 1.2.3685-21 не установлено.";"";"";""
"3228";"САМОРЕАКТИВНОЕ ТВЕРДОЕ ВЕЩЕСТВО ТИПА E";"";"NOT_ESTABLISHED_FOR_TRANSPORT_POSITION";"Отдельное значение для этой транспортной позиции в таблице 2.1 СанПиН 1.2.3685-21 не установлено.";"";"";""
"3229";"САМОРЕАКТИВНАЯ ЖИДКОСТЬ ТИПА F";"";"NOT_ESTABLISHED_FOR_TRANSPORT_POSITION";"Отдельное значение для этой транспортной позиции в таблице 2.1 СанПиН 1.2.3685-21 не установлено.";"";"";""
"3230";"САМОРЕАКТИВНОЕ ТВЕРДОЕ ВЕЩЕСТВО ТИПА F";"";"NOT_ESTABLISHED_FOR_TRANSPORT_POSITION";"Отдельное значение для этой транспортной позиции в таблице 2.1 СанПиН 1.2.3685-21 не установлено.";"";"";""
"3231";"САМОРЕАКТИВНАЯ ЖИДКОСТЬ ТИПА B С РЕГУЛИРУЕМОЙ ТЕМПЕРАТУРОЙ";"";"NOT_ESTABLISHED_FOR_TRANSPORT_POSITION";"Отдельное значение для этой транспортной позиции в таблице 2.1 СанПиН 1.2.3685-21 не установлено.";"";"";""
"3232";"САМОРЕАКТИВНОЕ ТВЕРДОЕ ВЕЩЕСТВО ТИПА B С РЕГУЛИРУЕМОЙ ТЕМПЕРАТУРОЙ";"";"NOT_ESTABLISHED_FOR_TRANSPORT_POSITION";"Отдельное значение для этой транспортной позиции в таблице 2.1 СанПиН 1.2.3685-21 не установлено.";"";"";""
"3233";"САМОРЕАКТИВНАЯ ЖИДКОСТЬ ТИПА С С РЕГУЛИРУЕМОЙ ТЕМПЕРАТУРОЙ";"";"NOT_ESTABLISHED_FOR_TRANSPORT_POSITION";"Отдельное значение для этой транспортной позиции в таблице 2.1 СанПиН 1.2.3685-21 не установлено.";"";"";""
"3234";"САМОРЕАКТИВНОЕ ТВЕРДОЕ ВЕЩЕСТВО ТИПА C С РЕГУЛИРУЕМОЙ ТЕМПЕРАТУРОЙ";"";"NOT_ESTABLISHED_FOR_TRANSPORT_POSITION";"Отдельное значение для этой транспортной позиции в таблице 2.1 СанПиН 1.2.3685-21 не установлено.";"";"";""
"3235";"САМОРЕАКТИВНАЯ ЖИДКОСТЬ ТИПА D С РЕГУЛИРУЕМОЙ ТЕМПЕРАТУРОЙ";"";"NOT_ESTABLISHED_FOR_TRANSPORT_POSITION";"Отдельное значение для этой транспортной позиции в таблице 2.1 СанПиН 1.2.3685-21 не установлено.";"";"";""
"3236";"САМОРЕАКТИВНОЕ ТВЕРДОЕ ВЕЩЕСТВО ТИПА D С РЕГУЛИРУЕМОЙ ТЕМПЕРАТУРОЙ";"";"NOT_ESTABLISHED_FOR_TRANSPORT_POSITION";"Отдельное значение для этой транспортной позиции в таблице 2.1 СанПиН 1.2.3685-21 не установлено.";"";"";""
"3237";"САМОРЕАКТИВНАЯ ЖИДКОСТЬ ТИПА E С РЕГУЛИРУЕМОЙ ТЕМПЕРАТУРОЙ";"";"NOT_ESTABLISHED_FOR_TRANSPORT_POSITION";"Отдельное значение для этой транспортной позиции в таблице 2.1 СанПиН 1.2.3685-21 не установлено.";"";"";""
"3238";"САМОРЕАКТИВНОЕ ТВЕРДОЕ ВЕЩЕСТВО ТИПА E С РЕГУЛИРУЕМОЙ ТЕМПЕРАТУРОЙ";"";"NOT_ESTABLISHED_FOR_TRANSPORT_POSITION";"Отдельное значение для этой транспортной позиции в таблице 2.1 СанПиН 1.2.3685-21 не установлено.";"";"";""
"3239";"САМОРЕАКТИВНАЯ ЖИДКОСТЬ ТИПА F С РЕГУЛИРУЕМОЙ ТЕМПЕРАТУРОЙ";"";"NOT_ESTABLISHED_FOR_TRANSPORT_POSITION";"Отдельное значение для этой транспортной позиции в таблице 2.1 СанПиН 1.2.3685-21 не установлено.";"";"";""
"3240";"САМОРЕАКТИВНОЕ ТВЕРДОЕ ВЕЩЕСТВО ТИПА F С РЕГУЛИРУЕМОЙ ТЕМПЕРАТУРОЙ";"";"NOT_ESTABLISHED_FOR_TRANSPORT_POSITION";"Отдельное значение для этой транспортной позиции в таблице 2.1 СанПиН 1.2.3685-21 не установлено.";"";"";""
"3241";"2-БРОМ-2-НИТРОПРОПАНДИОЛ-1,3";"";"NOT_ESTABLISHED_FOR_TRANSPORT_POSITION";"Отдельное значение для этой транспортной позиции в таблице 2.1 СанПиН 1.2.3685-21 не установлено.";"";"";""
"3242";"АЗОДИКАРБОНАМИД";"";"NOT_ESTABLISHED_FOR_TRANSPORT_POSITION";"Отдельное значение для этой транспортной позиции в таблице 2.1 СанПиН 1.2.3685-21 не установлено.";"";"";""
"3243";"ВЕЩЕСТВА ТВЕРДЫЕ, СОДЕРЖАЩИЕ ТОКСИЧНУЮ ЖИДКОСТЬ, Н.У.К.";"";"NOT_ESTABLISHED_FOR_TRANSPORT_POSITION";"Единая ПДК не устанавливается: контролируется по компонентному составу.";"";"";""
"3244";"ВЕЩЕСТВА ТВЕРДЫЕ, СОДЕРЖАЩИЕ КОРРОЗИОННУЮ ЖИДКОСТЬ, Н.У.К.";"";"NOT_ESTABLISHED_FOR_TRANSPORT_POSITION";"Единая ПДК не устанавливается: контролируется по компонентному составу.";"";"";""
"3245";"ГЕНЕТИЧЕСКИ ИЗМЕНЕННЫЕ МИКРООРГАНИЗМЫ";"";"NOT_ESTABLISHED_FOR_TRANSPORT_POSITION";"Отдельное значение для этой транспортной позиции в таблице 2.1 СанПиН 1.2.3685-21 не установлено.";"";"";""
"3245";"ГЕНЕТИЧЕСКИ ИЗМЕНЕННЫЕ МИКРООРГАНИЗМЫ в охлажденном жидком азоте";"";"NOT_ESTABLISHED_FOR_TRANSPORT_POSITION";"Отдельное значение для этой транспортной позиции в таблице 2.1 СанПиН 1.2.3685-21 не установлено.";"";"";""
"3245";"ГЕНЕТИЧЕСКИ ИЗМЕНЕННЫЕ ОРГАНИЗМЫ";"";"NOT_ESTABLISHED_FOR_TRANSPORT_POSITION";"Отдельное значение для этой транспортной позиции в таблице 2.1 СанПиН 1.2.3685-21 не установлено.";"";"";""
"3245";"ГЕНЕТИЧЕСКИ ИЗМЕНЕННЫЕ ОРГАНИЗМЫ в охлажденном жидком азоте";"";"NOT_ESTABLISHED_FOR_TRANSPORT_POSITION";"Отдельное значение для этой транспортной позиции в таблице 2.1 СанПиН 1.2.3685-21 не установлено.";"";"";""
"3246";"МЕТАНСУЛЬФОНИЛХЛОРИД";"";"MATCHED_SANPIN_2_1";"4 мг/м³";"1252";"Метансульфонилхлорид+ (метансульфохлорид)";"name"
"3247";"НАТРИЯ ПЕРОКСОБОРАТ БЕЗВОДНЫЙ";"";"NOT_ESTABLISHED_FOR_TRANSPORT_POSITION";"Отдельное значение для этой транспортной позиции в таблице 2.1 СанПиН 1.2.3685-21 не установлено.";"";"";""
"3248";"ЛЕКАРСТВЕННЫЙ ПРЕПАРАТ ЖИДКИЙ ЛЕГКОВОСПЛАМЕНЯЮЩИЙСЯ ТОКСИЧНЫЙ, Н.У.К.";"";"NOT_ESTABLISHED_FOR_TRANSPORT_POSITION";"Единая ПДК не устанавливается: контролируется по компонентному составу.";"";"";""
"3249";"ЛЕКАРСТВЕННЫЙ ПРЕПАРАТ ТВЕРДЫЙ, ТОКСИЧНЫЙ, Н.У.К.";"";"NOT_ESTABLISHED_FOR_TRANSPORT_POSITION";"Единая ПДК не устанавливается: контролируется по компонентному составу.";"";"";""
"3250";"КИСЛОТА ХЛОРУКСУСНАЯ РАСПЛАВЛЕННАЯ";"";"MATCHED_SANPIN_2_1";"1 мг/м³";"2283";"Хлорэтановая кислота+ (хлоруксусная кислота)";"name"
"3251";"ИЗОСОРБИД-5-МОНОНИТРАТ";"";"NOT_ESTABLISHED_FOR_TRANSPORT_POSITION";"Отдельное значение для этой транспортной позиции в таблице 2.1 СанПиН 1.2.3685-21 не установлено.";"";"";""
"3252";"ДИФТОРМЕТАН (ГАЗ РЕФРИЖЕРАТОРНЫЙ R 32)";"";"MATCHED_SANPIN_2_1";"3000 мг/м³";"898";"Дифторметан (Фреон 32; Хладон 32)";"name"
"3253";"НАТРИЯ ТРИОКСОСИЛИКАТ";"";"NOT_ESTABLISHED_FOR_TRANSPORT_POSITION";"Отдельное значение для этой транспортной позиции в таблице 2.1 СанПиН 1.2.3685-21 не установлено.";"";"";""
"3254";"ТРИБУТИЛФОСФАН";"";"NOT_ESTABLISHED_FOR_TRANSPORT_POSITION";"Отдельное значение для этой транспортной позиции в таблице 2.1 СанПиН 1.2.3685-21 не установлено.";"";"";""
"3255";"трет-БУТИЛГИПОХЛОРИТ";"";"NOT_ESTABLISHED_FOR_TRANSPORT_POSITION";"Отдельное значение для этой транспортной позиции в таблице 2.1 СанПиН 1.2.3685-21 не установлено.";"";"";""
"3256";"ЖИДКОСТЬ ПРИ ПОВЫШЕННОЙ ТЕМПЕРАТУРЕ ЛЕГКОВОСПЛАМЕНЯЮЩАЯСЯ, Н.У.К., с температурой вспышки более 60 °С, перевозимая при температуре не ниже ее температуры вспышки и ниже 100 °С";"";"NOT_ESTABLISHED_FOR_TRANSPORT_POSITION";"Единая ПДК не устанавливается: контролируется по компонентному составу.";"";"";""
"3256";"ЖИДКОСТЬ ПРИ ПОВЫШЕННОЙ ТЕМПЕРАТУРЕ ЛЕГКОВОСПЛАМЕНЯЮЩАЯСЯ, Н.У.К., с температурой вспышки более 60 °С, перевозимая при температуре не ниже ее температуры вспышки и не ниже 100 °С";"";"NOT_ESTABLISHED_FOR_TRANSPORT_POSITION";"Единая ПДК не устанавливается: контролируется по компонентному составу.";"";"";""
"3257";"ЖИДКОСТЬ ПРИ ПОВЫШЕННОЙ ТЕМПЕРАТУРЕ, Н.У.К., перевозимая при температуре не ниже 100 °С, но ниже ее температуры вспышки, загружаемая при температуре выше 190 °С (включая расплавленные металлы, расплавленные соли и т. д.)";"";"NOT_ESTABLISHED_FOR_TRANSPORT_POSITION";"Единая ПДК не устанавливается: контролируется по компонентному составу.";"";"";""
"3257";"ЖИДКОСТЬ ПРИ ПОВЫШЕННОЙ ТЕМПЕРАТУРЕ, Н.У.К., перевозимая при температуре не ниже 100 °С, но ниже ее температуры вспышки, загружаемая при температуре не выше 190 °С (включая расплавленные металлы, расплавленные соли и т. д.)";"";"NOT_ESTABLISHED_FOR_TRANSPORT_POSITION";"Единая ПДК не устанавливается: контролируется по компонентному составу.";"";"";""
"3258";"ВЕЩЕСТВО ТВЕРДОЕ ПРИ ПОВЫШЕННОЙ ТЕМПЕРАТУРЕ, Н.У.К., при температуре не ниже 240°С";"";"NOT_ESTABLISHED_FOR_TRANSPORT_POSITION";"Единая ПДК не устанавливается: контролируется по компонентному составу.";"";"";""
"3259";"АМИНЫ ТВЕРДЫЕ КОРРОЗИОННЫЕ, Н.У.К.";"";"NOT_ESTABLISHED_FOR_TRANSPORT_POSITION";"Единая ПДК не устанавливается: контролируется по компонентному составу.";"";"";""
"3259";"ПОЛИАМИНЫ ТВЕРДЫЕ КОРРОЗИОННЫЕ, Н.У.К.";"";"NOT_ESTABLISHED_FOR_TRANSPORT_POSITION";"Единая ПДК не устанавливается: контролируется по компонентному составу.";"";"";""
"3260";"КОРРОЗИОННОЕ ВЕЩЕСТВО ТВЕРДОЕ КИСЛОЕ НЕОРГАНИЧЕСКОЕ, Н.У.К.";"";"NOT_ESTABLISHED_FOR_TRANSPORT_POSITION";"Единая ПДК не устанавливается: контролируется по компонентному составу.";"";"";""
"3261";"КОРРОЗИОННОЕ ВЕЩЕСТВО ТВЕРДОЕ КИСЛОЕ ОРГАНИЧЕСКОЕ, Н.У.К.";"";"NOT_ESTABLISHED_FOR_TRANSPORT_POSITION";"Единая ПДК не устанавливается: контролируется по компонентному составу.";"";"";""
"3262";"КОРРОЗИОННОЕ ВЕЩЕСТВО ТВЕРДОЕ ЩЕЛОЧНОЕ НЕОРГАНИЧЕСКОЕ, Н.У.К.";"";"NOT_ESTABLISHED_FOR_TRANSPORT_POSITION";"Единая ПДК не устанавливается: контролируется по компонентному составу.";"";"";""
"3263";"КОРРОЗИОННОЕ ВЕЩЕСТВО ТВЕРДОЕ ЩЕЛОЧНОЕ ОРГАНИЧЕСКОЕ, Н.У.К.";"";"NOT_ESTABLISHED_FOR_TRANSPORT_POSITION";"Единая ПДК не устанавливается: контролируется по компонентному составу.";"";"";""
"3264";"КОРРОЗИОННАЯ ЖИДКОСТЬ КИСЛАЯ НЕОРГАНИЧЕСКАЯ, Н.У.К.";"";"NOT_ESTABLISHED_FOR_TRANSPORT_POSITION";"Единая ПДК не устанавливается: контролируется по компонентному составу.";"";"";""
"3265";"КОРРОЗИОННАЯ ЖИДКОСТЬ КИСЛАЯ ОРГАНИЧЕСКАЯ, Н.У.К.";"";"NOT_ESTABLISHED_FOR_TRANSPORT_POSITION";"Единая ПДК не устанавливается: контролируется по компонентному составу.";"";"";""
"3266";"КОРРОЗИОННАЯ ЖИДКОСТЬ ЩЕЛОЧНАЯ НЕОРГАНИЧЕСКАЯ, Н.У.К.";"";"NOT_ESTABLISHED_FOR_TRANSPORT_POSITION";"Единая ПДК не устанавливается: контролируется по компонентному составу.";"";"";""
"3267";"КОРРОЗИОННАЯ ЖИДКОСТЬ ЩЕЛОЧНАЯ ОРГАНИЧЕСКАЯ, Н.У.К.";"";"NOT_ESTABLISHED_FOR_TRANSPORT_POSITION";"Единая ПДК не устанавливается: контролируется по компонентному составу.";"";"";""
"3268";"УСТРОЙСТВА БЕЗОПАСНОСТИ с электрическим инициированием";"";"NOT_ESTABLISHED_FOR_TRANSPORT_POSITION";"Отдельное значение для этой транспортной позиции в таблице 2.1 СанПиН 1.2.3685-21 не установлено.";"";"";""
"3269";"СМОЛ ПОЛИЭФИРНЫХ КОМПЛЕКТ";"";"NOT_ESTABLISHED_FOR_TRANSPORT_POSITION";"Отдельное значение для этой транспортной позиции в таблице 2.1 СанПиН 1.2.3685-21 не установлено.";"";"";""
"3270";"ФИЛЬТРЫ НИТРОЦЕЛЛЮЛОЗНЫЕ МЕМБРАННЫЕ, содержащие не более 12,6% азота по массе сухого вещества";"";"NOT_ESTABLISHED_FOR_TRANSPORT_POSITION";"Отдельное значение для этой транспортной позиции в таблице 2.1 СанПиН 1.2.3685-21 не установлено.";"";"";""
"3271";"ЭФИРЫ, Н.У.К.";"";"NOT_ESTABLISHED_FOR_TRANSPORT_POSITION";"Единая ПДК не устанавливается: контролируется по компонентному составу.";"";"";""
"3272";"ЭФИРЫ СЛОЖНЫЕ, Н.У.К.";"";"NOT_ESTABLISHED_FOR_TRANSPORT_POSITION";"Единая ПДК не устанавливается: контролируется по компонентному составу.";"";"";""
"3273";"НИТРИЛЫ ЛЕГКОВОСПЛАМЕНЯЮЩИЕСЯ ТОКСИЧНЫЕ, Н.У.К.";"";"NOT_ESTABLISHED_FOR_TRANSPORT_POSITION";"Единая ПДК не устанавливается: контролируется по компонентному составу.";"";"";""
"3274";"АЛКОГОЛЯТОВ РАСТВОР, Н.У.К., в спирте";"";"NOT_ESTABLISHED_FOR_TRANSPORT_POSITION";"Единая ПДК не устанавливается: контролируется по компонентному составу.";"";"";""
"3275";"НИТРИЛЫ ТОКСИЧНЫЕ ЛЕГКОВОСПЛАМЕНЯЮЩИЕСЯ, Н.У.К.";"";"NOT_ESTABLISHED_FOR_TRANSPORT_POSITION";"Единая ПДК не устанавливается: контролируется по компонентному составу.";"";"";""
"3276";"НИТРИЛЫ ЖИДКИЕ ТОКСИЧНЫЕ, Н.У.К.";"";"NOT_ESTABLISHED_FOR_TRANSPORT_POSITION";"Единая ПДК не устанавливается: контролируется по компонентному составу.";"";"";""
"3277";"ХЛОРФОРМИАТЫ ТОКСИЧНЫЕ КОРРОЗИОННЫЕ, Н.У.К.";"";"NOT_ESTABLISHED_FOR_TRANSPORT_POSITION";"Единая ПДК не устанавливается: контролируется по компонентному составу.";"";"";""
"3278";"ФОСФОРОРГАНИЧЕСКОЕ СОЕДИНЕНИЕ ЖИДКОЕ ТОКСИЧНОЕ , Н.У.К.";"";"NOT_ESTABLISHED_FOR_TRANSPORT_POSITION";"Единая ПДК не устанавливается: контролируется по компонентному составу.";"";"";""
"3279";"ФОСФОРОРГАНИЧЕСКОЕ СОЕДИНЕНИЕ ТОКСИЧНОЕ ЛЕГКОВОСПЛАМЕНЯЮЩЕЕСЯ, Н.У.К.";"";"NOT_ESTABLISHED_FOR_TRANSPORT_POSITION";"Единая ПДК не устанавливается: контролируется по компонентному составу.";"";"";""
"3280";"МЫШЬЯКОРГАНИЧЕСКОЕ СОЕДИНЕНИЕ ЖИДКОЕ, Н.У.К.";"";"NOT_ESTABLISHED_FOR_TRANSPORT_POSITION";"Единая ПДК не устанавливается: контролируется по компонентному составу.";"";"";""
"3281";"КАРБОНИЛЫ МЕТАЛЛОВ ЖИДКИЕ, Н.У.К.";"";"NOT_ESTABLISHED_FOR_TRANSPORT_POSITION";"Единая ПДК не устанавливается: контролируется по компонентному составу.";"";"";""
"3282";"МЕТАЛЛООРГАНИЧЕСКОЕ СОЕДИНЕНИЕ ЖИДКОЕ ТОКСИЧНОЕ, Н.У.К.";"";"NOT_ESTABLISHED_FOR_TRANSPORT_POSITION";"Единая ПДК не устанавливается: контролируется по компонентному составу.";"";"";""
"3283";"СЕЛЕНА СОЕДИНЕНИЕ ТВЕРДОЕ, Н.У.К.";"";"NOT_ESTABLISHED_FOR_TRANSPORT_POSITION";"Единая ПДК не устанавливается: контролируется по компонентному составу.";"";"";""
"3284";"ТЕЛЛУРА СОЕДИНЕНИЕ, Н.У.К.";"";"NOT_ESTABLISHED_FOR_TRANSPORT_POSITION";"Единая ПДК не устанавливается: контролируется по компонентному составу.";"";"";""
"3285";"ВАНАДИЯ СОЕДИНЕНИЕ, Н.У.К.";"";"NOT_ESTABLISHED_FOR_TRANSPORT_POSITION";"Единая ПДК не устанавливается: контролируется по компонентному составу.";"";"";""
"3286";"ЛЕГКОВОСПЛАМЕНЯЮЩАЯСЯ ЖИДКОСТЬ ТОКСИЧНАЯ КОРРОЗИОННАЯ, Н.У.К.";"";"NOT_ESTABLISHED_FOR_TRANSPORT_POSITION";"Единая ПДК не устанавливается: контролируется по компонентному составу.";"";"";""
"3287";"ТОКСИЧНАЯ ЖИДКОСТЬ НЕОРГАНИЧЕСКАЯ, Н.У.К.";"";"NOT_ESTABLISHED_FOR_TRANSPORT_POSITION";"Единая ПДК не устанавливается: контролируется по компонентному составу.";"";"";""
"3288";"ТОКСИЧНОЕ ВЕЩЕСТВО ТВЕРДОЕ НЕОРГАНИЧЕСКОЕ, Н.У.К.";"";"NOT_ESTABLISHED_FOR_TRANSPORT_POSITION";"Единая ПДК не устанавливается: контролируется по компонентному составу.";"";"";""
"3289";"ТОКСИЧНАЯ ЖИДКОСТЬ КОРРОЗИОННАЯ НЕОРГАНИЧЕСКАЯ, Н.У.К.";"";"NOT_ESTABLISHED_FOR_TRANSPORT_POSITION";"Единая ПДК не устанавливается: контролируется по компонентному составу.";"";"";""
"3290";"ТОКСИЧНОЕ ВЕЩЕСТВО ТВЕРДОЕ КОРРОЗИОННОЕ НЕОРГАНИЧЕСКОЕ, Н.У.К.";"";"NOT_ESTABLISHED_FOR_TRANSPORT_POSITION";"Единая ПДК не устанавливается: контролируется по компонентному составу.";"";"";""
"3291";"КЛИНИЧЕСКИЕ ОТХОДЫ, РАЗНЫЕ, Н.У.К.";"";"NOT_ESTABLISHED_FOR_TRANSPORT_POSITION";"Единая ПДК не устанавливается: контролируется по компонентному составу.";"";"";""
"3291";"(БИО)МЕДИЦИНСКИЕ ОТХОДЫ, Н.У.К.";"";"NOT_ESTABLISHED_FOR_TRANSPORT_POSITION";"Единая ПДК не устанавливается: контролируется по компонентному составу.";"";"";""
"3291";"МЕДИЦИНСКИЕ ОТХОДЫ, ПОДПАДАЮЩИЕ ПОД ДЕЙСТВИЕ СООТВЕТСТВУЮЩИХ ПРАВИЛ, Н.У. К.";"";"NOT_ESTABLISHED_FOR_TRANSPORT_POSITION";"Единая ПДК не устанавливается: контролируется по компонентному составу.";"";"";""
"3291";"КЛИНИЧЕСКИЕ ОТХОДЫ, РАЗНЫЕ, Н.У.К., в охдажденном жидком изоте";"";"NOT_ESTABLISHED_FOR_TRANSPORT_POSITION";"Единая ПДК не устанавливается: контролируется по компонентному составу.";"";"";""
"3291";"(БИО)МЕДИЦИНСКИЕ ОТХОДЫ, Н.У.К., в охдажденном жидком изоте";"";"NOT_ESTABLISHED_FOR_TRANSPORT_POSITION";"Единая ПДК не устанавливается: контролируется по компонентному составу.";"";"";""
"3291";"МЕДИЦИНСКИЕ ОТХОДЫ, ПОДПАДАЮЩИЕ ПОД ДЕЙСТВИЕ СООТВЕТСТВУЮЩИХ ПРАВИЛ, Н.У. К., в охдажденном жидком изоте";"";"NOT_ESTABLISHED_FOR_TRANSPORT_POSITION";"Единая ПДК не устанавливается: контролируется по компонентному составу.";"";"";""
"3292";"НАТРИЙСОДЕРЖАЩИЕ БАТАРЕИ";"";"NOT_ESTABLISHED_FOR_TRANSPORT_POSITION";"Отдельное значение для этой транспортной позиции в таблице 2.1 СанПиН 1.2.3685-21 не установлено.";"";"";""
"3292";"НАТРИЙСОДЕРЖАЩИЕ ЭЛЕМЕНТЫ";"";"NOT_ESTABLISHED_FOR_TRANSPORT_POSITION";"Отдельное значение для этой транспортной позиции в таблице 2.1 СанПиН 1.2.3685-21 не установлено.";"";"";""
"3293";"ГИДРАЗИНА ВОДНЫЙ РАСТВОР с массовой долей гидразина не более 37%";"";"NOT_ESTABLISHED_FOR_TRANSPORT_POSITION";"Отдельное значение для этой транспортной позиции в таблице 2.1 СанПиН 1.2.3685-21 не установлено.";"";"";""
"3294";"ВОДОРОДА ЦИАНИСТОГО СПИРТОВОЙ РАСТВОР, содержащий не более 45% цианистого водорода";"";"NOT_ESTABLISHED_FOR_TRANSPORT_POSITION";"Отдельное значение для этой транспортной позиции в таблице 2.1 СанПиН 1.2.3685-21 не установлено.";"";"";""
"3295";"УГЛЕВОДОРОДЫ ЖИДКИЕ, Н.У.К.";"";"NOT_ESTABLISHED_FOR_TRANSPORT_POSITION";"Единая ПДК не устанавливается: контролируется по компонентному составу.";"";"";""
"3295";"УГЛЕВОДОРОДЫ ЖИДКИЕ, Н.У.К. (давление паров при 50°С более 110 кПа)";"";"NOT_ESTABLISHED_FOR_TRANSPORT_POSITION";"Единая ПДК не устанавливается: контролируется по компонентному составу.";"";"";""
"3295";"УГЛЕВОДОРОДЫ ЖИДКИЕ, Н.У.К. (давление паров при 50°С не более 110 кПа)";"";"NOT_ESTABLISHED_FOR_TRANSPORT_POSITION";"Единая ПДК не устанавливается: контролируется по компонентному составу.";"";"";""
"3296";"ГЕПТАФТОРПРОПАН (ГАЗ РЕФРИЖЕРАТОРНЫЙ R 227)";"";"NOT_ESTABLISHED_FOR_TRANSPORT_POSITION";"Отдельное значение для этой транспортной позиции в таблице 2.1 СанПиН 1.2.3685-21 не установлено.";"";"";""
"3297";"ЭТИЛЕНА ОКСИДА И ХЛОРТЕТРАФТОРЭТАНА СМЕСЬ, содержащая не более 8,8% этилена оксида";"";"NOT_ESTABLISHED_FOR_TRANSPORT_POSITION";"Единая ПДК не устанавливается: контролируется по компонентному составу.";"";"";""
"3298";"ЭТИЛЕНА ОКСИДА И ПЕНТАФТОРЭТАНА СМЕСЬ, содержащая не более 7,9% этилена оксида";"";"NOT_ESTABLISHED_FOR_TRANSPORT_POSITION";"Единая ПДК не устанавливается: контролируется по компонентному составу.";"";"";""
"3299";"ЭТИЛЕНА ОКСИДА И ТЕТРАФТОРЭТАНА СМЕСЬ, содержащая не более 5,6% этилена оксида";"";"NOT_ESTABLISHED_FOR_TRANSPORT_POSITION";"Единая ПДК не устанавливается: контролируется по компонентному составу.";"";"";""
"3300";"ЭТИЛЕНА ОКСИДА И УГЛЕРОДА ДИОКСИДА СМЕСЬ, содержащая более 87% этилена оксида";"";"NOT_ESTABLISHED_FOR_TRANSPORT_POSITION";"Единая ПДК не устанавливается: контролируется по компонентному составу.";"";"";""
"3301";"КОРРОЗИОННАЯ ЖИДКОСТЬ САМОНАГРЕВАЮЩАЯСЯ, Н.У.К.";"";"NOT_ESTABLISHED_FOR_TRANSPORT_POSITION";"Единая ПДК не устанавливается: контролируется по компонентному составу.";"";"";""
"3302";"2-ДИМЕТИЛАМИНОЭТИЛАКРИЛАТ";"";"NOT_ESTABLISHED_FOR_TRANSPORT_POSITION";"Отдельное значение для этой транспортной позиции в таблице 2.1 СанПиН 1.2.3685-21 не установлено.";"";"";""
"3303";"ГАЗ СЖАТЫЙ ТОКСИЧНЫЙ ОКИСЛЯЮЩИЙ, Н.У.К.";"";"NOT_ESTABLISHED_FOR_TRANSPORT_POSITION";"Единая ПДК не устанавливается: контролируется по компонентному составу.";"";"";""
"3304";"ГАЗ СЖАТЫЙ ТОКСИЧНЫЙ КОРРОЗИОННЫЙ, Н.У.К.";"";"NOT_ESTABLISHED_FOR_TRANSPORT_POSITION";"Единая ПДК не устанавливается: контролируется по компонентному составу.";"";"";""
"3305";"ГАЗ СЖАТЫЙ ТОКСИЧНЫЙ ЛЕГКОВОСПЛАМЕНЯЮЩИЙСЯ КОРРОЗИОННЫЙ, Н.У.К.";"";"NOT_ESTABLISHED_FOR_TRANSPORT_POSITION";"Единая ПДК не устанавливается: контролируется по компонентному составу.";"";"";""
"3306";"ГАЗ СЖАТЫЙ ТОКСИЧНЫЙ ОКИСЛЯЮЩИЙ КОРРОЗИОННЫЙ, Н.У.К.";"";"NOT_ESTABLISHED_FOR_TRANSPORT_POSITION";"Единая ПДК не устанавливается: контролируется по компонентному составу.";"";"";""
"3307";"ГАЗ СЖИЖЕННЫЙ ТОКСИЧНЫЙ ОКИСЛЯЮЩИЙ, Н.У.К.";"";"NOT_ESTABLISHED_FOR_TRANSPORT_POSITION";"Единая ПДК не устанавливается: контролируется по компонентному составу.";"";"";""
"3308";"ГАЗ СЖИЖЕННЫЙ ТОКСИЧНЫЙ КОРРОЗИОННЫЙ, Н.У.К.";"";"NOT_ESTABLISHED_FOR_TRANSPORT_POSITION";"Единая ПДК не устанавливается: контролируется по компонентному составу.";"";"";""
"3309";"ГАЗ СЖИЖЕННЫЙ ТОКСИЧНЫЙ ЛЕГКОВОСПЛАМЕНЯЮЩИЙСЯ КОРРОЗИОННЫЙ, Н.У.К.";"";"NOT_ESTABLISHED_FOR_TRANSPORT_POSITION";"Единая ПДК не устанавливается: контролируется по компонентному составу.";"";"";""
"3310";"ГАЗ СЖИЖЕННЫЙ ТОКСИЧНЫЙ ОКИСЛЯЮЩИЙ КОРРОЗИОННЫЙ, Н.У.К.";"";"NOT_ESTABLISHED_FOR_TRANSPORT_POSITION";"Единая ПДК не устанавливается: контролируется по компонентному составу.";"";"";""
"3311";"ГАЗ ОХЛАЖДЕННЫЙ ЖИДКИЙ ОКИСЛЯЮЩИЙ, Н.У.К.";"";"NOT_ESTABLISHED_FOR_TRANSPORT_POSITION";"Единая ПДК не устанавливается: контролируется по компонентному составу.";"";"";""
"3312";"ГАЗ ОХЛАЖДЕННЫЙ ЖИДКИЙ ЛЕГКОВОСПЛАМЕНЯЮЩИЙСЯ, Н.У.К.";"";"NOT_ESTABLISHED_FOR_TRANSPORT_POSITION";"Единая ПДК не устанавливается: контролируется по компонентному составу.";"";"";""
"3313";"ОРГАНИЧЕСКИЕ ПИГМЕНТЫ САМОНАГРЕВАЮЩИЕСЯ";"";"NOT_ESTABLISHED_FOR_TRANSPORT_POSITION";"Отдельное значение для этой транспортной позиции в таблице 2.1 СанПиН 1.2.3685-21 не установлено.";"";"";""
"3314";"ПЛАСТИЧНОЕ ФОРМОВОЧНОЕ СОЕДИНЕНИЕ в виде тестооб-разной массы, в форме листа или полученное путем экструзии жгута, выделяющее легковоспламеняющиеся пары";"";"NOT_ESTABLISHED_FOR_TRANSPORT_POSITION";"Отдельное значение для этой транспортной позиции в таблице 2.1 СанПиН 1.2.3685-21 не установлено.";"";"";""
"3315";"ОБРАЗЕЦ ХИМИЧЕСКИЙ ТОКСИЧНЫЙ";"";"NOT_ESTABLISHED_FOR_TRANSPORT_POSITION";"Отдельное значение для этой транспортной позиции в таблице 2.1 СанПиН 1.2.3685-21 не установлено.";"";"";""
"3316";"КОМПЛЕКТ ХИМИЧЕСКИХ ВЕЩЕСТВ";"";"NOT_ESTABLISHED_FOR_TRANSPORT_POSITION";"Отдельное значение для этой транспортной позиции в таблице 2.1 СанПиН 1.2.3685-21 не установлено.";"";"";""
"3316";"КОМПЛЕКТ ПЕРВОЙ ПОМОЩИ";"";"NOT_ESTABLISHED_FOR_TRANSPORT_POSITION";"Отдельное значение для этой транспортной позиции в таблице 2.1 СанПиН 1.2.3685-21 не установлено.";"";"";""
"3317";"2-АМИНО-4,6-ДИНИТРОФЕНОЛ УВЛАЖНЕННЫЙ с массовой долей воды не менее 20%";"";"NOT_ESTABLISHED_FOR_TRANSPORT_POSITION";"Отдельное значение для этой транспортной позиции в таблице 2.1 СанПиН 1.2.3685-21 не установлено.";"";"";""
"3318";"АММИАКА РАСТВОР в воде с относительной плотностью менее 0,880 при температуре 15°С, содержащий более 50% аммиака";"";"NOT_ESTABLISHED_FOR_TRANSPORT_POSITION";"Отдельное значение для этой транспортной позиции в таблице 2.1 СанПиН 1.2.3685-21 не установлено.";"";"";""
"3319";"НИТРОГЛИЦЕРИНА СМЕСЬ ДЕСЕНСИБИЛИЗИРОВАННАЯ ТВЕРДАЯ, Н.У.К., с массовой долей нитроглицерина более 2%, но не более 10%";"";"NOT_ESTABLISHED_FOR_TRANSPORT_POSITION";"Единая ПДК не устанавливается: контролируется по компонентному составу.";"";"";""
"3320";"НАТРИЯ БОРГИДРИДА И НАТРИЯ ГИДРОКСИДА РАСТВОР с массовой долей боргидрида натрия не более 12% и массовой долей гидроксида натрия не более 40%";"";"NOT_ESTABLISHED_FOR_TRANSPORT_POSITION";"Отдельное значение для этой транспортной позиции в таблице 2.1 СанПиН 1.2.3685-21 не установлено.";"";"";""
"3321";"РАДИОАКТИВНЫЙ МАТЕРИАЛ, НИЗКАЯ УДЕЛЬНАЯ АКТИВНОСТЬ (НУА-II), неделящийся или делящийся-освобожденный";"";"NOT_ESTABLISHED_FOR_TRANSPORT_POSITION";"Единая ПДК не устанавливается: контролируется по компонентному составу.";"";"";""
"3322";"Радиоактивный МАТЕРИАЛ, НИЗКАЯ УДЕЛЬНАЯ АКТИВНОСТЬ (LSA-III), неделящийся или делящийся-освобожденный";"";"NOT_ESTABLISHED_FOR_TRANSPORT_POSITION";"Единая ПДК не устанавливается: контролируется по компонентному составу.";"";"";""
"3323";"РАДИОАКТИВНЫЙ МАТЕРИАЛ, УПАКОВКА ТИПА С, неделящийся или делящийся-освобожденный";"";"NOT_ESTABLISHED_FOR_TRANSPORT_POSITION";"Единая ПДК не устанавливается: контролируется по компонентному составу.";"";"";""
"3324";"РАДИОАКТИВНЫЙ МАТЕРИАЛ, НИЗКАЯ УДЕЛЬНАЯ АКТИВНОСТЬ (LSA-II), ДЕЛЯЩИЙСЯ";"";"NOT_ESTABLISHED_FOR_TRANSPORT_POSITION";"Единая ПДК не устанавливается: контролируется по компонентному составу.";"";"";""
"3325";"РАДИОАКТИВНЫЙ МАТЕРИАЛ, НИЗКАЯ УДЕЛЬНАЯ АКТИВНОСТЬ (LSA-III), ДЕЛЯЩИЙСЯ";"";"NOT_ESTABLISHED_FOR_TRANSPORT_POSITION";"Единая ПДК не устанавливается: контролируется по компонентному составу.";"";"";""
"3326";"РАДИОАКТИВНЫЙ МАТЕРИАЛ, ОБЪЕКТЫ С ПОВЕРХНОСТНЫМ РАДИОАКТИВНЫМ ЗАГРЯЗНЕНИЕМ (SCO-I), ДЕЛЯЩИЙСЯ";"";"NOT_ESTABLISHED_FOR_TRANSPORT_POSITION";"Единая ПДК не устанавливается: контролируется по компонентному составу.";"";"";""
"3326";"РАДИОАКТИВНЫЙ МАТЕРИАЛ, ОБЪЕКТЫ С ПОВЕРХНОСТНЫМ РАДИОАКТИВНЫМ ЗАГРЯЗНЕНИЕМ (SCO-II), ДЕЛЯЩИЙСЯ";"";"NOT_ESTABLISHED_FOR_TRANSPORT_POSITION";"Единая ПДК не устанавливается: контролируется по компонентному составу.";"";"";""
"3327";"РАДИОАКТИВНЫЙ МАТЕРИАЛ, УПАКОВКА ТИПА А, ДЕЛЯЩИЙСЯ, не особого вида";"";"NOT_ESTABLISHED_FOR_TRANSPORT_POSITION";"Единая ПДК не устанавливается: контролируется по компонентному составу.";"";"";""
"3328";"РАДИОАКТИВНЫЙ МАТЕРИАЛ, УПАКОВКА ТИПА Б(И), ДЕЛЯЩИЙСЯ";"";"NOT_ESTABLISHED_FOR_TRANSPORT_POSITION";"Единая ПДК не устанавливается: контролируется по компонентному составу.";"";"";""
"3329";"РАДИОАКТИВНЫЙ МАТЕРИАЛ, УПАКОВКА ТИПА В(М), ДЕЛЯЩИЙСЯ";"";"NOT_ESTABLISHED_FOR_TRANSPORT_POSITION";"Единая ПДК не устанавливается: контролируется по компонентному составу.";"";"";""
"3330";"РАДИОАКТИВНЫЙ МАТЕРИАЛ, УПАКОВКА ТИПА С, ДЕЛЯЩИЙСЯ";"";"NOT_ESTABLISHED_FOR_TRANSPORT_POSITION";"Единая ПДК не устанавливается: контролируется по компонентному составу.";"";"";""
"3331";"РАДИОАКТИВНЫЙ МАТЕРИАЛ, ТРАНСПОРТИРУЕМЫЙ В СПЕЦИАЛЬНЫХ УСЛОВИЯХ, ДЕЛЯЩИЙСЯ";"";"NOT_ESTABLISHED_FOR_TRANSPORT_POSITION";"Единая ПДК не устанавливается: контролируется по компонентному составу.";"";"";""
"3332";"РАДИОАКТИВНЫЙ МАТЕРИАЛ, УПАКОВКА ТИПА А, ОСОБОГО ВИДА, неделящийся или делящийся-освобожденный";"";"NOT_ESTABLISHED_FOR_TRANSPORT_POSITION";"Единая ПДК не устанавливается: контролируется по компонентному составу.";"";"";""
"3333";"РАДИОАКТИВНЫЙ МАТЕРИАЛ, УПАКОВКА ТИПА А, ОСОБОГО ВИДА, ДЕЛЯЩИЙСЯ";"";"NOT_ESTABLISHED_FOR_TRANSPORT_POSITION";"Единая ПДК не устанавливается: контролируется по компонентному составу.";"";"";""
"3334";"Жидкость, перевозка которой по воздуху регулируется правилами, Н.У.К.";"";"NOT_ESTABLISHED_FOR_TRANSPORT_POSITION";"Единая ПДК не устанавливается: контролируется по компонентному составу.";"";"";""
"3335";"Твердое вещество, перевозка которого по воздуху регулируется правилами, Н.У.К";"";"NOT_ESTABLISHED_FOR_TRANSPORT_POSITION";"Отдельное значение для этой транспортной позиции в таблице 2.1 СанПиН 1.2.3685-21 не установлено.";"";"";""
"3336";"МЕРКАПТАНЫ ЖИДКИЕ ЛЕГКОВОСПЛАМЕНЯЮЩИЕСЯ, Н.У.К.";"";"NOT_ESTABLISHED_FOR_TRANSPORT_POSITION";"Единая ПДК не устанавливается: контролируется по компонентному составу.";"";"";""
"3336";"МЕРКАПТАНЫ ЖИДКИЕ ЛЕГКОВОСПЛАМЕНЯЮЩИЕСЯ, Н.У.К. (давление паров при 50°С более 110 кПа)";"";"NOT_ESTABLISHED_FOR_TRANSPORT_POSITION";"Единая ПДК не устанавливается: контролируется по компонентному составу.";"";"";""
"3336";"МЕРКАПТАНЫ ЖИДКИЕ ЛЕГКОВОСПЛАМЕНЯЮЩИЕСЯ, Н.У.К. (давление паров при 50°С не более 110 кПа)";"";"NOT_ESTABLISHED_FOR_TRANSPORT_POSITION";"Единая ПДК не устанавливается: контролируется по компонентному составу.";"";"";""
"3336";"МЕРКАПТАНОВ СМЕСЬ ЖИДКАЯ ЛЕГКОВОСПЛАМЕНЯЮЩАЯСЯ, Н.У.К.";"";"NOT_ESTABLISHED_FOR_TRANSPORT_POSITION";"Единая ПДК не устанавливается: контролируется по компонентному составу.";"";"";""
"3336";"МЕРКАПТАНОВ СМЕСЬ ЖИДКАЯ ЛЕГКОВОСПЛАМЕНЯЮЩАЯСЯ, Н.У.К. (давление паров при 50° С более 110 кПа)";"";"NOT_ESTABLISHED_FOR_TRANSPORT_POSITION";"Единая ПДК не устанавливается: контролируется по компонентному составу.";"";"";""
"3336";"МЕРКАПТАНОВ СМЕСЬ ЖИДКАЯ ЛЕГКОВОСПЛАМЕНЯЮЩАЯСЯ, Н.У.К. (давление паров при 50° С не более 110 кПа)";"";"NOT_ESTABLISHED_FOR_TRANSPORT_POSITION";"Единая ПДК не устанавливается: контролируется по компонентному составу.";"";"";""
"3337";"ГАЗ РЕФРИЖЕРАТОРНЫЙ R 404A (Пентафторэтана, 1,1,1-трифторэтана и 1,1,1,2-тетрафторэтана зеотропная смесь с приблизительно 44% пентафторэтана и 52% 1,1,1-трифторэтана)";"";"NOT_ESTABLISHED_FOR_TRANSPORT_POSITION";"Единая ПДК не устанавливается: контролируется по компонентному составу.";"";"";""
"3338";"ГАЗ РЕФРИЖЕРАТОРНЫЙ R 407A (Дифторметана, пентафторэтана и 1,1,1,2-тетрафторэтана зеотропная смесь с приблизительно 20% дифторметана и 40% пентафторэтана)";"";"NOT_ESTABLISHED_FOR_TRANSPORT_POSITION";"Единая ПДК не устанавливается: контролируется по компонентному составу.";"";"";""
"3339";"ГАЗ РЕФРИЖЕРАТОРНЫЙ R 407В (Дифторметана, пентафторэтана и 1,1,1,2-тетрафторэтана зеотропная смесь с приблизительно 10% дифторметана и 70% пентафторэтана)";"";"NOT_ESTABLISHED_FOR_TRANSPORT_POSITION";"Единая ПДК не устанавливается: контролируется по компонентному составу.";"";"";""
"3340";"ГАЗ РЕФРИЖЕРАТОРНЫЙ R 407С (Дифторметана, пентафторэтана и 1,1,1,2-тетрафторэтана зеотропная смесь с приблизительно 23% дифторметана и 25% пентафторэтана)";"";"NOT_ESTABLISHED_FOR_TRANSPORT_POSITION";"Единая ПДК не устанавливается: контролируется по компонентному составу.";"";"";""
"3341";"ТИОМОЧЕВИНЫ ДИОКСИД";"";"NOT_ESTABLISHED_FOR_TRANSPORT_POSITION";"Отдельное значение для этой транспортной позиции в таблице 2.1 СанПиН 1.2.3685-21 не установлено.";"";"";""
"3342";"КСАНТОГЕНАТЫ";"";"NOT_ESTABLISHED_FOR_TRANSPORT_POSITION";"Отдельное значение для этой транспортной позиции в таблице 2.1 СанПиН 1.2.3685-21 не установлено.";"";"";""
"3343";"НИТРОГЛИЦЕРИНА СМЕСЬ ДЕСЕНСИБИЛИЗИРОВАННАЯ ЖИДКАЯ ЛЕГКОВОСПЛАМЕНЯЮЩАЯСЯ, Н.У.К., с массовой долей нитроглицерина не более 30%";"";"NOT_ESTABLISHED_FOR_TRANSPORT_POSITION";"Единая ПДК не устанавливается: контролируется по компонентному составу.";"";"";""
"3344";"ПЕНТАЭРИТРИТТЕТРАНИТРАТА (ПЕНТАЭРИТРИТОЛТЕТРАНИТРАТА; ПЭТН) СМЕСЬ ДЕСЕНСИБИЛИЗИРОВАННАЯ ТВЕРДАЯ, Н.У.К., с массовой долей ПЭТН более 10%, но не более 20%";"";"NOT_ESTABLISHED_FOR_TRANSPORT_POSITION";"Единая ПДК не устанавливается: контролируется по компонентному составу.";"";"";""
"3345";"ПЕСТИЦИД — ПРОИЗВОДНЫЙ ФЕНОКСИУКСУСНОЙ КИСЛОТЫ ТВЕРДЫЙ ТОКСИЧНЫЙ";"";"MATCHED_SANPIN_2_1";"1 мг/м³";"2169";"Феноксиэтановая кислота+ (феноксиуксусная кислота)";"name"
"3346";"ПЕСТИЦИД — ПРОИЗВОДНЫЙ ФЕНОКСИУКСУСНОЙ КИСЛОТЫ ЖИДКИЙ ЛЕГКОВОСПЛАМЕНЯЮЩИЙСЯ ТОКСИЧНЫЙ с температурой вспышки менее 23°С";"";"MATCHED_SANPIN_2_1";"1 мг/м³";"2169";"Феноксиэтановая кислота+ (феноксиуксусная кислота)";"name"
"3347";"ПЕСТИЦИД — ПРОИЗВОДНЫЙ ФЕНОКСИУКСУСНОЙ КИСЛОТЫ ЖИДКИЙ ТОКСИЧНЫЙ ЛЕГКОВОСПЛАМЕНЯЮЩИЙСЯ с температурой вспышки не менее 23°C";"";"MATCHED_SANPIN_2_1";"1 мг/м³";"2169";"Феноксиэтановая кислота+ (феноксиуксусная кислота)";"name"
"3348";"ПЕСТИЦИД — ПРОИЗВОДНЫЙ ФЕНОКСИУКСУСНОЙ КИСЛОТЫ ЖИДКИЙ ТОКСИЧНЫЙ";"";"MATCHED_SANPIN_2_1";"1 мг/м³";"2169";"Феноксиэтановая кислота+ (феноксиуксусная кислота)";"name"
"3349";"ПЕСТИЦИД НА ОСНОВЕ ПИРЕТРОИДОВ ТВЕРДЫЙ ТОКСИЧНЫЙ";"";"NOT_ESTABLISHED_FOR_TRANSPORT_POSITION";"Отдельное значение для этой транспортной позиции в таблице 2.1 СанПиН 1.2.3685-21 не установлено.";"";"";""
"3350";"ПЕСТИЦИД НА ОСНОВЕ ПИРЕТРОИДОВ ЖИДКИЙ ЛЕГКОВОСПЛАМЕНЯЮЩИЙСЯ ТОКСИЧНЫЙ с температурой вспышки менее 23°C";"";"NOT_ESTABLISHED_FOR_TRANSPORT_POSITION";"Отдельное значение для этой транспортной позиции в таблице 2.1 СанПиН 1.2.3685-21 не установлено.";"";"";""
"3351";"ПЕСТИЦИД НА ОСНОВЕ ПИРЕТРОИДОВ ЖИДКИЙ ТОКСИЧНЫЙ ЛЕГКОВОСПЛАМЕ-НЯЮЩИЙСЯ с температурой вспышки не менее 23°C";"";"NOT_ESTABLISHED_FOR_TRANSPORT_POSITION";"Отдельное значение для этой транспортной позиции в таблице 2.1 СанПиН 1.2.3685-21 не установлено.";"";"";""
"3351";"ПЕСТИЦИД НА ОСНОВЕ ПИРЕТРОИДОВ ЖИДКИЙ ТОКСИЧНЫЙ ЛЕГКОВОСПЛАМЕНЯЮЩИЙСЯ с температурой вспышки не менее 23°C";"";"NOT_ESTABLISHED_FOR_TRANSPORT_POSITION";"Отдельное значение для этой транспортной позиции в таблице 2.1 СанПиН 1.2.3685-21 не установлено.";"";"";""
"3352";"ПЕСТИЦИД НА ОСНОВЕ ПИРЕТРОИДОВ ЖИДКИЙ ТОКСИЧНЫЙ";"";"NOT_ESTABLISHED_FOR_TRANSPORT_POSITION";"Отдельное значение для этой транспортной позиции в таблице 2.1 СанПиН 1.2.3685-21 не установлено.";"";"";""
"3354";"ГАЗ ИНСЕКТИЦИДНЫЙ ЛЕГКОВОСПЛАМЕНЯЮЩИЙСЯ, Н.У.К.";"";"NOT_ESTABLISHED_FOR_TRANSPORT_POSITION";"Единая ПДК не устанавливается: контролируется по компонентному составу.";"";"";""
"3355";"ГАЗ ИНСЕКТИЦИДНЫЙ ТОКСИЧНЫЙ ЛЕГКОВОСПЛАМЕНЯЮЩИЙСЯ, Н.У.К.";"";"NOT_ESTABLISHED_FOR_TRANSPORT_POSITION";"Единая ПДК не устанавливается: контролируется по компонентному составу.";"";"";""
"3356";"ГЕНЕРАТОР КИСЛОРОДА ХИМИЧЕСКИЙ";"";"NOT_ESTABLISHED_FOR_TRANSPORT_POSITION";"Отдельное значение для этой транспортной позиции в таблице 2.1 СанПиН 1.2.3685-21 не установлено.";"";"";""
"3357";"НИТРОГЛИЦЕРИНА СМЕСЬ ДЕСЕНСИБИЛИЗИРОВАННАЯ ЖИДКАЯ, Н.У.К., с массовой долей нитроглицерина не более 30%";"";"NOT_ESTABLISHED_FOR_TRANSPORT_POSITION";"Единая ПДК не устанавливается: контролируется по компонентному составу.";"";"";""
"3358";"РЕФРИЖЕРАТОРНЫЕ УСТАНОВКИ, содержащие легковоспламеняющийся нетоксичный сжиженный газ";"";"NOT_ESTABLISHED_FOR_TRANSPORT_POSITION";"Отдельное значение для этой транспортной позиции в таблице 2.1 СанПиН 1.2.3685-21 не установлено.";"";"";""
"3359";"ФУМИГИРОВАННАЯ ГРУЗОВАЯ ТРАНСПОРТНАЯ ЕДИНИЦА";"";"NOT_ESTABLISHED_FOR_TRANSPORT_POSITION";"Отдельное значение для этой транспортной позиции в таблице 2.1 СанПиН 1.2.3685-21 не установлено.";"";"";""
"3360";"Волокна растительного происхождения сухие";"";"NOT_ESTABLISHED_FOR_TRANSPORT_POSITION";"Отдельное значение для этой транспортной позиции в таблице 2.1 СанПиН 1.2.3685-21 не установлено.";"";"";""
"3361";"ХЛОРСИЛАНЫ ТОКСИЧНЫЕ КОРРОЗИОННЫЕ, Н.У.К.";"";"NOT_ESTABLISHED_FOR_TRANSPORT_POSITION";"Единая ПДК не устанавливается: контролируется по компонентному составу.";"";"";""
"3362";"ХЛОРСИЛАНЫ ТОКСИЧНЫЕ КОРРОЗИОННЫЕ ЛЕГКОВОСПЛАМЕНЯЮЩИЕСЯ, Н.У.К.";"";"NOT_ESTABLISHED_FOR_TRANSPORT_POSITION";"Единая ПДК не устанавливается: контролируется по компонентному составу.";"";"";""
"3363";"Опасные грузы в оборудовании";"";"NOT_ESTABLISHED_FOR_TRANSPORT_POSITION";"Отдельное значение для этой транспортной позиции в таблице 2.1 СанПиН 1.2.3685-21 не установлено.";"";"";""
"3363";"Опасные грузы в приборах";"";"NOT_ESTABLISHED_FOR_TRANSPORT_POSITION";"Отдельное значение для этой транспортной позиции в таблице 2.1 СанПиН 1.2.3685-21 не установлено.";"";"";""
"3364";"ТРИНИТРОФЕНОЛ (КИСЛОТА ПИКРИНОВАЯ), УВЛАЖНЕННЫЙ, с массовой долей воды не менее 10%";"";"NOT_ESTABLISHED_FOR_TRANSPORT_POSITION";"Отдельное значение для этой транспортной позиции в таблице 2.1 СанПиН 1.2.3685-21 не установлено.";"";"";""
"3365";"ТРИНИТРОХЛОРБЕНЗОЛ (ПИКРИЛХЛОРИД), УВЛАЖНЕННЫЙ, с массовой долей воды не менее 10%";"";"NOT_ESTABLISHED_FOR_TRANSPORT_POSITION";"Отдельное значение для этой транспортной позиции в таблице 2.1 СанПиН 1.2.3685-21 не установлено.";"";"";""
"3366";"ТРИНИТРОТОЛУОЛ (ТНТ), УВЛАЖНЕННЫЙ, с массовой долей воды не менее 10%";"";"NOT_ESTABLISHED_FOR_TRANSPORT_POSITION";"Отдельное значение для этой транспортной позиции в таблице 2.1 СанПиН 1.2.3685-21 не установлено.";"";"";""
"3367";"ТРИНИТРОБЕНЗОЛ, УВЛАЖНЕННЫЙ, с массовой долей воды не менее 10%";"";"NOT_ESTABLISHED_FOR_TRANSPORT_POSITION";"Отдельное значение для этой транспортной позиции в таблице 2.1 СанПиН 1.2.3685-21 не установлено.";"";"";""
"3368";"КИСЛОТА ТРИНИТРОБЕНЗОЙНАЯ, УВЛАЖНЕННАЯ, с массовой долей воды не менее 10%";"";"MATCHED_SANPIN_2_1";"1 мг/м³";"2152";"М-Фенил-2,4,6-тринитробензамид+ (2,4,6-тринитробензойной кислоты анилид)";"name"
"3369";"НАТРИЯ ДИНИТРО-о-КРЕЗОЛЯТ, УВЛАЖНЕННЫЙ, с массовой долей воды не менее 10%";"";"NOT_ESTABLISHED_FOR_TRANSPORT_POSITION";"Отдельное значение для этой транспортной позиции в таблице 2.1 СанПиН 1.2.3685-21 не установлено.";"";"";""
"3370";"МОЧЕВИНЫ НИТРАТ, УВЛАЖНЕННЫЙ, с массовой долей воды не менее 10%";"";"NOT_ESTABLISHED_FOR_TRANSPORT_POSITION";"Отдельное значение для этой транспортной позиции в таблице 2.1 СанПиН 1.2.3685-21 не установлено.";"";"";""
"3371";"2-МЕТИЛБУТАНАЛ";"";"NOT_ESTABLISHED_FOR_TRANSPORT_POSITION";"Отдельное значение для этой транспортной позиции в таблице 2.1 СанПиН 1.2.3685-21 не установлено.";"";"";""
"3373";"БИОЛОГИЧЕСКИЙ ПРЕПАРАТ, КАТЕГОРИЯ В";"";"NOT_ESTABLISHED_FOR_TRANSPORT_POSITION";"Единая ПДК не устанавливается: контролируется по компонентному составу.";"";"";""
"3373";"БИОЛОГИЧЕСКИЙ ПРЕПАРАТ, КАТЕГОРИЯ В (только материал животного происхождения)";"";"NOT_ESTABLISHED_FOR_TRANSPORT_POSITION";"Единая ПДК не устанавливается: контролируется по компонентному составу.";"";"";""
"3374";"АЦЕТИЛЕН НЕРАСТВОРЕННЫЙ";"";"NOT_ESTABLISHED_FOR_TRANSPORT_POSITION";"Отдельное значение для этой транспортной позиции в таблице 2.1 СанПиН 1.2.3685-21 не установлено.";"";"";""
"3375";"АММОНИЯ НИТРАТА ЭМУЛЬСИЯ, промежуточное сырье для бризантных взрывчатых веществ, твердое";"";"NOT_ESTABLISHED_FOR_TRANSPORT_POSITION";"Отдельное значение для этой транспортной позиции в таблице 2.1 СанПиН 1.2.3685-21 не установлено.";"";"";""
"3375";"АММОНИЯ НИТРАТА СУСПЕНЗИЯ, промежуточное сырье для бризантных взрывчатых веществ, твердое";"";"NOT_ESTABLISHED_FOR_TRANSPORT_POSITION";"Отдельное значение для этой транспортной позиции в таблице 2.1 СанПиН 1.2.3685-21 не установлено.";"";"";""
"3375";"АММОНИЯ НИТРАТА ГЕЛЬ, промежуточное сырье для бризантных взрывчатых веществ, твердое";"";"NOT_ESTABLISHED_FOR_TRANSPORT_POSITION";"Отдельное значение для этой транспортной позиции в таблице 2.1 СанПиН 1.2.3685-21 не установлено.";"";"";""
"3376";"4-НИТРОФЕНИЛГИДРАЗИН с массовой долей воды не менее 30%";"";"NOT_ESTABLISHED_FOR_TRANSPORT_POSITION";"Отдельное значение для этой транспортной позиции в таблице 2.1 СанПиН 1.2.3685-21 не установлено.";"";"";""
"3377";"НАТРИЯ ПЕРБОРАТА МОНОГИДРАТ";"";"NOT_ESTABLISHED_FOR_TRANSPORT_POSITION";"Отдельное значение для этой транспортной позиции в таблице 2.1 СанПиН 1.2.3685-21 не установлено.";"";"";""
"3378";"НАТРИЯ КАРБОНАТА ПЕРОКСИГИДРАТ";"";"NOT_ESTABLISHED_FOR_TRANSPORT_POSITION";"Отдельное значение для этой транспортной позиции в таблице 2.1 СанПиН 1.2.3685-21 не установлено.";"";"";""
"3379";"ДЕСЕНСИБИЛИЗИРОВАННОЕ ВЗРЫВЧАТОЕ ВЕЩЕСТВО ЖИДКОЕ, Н.У.К.";"";"NOT_ESTABLISHED_FOR_TRANSPORT_POSITION";"Единая ПДК не устанавливается: контролируется по компонентному составу.";"";"";""
"3380";"ДЕСЕНСИБИЛИЗИРОВАННОЕ ВЗРЫВЧАТОЕ ВЕЩЕСТВО ТВЕРДОЕ, Н.У.К.";"";"NOT_ESTABLISHED_FOR_TRANSPORT_POSITION";"Единая ПДК не устанавливается: контролируется по компонентному составу.";"";"";""
"3381";"ТОКСИЧНАЯ ПРИ ВДЫХАНИИ ЖИДКОСТЬ, Н.У.К., с ЛК50 не более 200 мл/м3 и концентрацией насыщенных паров не менее 500 ЛК50";"";"NOT_ESTABLISHED_FOR_TRANSPORT_POSITION";"Единая ПДК не устанавливается: контролируется по компонентному составу.";"";"";""
"3382";"ТОКСИЧНАЯ ПРИ ВДЫХАНИИ ЖИДКОСТЬ, Н.У.К., с ЛК50 не более 1000 мл/м3 и концентрацией насыщенных паров не менее 10 ЛК50";"";"NOT_ESTABLISHED_FOR_TRANSPORT_POSITION";"Единая ПДК не устанавливается: контролируется по компонентному составу.";"";"";""
"3383";"ТОКСИЧНАЯ ПРИ ВДЫХАНИИ ЖИДКОСТЬ ЛЕГКОВОСПЛАМЕНЯЮЩАЯСЯ, Н.У.К., с ЛК50 не более 200 мл/м3 и концентрацией насыщенных паров не менее 500 ЛК50";"";"NOT_ESTABLISHED_FOR_TRANSPORT_POSITION";"Единая ПДК не устанавливается: контролируется по компонентному составу.";"";"";""
"3384";"ТОКСИЧНАЯ ПРИ ВДЫХАНИИ ЖИДКОСТЬ ЛЕГКОВОСПЛАМЕНЯЮЩАЯСЯ, Н.У.К., с ЛК50 не более 1000 мл/м3 и концентрацией насыщенных паров не менее 10 ЛК50";"";"NOT_ESTABLISHED_FOR_TRANSPORT_POSITION";"Единая ПДК не устанавливается: контролируется по компонентному составу.";"";"";""
"3385";"ТОКСИЧНАЯ ПРИ ВДЫХАНИИ ЖИДКОСТЬ, РЕАГИРУЮЩАЯ С ВОДОЙ, Н.У.К., с ЛК50 не более 200 мл/м3 и концентрацией насыщенных паров не менее 500 ЛК50";"";"NOT_ESTABLISHED_FOR_TRANSPORT_POSITION";"Единая ПДК не устанавливается: контролируется по компонентному составу.";"";"";""
"3386";"ТОКСИЧНАЯ ПРИ ВДЫХАНИИ ЖИДКОСТЬ, РЕАГИРУЮЩАЯ С ВОДОЙ, Н.У.К.,с ЛК50 не более 1000 мл/м3 и концентрацией насыщенных паров не менее 10 ЛК50";"";"NOT_ESTABLISHED_FOR_TRANSPORT_POSITION";"Единая ПДК не устанавливается: контролируется по компонентному составу.";"";"";""
"3387";"ТОКСИЧНАЯ ПРИ ВДЫХАНИИ ЖИДКОСТЬ ОКИСЛЯЮЩАЯ, Н.У.К., с ингаляционной токсичностью не более 200 мл/м3 и концентрацией насыщенных паров не менее 500 ЛК50";"";"NOT_ESTABLISHED_FOR_TRANSPORT_POSITION";"Единая ПДК не устанавливается: контролируется по компонентному составу.";"";"";""
"3388";"ТОКСИЧНАЯ ПРИ ВДЫХАНИИ ЖИДКОСТЬ ОКИСЛЯЮЩАЯ, Н.У.К., с ЛК50 не более 1000 мл/м3 и концентрацией насыщенных паров не менее 10 ЛК50";"";"NOT_ESTABLISHED_FOR_TRANSPORT_POSITION";"Единая ПДК не устанавливается: контролируется по компонентному составу.";"";"";""
"3389";"ТОКСИЧНАЯ ПРИ ВДЫХАНИИ ЖИДКОСТЬ КОРРОЗИОННАЯ, Н.У.К., с ЛК50 не более 200 мл/м3 и концентрацией насыщенных паров не менее 500 ЛК50";"";"NOT_ESTABLISHED_FOR_TRANSPORT_POSITION";"Единая ПДК не устанавливается: контролируется по компонентному составу.";"";"";""
"3390";"ТОКСИЧНАЯ ПРИ ВДЫХАНИИ ЖИДКОСТЬ КОРРОЗИОННАЯ, Н.У.К., с ЛК50 не более 1000 мл/м3 и концентрацией насыщенных паров не менее 10 ЛК50";"";"NOT_ESTABLISHED_FOR_TRANSPORT_POSITION";"Единая ПДК не устанавливается: контролируется по компонентному составу.";"";"";""
"3391";"МЕТАЛЛООРГАНИЧЕСКОЕ ВЕЩЕСТВО ТВЕРДОЕ ПИРОФОРНОЕ";"";"NOT_ESTABLISHED_FOR_TRANSPORT_POSITION";"Отдельное значение для этой транспортной позиции в таблице 2.1 СанПиН 1.2.3685-21 не установлено.";"";"";""
"3392";"МЕТАЛЛООРГАНИЧЕСКОЕ ВЕЩЕСТВО ЖИДКОЕ ПИРОФОРНОЕ";"";"NOT_ESTABLISHED_FOR_TRANSPORT_POSITION";"Отдельное значение для этой транспортной позиции в таблице 2.1 СанПиН 1.2.3685-21 не установлено.";"";"";""
"3393";"МЕТАЛЛООРГАНИЧЕСКОЕ ВЕЩЕСТВО ТВЕРДОЕ ПИРОФОРНОЕ, РЕАГИРУЮЩЕЕ С ВОДОЙ";"";"NOT_ESTABLISHED_FOR_TRANSPORT_POSITION";"Отдельное значение для этой транспортной позиции в таблице 2.1 СанПиН 1.2.3685-21 не установлено.";"";"";""
"3394";"МЕТАЛЛООРГАНИЧЕСКОЕ ВЕЩЕСТВО ЖИДКОЕ ПИРОФОРНОЕ, РЕАГИРУЮЩЕЕ С ВОДОЙ";"";"NOT_ESTABLISHED_FOR_TRANSPORT_POSITION";"Отдельное значение для этой транспортной позиции в таблице 2.1 СанПиН 1.2.3685-21 не установлено.";"";"";""
"3395";"МЕТАЛЛООРГАНИЧЕСКОЕ ВЕЩЕСТВО ТВЕРДОЕ, РЕАГИРУЮЩЕЕ С ВОДОЙ";"";"NOT_ESTABLISHED_FOR_TRANSPORT_POSITION";"Отдельное значение для этой транспортной позиции в таблице 2.1 СанПиН 1.2.3685-21 не установлено.";"";"";""
"3396";"МЕТАЛЛООРГАНИЧЕСКОЕ ВЕЩЕСТВО ТВЕРДОЕ, РЕАГИРУЮЩЕЕ С ВОДОЙ, ЛЕГКОВОСПЛАМЕНЯЮЩЕЕСЯ";"";"NOT_ESTABLISHED_FOR_TRANSPORT_POSITION";"Отдельное значение для этой транспортной позиции в таблице 2.1 СанПиН 1.2.3685-21 не установлено.";"";"";""
"3397";"МЕТАЛЛООРГАНИЧЕСКОЕ ВЕЩЕСТВО ТВЕРДОЕ, РЕАГИРУЮЩЕЕ С ВОДОЙ, САМОНАГРЕВАЮЩЕЕСЯ";"";"NOT_ESTABLISHED_FOR_TRANSPORT_POSITION";"Отдельное значение для этой транспортной позиции в таблице 2.1 СанПиН 1.2.3685-21 не установлено.";"";"";""
"3398";"МЕТАЛЛООРГАНИЧЕСКОЕ ВЕЩЕСТВО ЖИДКОЕ, РЕАГИРУЮЩЕЕ С ВОДОЙ";"";"NOT_ESTABLISHED_FOR_TRANSPORT_POSITION";"Отдельное значение для этой транспортной позиции в таблице 2.1 СанПиН 1.2.3685-21 не установлено.";"";"";""
"3399";"МЕТАЛЛООРГАНИЧЕСКОЕ ВЕЩЕСТВО ЖИДКОЕ, РЕАГИРУЮЩЕЕ С ВОДОЙ, ЛЕГКОВОСПЛАМЕНЯЮЩЕЕСЯ";"";"NOT_ESTABLISHED_FOR_TRANSPORT_POSITION";"Отдельное значение для этой транспортной позиции в таблице 2.1 СанПиН 1.2.3685-21 не установлено.";"";"";""
"3400";"МЕТАЛЛООРГАНИЧЕСКОЕ ВЕЩЕСТВО ТВЕРДОЕ САМОНАГРЕВАЮЩЕЕСЯ";"";"NOT_ESTABLISHED_FOR_TRANSPORT_POSITION";"Отдельное значение для этой транспортной позиции в таблице 2.1 СанПиН 1.2.3685-21 не установлено.";"";"";""
"3401";"АМАЛЬГАМА ЩЕЛОЧНЫХ МЕТАЛЛОВ ТВЕРДАЯ";"";"NOT_ESTABLISHED_FOR_TRANSPORT_POSITION";"Отдельное значение для этой транспортной позиции в таблице 2.1 СанПиН 1.2.3685-21 не установлено.";"";"";""
"3402";"АМАЛЬГАМА ЩЕЛОЧНОЗЕМЕЛЬНЫХ МЕТАЛЛОВ ТВЕРДАЯ";"";"NOT_ESTABLISHED_FOR_TRANSPORT_POSITION";"Отдельное значение для этой транспортной позиции в таблице 2.1 СанПиН 1.2.3685-21 не установлено.";"";"";""
"3403";"КАЛИЯ МЕТАЛЛИЧЕСКИЕ СПЛАВЫ ТВЕРДЫЕ";"";"NOT_ESTABLISHED_FOR_TRANSPORT_POSITION";"Отдельное значение для этой транспортной позиции в таблице 2.1 СанПиН 1.2.3685-21 не установлено.";"";"";""
"3404";"КАЛИЯ-НАТРИЯ СПЛАВЫ ТВЕРДЫЕ";"";"NOT_ESTABLISHED_FOR_TRANSPORT_POSITION";"Отдельное значение для этой транспортной позиции в таблице 2.1 СанПиН 1.2.3685-21 не установлено.";"";"";""
"3405";"БАРИЯ ХЛОРАТА РАСТВОР";"";"NOT_ESTABLISHED_FOR_TRANSPORT_POSITION";"Отдельное значение для этой транспортной позиции в таблице 2.1 СанПиН 1.2.3685-21 не установлено.";"";"";""
"3406";"БАРИЯ ПЕРХЛОРАТА РАСТВОР";"";"NOT_ESTABLISHED_FOR_TRANSPORT_POSITION";"Отдельное значение для этой транспортной позиции в таблице 2.1 СанПиН 1.2.3685-21 не установлено.";"";"";""
"3407";"ХЛОРАТА И МАГНИЯ ХЛОРИДА СМЕСИ РАСТВОР";"";"NOT_ESTABLISHED_FOR_TRANSPORT_POSITION";"Отдельное значение для этой транспортной позиции в таблице 2.1 СанПиН 1.2.3685-21 не установлено.";"";"";""
"3408";"СВИНЦА ПЕРХЛОРАТА РАСТВОР";"";"NOT_ESTABLISHED_FOR_TRANSPORT_POSITION";"Отдельное значение для этой транспортной позиции в таблице 2.1 СанПиН 1.2.3685-21 не установлено.";"";"";""
"3409";"ХЛОРНИТРОБЕНЗОЛЫ ЖИДКИЕ";"";"NOT_ESTABLISHED_FOR_TRANSPORT_POSITION";"Отдельное значение для этой транспортной позиции в таблице 2.1 СанПиН 1.2.3685-21 не установлено.";"";"";""
"3410";"4-ХЛОР-о-ТОЛУИДИНГИДРОХЛОРИДА РАСТВОР";"";"NOT_ESTABLISHED_FOR_TRANSPORT_POSITION";"Отдельное значение для этой транспортной позиции в таблице 2.1 СанПиН 1.2.3685-21 не установлено.";"";"";""
"3411";"бета-НАФТИЛАМИНА РАСТВОР";"";"NOT_ESTABLISHED_FOR_TRANSPORT_POSITION";"Отдельное значение для этой транспортной позиции в таблице 2.1 СанПиН 1.2.3685-21 не установлено.";"";"";""
"3412";"КИСЛОТА МУРАВЬИНАЯ с массовой долей кислоты не менее 10%, но не более 85%";"";"MATCHED_SANPIN_2_1";"1 мг/м³";"1253";"Метановая кислота+ (муравьиная кислота)";"name"
"3412";"КИСЛОТА МУРАВЬИНАЯ с массовой долей кислоты не менее 5%, но менее 10%";"";"MATCHED_SANPIN_2_1";"1 мг/м³";"1253";"Метановая кислота+ (муравьиная кислота)";"name"
"3413";"КАЛИЯ ЦИАНИДА РАСТВОР";"";"NOT_ESTABLISHED_FOR_TRANSPORT_POSITION";"Отдельное значение для этой транспортной позиции в таблице 2.1 СанПиН 1.2.3685-21 не установлено.";"";"";""
"3414";"НАТРИЯ ЦИАНИДА РАСТВОР";"";"NOT_ESTABLISHED_FOR_TRANSPORT_POSITION";"Отдельное значение для этой транспортной позиции в таблице 2.1 СанПиН 1.2.3685-21 не установлено.";"";"";""
"3415";"НАТРИЯ ФТОРИДА РАСТВОР";"";"NOT_ESTABLISHED_FOR_TRANSPORT_POSITION";"Отдельное значение для этой транспортной позиции в таблице 2.1 СанПиН 1.2.3685-21 не установлено.";"";"";""
"3416";"ХЛОРАЦЕТОФЕНОН ЖИДКИЙ";"";"NOT_ESTABLISHED_FOR_TRANSPORT_POSITION";"Отдельное значение для этой транспортной позиции в таблице 2.1 СанПиН 1.2.3685-21 не установлено.";"";"";""
"3417";"КСИЛИЛБРОМИД ТВЕРДЫЙ";"";"NOT_ESTABLISHED_FOR_TRANSPORT_POSITION";"Отдельное значение для этой транспортной позиции в таблице 2.1 СанПиН 1.2.3685-21 не установлено.";"";"";""
"3418";"2,4-ТОЛУИЛЕНДИАМИНА РАСТВОР";"";"NOT_ESTABLISHED_FOR_TRANSPORT_POSITION";"Отдельное значение для этой транспортной позиции в таблице 2.1 СанПиН 1.2.3685-21 не установлено.";"";"";""
"3419";"БОРА ТРИФТОРИД И КИСЛОТА УКСУСНАЯ -КОМПЛЕКС, ТВЕРДЫЙ";"";"NOT_ESTABLISHED_FOR_TRANSPORT_POSITION";"Отдельное значение для этой транспортной позиции в таблице 2.1 СанПиН 1.2.3685-21 не установлено.";"";"";""
"3420";"БОРА ТРИФТОРИД И КИСЛОТА ПРОПИОНОВАЯ - КОМПЛЕКС, ТВЕРДЫЙ";"";"NOT_ESTABLISHED_FOR_TRANSPORT_POSITION";"Отдельное значение для этой транспортной позиции в таблице 2.1 СанПиН 1.2.3685-21 не установлено.";"";"";""
"3421";"КАЛИЯ ГИДРОДИФТОРИДА РАСТВОР";"";"NOT_ESTABLISHED_FOR_TRANSPORT_POSITION";"Отдельное значение для этой транспортной позиции в таблице 2.1 СанПиН 1.2.3685-21 не установлено.";"";"";""
"3422";"КАЛИЯ ФТОРИДА РАСТВОР";"";"MATCHED_SANPIN_2_1";"1 мг/м³";"1068";"Калий фторида аддукт с гидропероксидом (1:1) (пероксогидрат фторида калия)+";"name"
"3423";"ТЕТРАМЕТИЛАММОНИЯ ГИДРОКСИД ТВЕРДЫЙ";"";"NOT_ESTABLISHED_FOR_TRANSPORT_POSITION";"Отдельное значение для этой транспортной позиции в таблице 2.1 СанПиН 1.2.3685-21 не установлено.";"";"";""
"3424";"АММОНИЯ ДИНИТРО-о-КРЕЗОЛЯТА РАСТВОР";"";"NOT_ESTABLISHED_FOR_TRANSPORT_POSITION";"Отдельное значение для этой транспортной позиции в таблице 2.1 СанПиН 1.2.3685-21 не установлено.";"";"";""
"3425";"КИСЛОТА БРОМУКСУСНАЯ ТВЕРДАЯ";"";"NOT_ESTABLISHED_FOR_TRANSPORT_POSITION";"Отдельное значение для этой транспортной позиции в таблице 2.1 СанПиН 1.2.3685-21 не установлено.";"";"";""
"3426";"АКРИЛАМИДА РАСТВОР";"";"MATCHED_SANPIN_2_1";"0,2/0,05 мг/м³ (максимальная разовая / среднесменная)";"1766";"Проп-2-енамид+ (акриламид; акриловой кислоты амид)";"name"
"3427";"ХЛОРБЕНЗИЛХЛОРИДЫ ТВЕРДЫЕ";"";"NOT_ESTABLISHED_FOR_TRANSPORT_POSITION";"Отдельное значение для этой транспортной позиции в таблице 2.1 СанПиН 1.2.3685-21 не установлено.";"";"";""
"3428";"3-ХЛОР-4-МЕТИЛФЕНИЛИЗОЦИАНАТ ТВЕРДЫЙ";"";"NOT_ESTABLISHED_FOR_TRANSPORT_POSITION";"Отдельное значение для этой транспортной позиции в таблице 2.1 СанПиН 1.2.3685-21 не установлено.";"";"";""
"3429";"ХЛОРТОЛУИДИНЫ ЖИДКИЕ";"";"NOT_ESTABLISHED_FOR_TRANSPORT_POSITION";"Отдельное значение для этой транспортной позиции в таблице 2.1 СанПиН 1.2.3685-21 не установлено.";"";"";""
"3430";"КСИЛЕНОЛЫ ЖИДКИЕ";"";"MATCHED_SANPIN_2_1";"5/2 мг/м³ (максимальная разовая / среднесменная)";"751";"2,6-Диметилгидроксибензол+ (2,6-ксиленол)";"name"
"3431";"НИТРОБЕНЗОТРИФТОРИДЫ ТВЕРДЫЕ";"";"NOT_ESTABLISHED_FOR_TRANSPORT_POSITION";"Отдельное значение для этой транспортной позиции в таблице 2.1 СанПиН 1.2.3685-21 не установлено.";"";"";""
"3432";"ПОЛИХЛОРДИФЕНИЛЫ ТВЕРДЫЕ";"";"NOT_ESTABLISHED_FOR_TRANSPORT_POSITION";"Отдельное значение для этой транспортной позиции в таблице 2.1 СанПиН 1.2.3685-21 не установлено.";"";"";""
"3434";"НИТРОКРЕЗОЛЫ ЖИДКИЕ";"";"NOT_ESTABLISHED_FOR_TRANSPORT_POSITION";"Отдельное значение для этой транспортной позиции в таблице 2.1 СанПиН 1.2.3685-21 не установлено.";"";"";""
"3436";"ГЕКСАФТОРАЦЕТОНГИДРАТ ТВЕРДЫЙ";"";"NOT_ESTABLISHED_FOR_TRANSPORT_POSITION";"Отдельное значение для этой транспортной позиции в таблице 2.1 СанПиН 1.2.3685-21 не установлено.";"";"";""
"3437";"ХЛОРКРЕЗОЛЫ ТВЕРДЫЕ";"";"NOT_ESTABLISHED_FOR_TRANSPORT_POSITION";"Отдельное значение для этой транспортной позиции в таблице 2.1 СанПиН 1.2.3685-21 не установлено.";"";"";""
"3438";"СПИРТ альфа-МЕТИЛ-БЕНЗИЛОВЫЙ ТВЕРДЫЙ";"";"NOT_ESTABLISHED_FOR_TRANSPORT_POSITION";"Отдельное значение для этой транспортной позиции в таблице 2.1 СанПиН 1.2.3685-21 не установлено.";"";"";""
"3439";"НИТРИЛЫ ТОКСИЧНЫЕ ТВЕРДЫЕ, Н.У.К.";"";"NOT_ESTABLISHED_FOR_TRANSPORT_POSITION";"Единая ПДК не устанавливается: контролируется по компонентному составу.";"";"";""
"3439";"НИТРИЛЫ ТОКСИЧНЫЕ ТВЕРДЫЕ, Н.У.К";"";"NOT_ESTABLISHED_FOR_TRANSPORT_POSITION";"Отдельное значение для этой транспортной позиции в таблице 2.1 СанПиН 1.2.3685-21 не установлено.";"";"";""
"3440";"СЕЛЕНА СОЕДИНЕНИЕ ЖИДКОЕ, Н.У.К.";"";"NOT_ESTABLISHED_FOR_TRANSPORT_POSITION";"Единая ПДК не устанавливается: контролируется по компонентному составу.";"";"";""
"3441";"ХЛОРДИНИТРОБЕНЗОЛЫ ТВЕРДЫЕ";"";"NOT_ESTABLISHED_FOR_TRANSPORT_POSITION";"Отдельное значение для этой транспортной позиции в таблице 2.1 СанПиН 1.2.3685-21 не установлено.";"";"";""
"3442";"ДИХЛОРАНИЛИНЫ ТВЕРДЫЕ";"";"NOT_ESTABLISHED_FOR_TRANSPORT_POSITION";"Отдельное значение для этой транспортной позиции в таблице 2.1 СанПиН 1.2.3685-21 не установлено.";"";"";""
"3443";"ДИНИТРОБЕНЗОЛЫ ТВЕРДЫЕ";"";"MATCHED_SANPIN_2_1";"3/1 мг/м³ (максимальная разовая / среднесменная)";"853";"Динитробензол+";"name"
"3444";"НИКОТИНА ГИДРОХЛОРИД ТВЕРДЫЙ";"";"NOT_ESTABLISHED_FOR_TRANSPORT_POSITION";"Отдельное значение для этой транспортной позиции в таблице 2.1 СанПиН 1.2.3685-21 не установлено.";"";"";""
"3445";"НИКОТИНА СУЛЬФАТ ТВЕРДЫЙ";"";"MATCHED_SANPIN_2_1";"0,1 мг/м³";"1370";"(S)-3-(1-Метилпирролидин-2-ил) пиридинсульфат (Никотин сульфат)";"name"
"3446";"НИТРОТОЛУОЛЫ ТВЕРДЫЕ";"";"MATCHED_SANPIN_2_1";"6/3 мг/м³ (максимальная разовая / среднесменная)";"1339";"Метилнитробензол+(2-,3-,4-изомеры) (нитротолуол)";"name"
"3447";"НИТРОКСИЛОЛЫ ТВЕРДЫЕ";"";"MATCHED_SANPIN_2_1";"10/5 мг/м³ (максимальная разовая / среднесменная)";"791";"Диметилнитробензол+ (нитроксилол)";"name"
"3448";"ВЕЩЕСТВО СЛЕЗОТОЧИВОЕ ТВЕРДОЕ, Н.У.К.";"";"NOT_ESTABLISHED_FOR_TRANSPORT_POSITION";"Единая ПДК не устанавливается: контролируется по компонентному составу.";"";"";""
"3449";"БРОМБЕНЗИЛЦИАНИДЫ ТВЕРДЫЕ";"";"NOT_ESTABLISHED_FOR_TRANSPORT_POSITION";"Отдельное значение для этой транспортной позиции в таблице 2.1 СанПиН 1.2.3685-21 не установлено.";"";"";""
"3450";"ДИФЕНИЛХЛОРАРСИН ТВЕРДЫЙ";"";"NOT_ESTABLISHED_FOR_TRANSPORT_POSITION";"Отдельное значение для этой транспортной позиции в таблице 2.1 СанПиН 1.2.3685-21 не установлено.";"";"";""
"3451";"ТОЛУИДИНЫ ТВЕРДЫЕ";"";"MATCHED_SANPIN_2_1";"1/0,5 мг/м³ (максимальная разовая / среднесменная)";"102";"1-Амино-2-метилбензол+ (2-метиланилин; о-толуидин)";"name"
"3452";"КСИЛИДИНЫ ТВЕРДЫЕ";"";"MATCHED_SANPIN_2_1";"3 мг/м³";"92";"Аминодиметилбензол+ (диметиланилин; Ксилидин)";"name"
"3453";"КИСЛОТА ФОСФОРНАЯ ТВЕРДАЯ";"";"NOT_ESTABLISHED_FOR_TRANSPORT_POSITION";"Отдельное значение для этой транспортной позиции в таблице 2.1 СанПиН 1.2.3685-21 не установлено.";"";"";""
"3454";"ДИНИТРОТОЛУОЛЫ ТВЕРДЫЕ";"";"MATCHED_SANPIN_2_1";"3/1 мг/м³ (максимальная разовая / среднесменная)";"856";"2,4-Динитрометилбензол+ (2,4-динитротолуол)";"name"
"3455";"КРЕЗОЛЫ ТВЕРДЫЕ";"";"MATCHED_SANPIN_2_1";"1,5/0,5 мг/м³ (максимальная разовая / среднесменная)";"555";"Гидроксиметилбензол+ (изомеры) (крезол изомеры)";"name"
"3456";"КИСЛОТА НИТРОЗИЛСЕРНАЯ ТВЕРДАЯ";"";"NOT_ESTABLISHED_FOR_TRANSPORT_POSITION";"Отдельное значение для этой транспортной позиции в таблице 2.1 СанПиН 1.2.3685-21 не установлено.";"";"";""
"3457";"ХЛОРНИТРОТОЛУОЛЫ ТВЕРДЫЕ";"";"NOT_ESTABLISHED_FOR_TRANSPORT_POSITION";"Отдельное значение для этой транспортной позиции в таблице 2.1 СанПиН 1.2.3685-21 не установлено.";"";"";""
"3458";"НИТРОАНИЗОЛЫ ТВЕРДЫЕ";"";"NOT_ESTABLISHED_FOR_TRANSPORT_POSITION";"Отдельное значение для этой транспортной позиции в таблице 2.1 СанПиН 1.2.3685-21 не установлено.";"";"";""
"3459";"НИТРОБРОМБЕНЗОЛЫ ТВЕРДЫЕ";"";"NOT_ESTABLISHED_FOR_TRANSPORT_POSITION";"Отдельное значение для этой транспортной позиции в таблице 2.1 СанПиН 1.2.3685-21 не установлено.";"";"";""
"3460";"N-ЭТИЛБЕНЗИЛТОЛУИДИНЫ ТВЕРДЫЕ";"";"NOT_ESTABLISHED_FOR_TRANSPORT_POSITION";"Отдельное значение для этой транспортной позиции в таблице 2.1 СанПиН 1.2.3685-21 не установлено.";"";"";""
"3462";"ТОКСИНЫ, ИЗВЛЕЧЕННЫЕ ИЗ ЖИВЫХ ОРГАНИЗМОВ, ТВЕРДЫЕ, Н.У.К.";"";"NOT_ESTABLISHED_FOR_TRANSPORT_POSITION";"Единая ПДК не устанавливается: контролируется по компонентному составу.";"";"";""
"3463";"КИСЛОТА ПРОПИОНОВАЯ с массовой долей кислоты не менее 90%";"";"NOT_ESTABLISHED_FOR_TRANSPORT_POSITION";"Отдельное значение для этой транспортной позиции в таблице 2.1 СанПиН 1.2.3685-21 не установлено.";"";"";""
"3464";"ФОСФОРОРГАНИЧЕСКОЕ СОЕДИНЕНИЕ ТОКСИЧНОЕ ТВЕРДОЕ, Н.У.К.";"";"NOT_ESTABLISHED_FOR_TRANSPORT_POSITION";"Единая ПДК не устанавливается: контролируется по компонентному составу.";"";"";""
"3465";"МЫШЬЯКООРГАНИЧЕСКОЕ СОЕДИНЕНИЕ ТВЕРДОЕ, Н.У.К.";"";"NOT_ESTABLISHED_FOR_TRANSPORT_POSITION";"Единая ПДК не устанавливается: контролируется по компонентному составу.";"";"";""
"3466";"КАРБОНИЛЫ МЕТАЛЛОВ ТВЕРДЫЕ, Н.У.К.";"";"NOT_ESTABLISHED_FOR_TRANSPORT_POSITION";"Единая ПДК не устанавливается: контролируется по компонентному составу.";"";"";""
"3467";"МЕТАЛЛООРГАНИЧЕСКОЕ СОЕДИНЕНИЕ ТОКСИЧНОЕ ТВЕРДОЕ, Н.У.К.";"";"NOT_ESTABLISHED_FOR_TRANSPORT_POSITION";"Единая ПДК не устанавливается: контролируется по компонентному составу.";"";"";""
"3468";"ВОДОРОД В СИСТЕМЕ ХРАНЕНИЯ НА ОСНОВЕ МЕТАЛЛГИДРИДОВ";"";"NOT_ESTABLISHED_FOR_TRANSPORT_POSITION";"Отдельное значение для этой транспортной позиции в таблице 2.1 СанПиН 1.2.3685-21 не установлено.";"";"";""
"3468";"ВОДОРОД В СИСТЕМЕ ХРАНЕНИЯ НА ОСНОВЕ МЕТАЛЛГИДРИДОВ, СОДЕРЖАЩЕЙСЯ В ОБОРУДОВАНИИ";"";"NOT_ESTABLISHED_FOR_TRANSPORT_POSITION";"Отдельное значение для этой транспортной позиции в таблице 2.1 СанПиН 1.2.3685-21 не установлено.";"";"";""
"3468";"ВОДОРОД В СИСТЕМЕ ХРАНЕНИЯ НА ОСНОВЕ МЕТАЛЛГИДРИДОВ, УПАКОВАННОЙ С ОБОРУДОВАНИЕМ";"";"NOT_ESTABLISHED_FOR_TRANSPORT_POSITION";"Отдельное значение для этой транспортной позиции в таблице 2.1 СанПиН 1.2.3685-21 не установлено.";"";"";""
"3469";"КРАСКА ЛЕГКОВОСПЛАМЕНЯЮЩАЯСЯ КОРРОЗИОННАЯ (включая краску, лак, эмаль, краситель, шеллак, олифу, политуру, жидкий наполнитель и жидкую лаковую основу)";"";"NOT_ESTABLISHED_FOR_TRANSPORT_POSITION";"Отдельное значение для этой транспортной позиции в таблице 2.1 СанПиН 1.2.3685-21 не установлено.";"";"";""
"3469";"МАТЕРИАЛ ЛАКОКРАСОЧНЫЙ ЛЕГКОВОСПЛАМЕНЯЮЩИЙСЯ КОРРОЗИОННЫЙ (включая растворитель или разбавитель краски)";"";"NOT_ESTABLISHED_FOR_TRANSPORT_POSITION";"Единая ПДК не устанавливается: контролируется по компонентному составу.";"";"";""
"3469";"МАТЕРИАЛ ЛАКОКРАСОЧНЫЙ ЛЕГКОВОСПЛАМЕНЯЮЩИЙСЯ КОРРОЗИОННЫЙ (включая растворитель или разбавитель краски";"";"NOT_ESTABLISHED_FOR_TRANSPORT_POSITION";"Единая ПДК не устанавливается: контролируется по компонентному составу.";"";"";""
"3470";"КРАСКА КОРРОЗИОННАЯ ЛЕГКОВОСПЛАМЕНЯЮЩАЯСЯ (включая краску, лак, эмаль, краситель, шеллак, олифу, политуру, жидкий наполнитель и жидкую лаковую основу)";"";"NOT_ESTABLISHED_FOR_TRANSPORT_POSITION";"Отдельное значение для этой транспортной позиции в таблице 2.1 СанПиН 1.2.3685-21 не установлено.";"";"";""
"3470";"МАТЕРИАЛ ЛАКОКРАСОЧНЫЙ КОРРОЗИОННЫЙ ЛЕГКОВОСПЛАМЕНЯЮЩИЙСЯ, (включая растворитель или разбавитель краски)";"";"NOT_ESTABLISHED_FOR_TRANSPORT_POSITION";"Единая ПДК не устанавливается: контролируется по компонентному составу.";"";"";""
"3471";"ГИДРОДИФТОРИДОВ РАСТВОР, Н.У.К.";"";"NOT_ESTABLISHED_FOR_TRANSPORT_POSITION";"Единая ПДК не устанавливается: контролируется по компонентному составу.";"";"";""
"3472";"КИСЛОТА КРОТОНОВАЯ ЖИДКАЯ";"";"NOT_ESTABLISHED_FOR_TRANSPORT_POSITION";"Отдельное значение для этой транспортной позиции в таблице 2.1 СанПиН 1.2.3685-21 не установлено.";"";"";""
"3473";"КАССЕТЫ ТОПЛИВНЫХ ЭЛЕМЕНТОВ, содержащие легковоспламеняющиеся жидкости";"";"NOT_ESTABLISHED_FOR_TRANSPORT_POSITION";"Отдельное значение для этой транспортной позиции в таблице 2.1 СанПиН 1.2.3685-21 не установлено.";"";"";""
"3473";"КАССЕТЫ ТОПЛИВНЫХ ЭЛЕМЕНТОВ, СОДЕРЖАЩИЕСЯ В ОБОРУДОВАНИИ, содержащие легковоспламеняющиеся жидкости";"";"NOT_ESTABLISHED_FOR_TRANSPORT_POSITION";"Отдельное значение для этой транспортной позиции в таблице 2.1 СанПиН 1.2.3685-21 не установлено.";"";"";""
"3473";"КАССЕТЫ ТОПЛИВНЫХ ЭЛЕМЕНТОВ, УПАКОВАННЫЕ С ОБОРУДОВАНИЕМ, содержащие легковоспламеняющиеся жидкости";"";"NOT_ESTABLISHED_FOR_TRANSPORT_POSITION";"Отдельное значение для этой транспортной позиции в таблице 2.1 СанПиН 1.2.3685-21 не установлено.";"";"";""
"3474";"1-ГИДРОКСИБЕНЗОТРИАЗОЛА МОНОГИДРАТ";"";"NOT_ESTABLISHED_FOR_TRANSPORT_POSITION";"Отдельное значение для этой транспортной позиции в таблице 2.1 СанПиН 1.2.3685-21 не установлено.";"";"";""
"3475";"ЭТАНОЛА И ГАЗОЛИНА СМЕСЬ с содержанием этанола более 10%";"";"NOT_ESTABLISHED_FOR_TRANSPORT_POSITION";"Единая ПДК не устанавливается: контролируется по компонентному составу.";"";"";""
"3475";"ЭТАНОЛА И БЕНЗИНА МОТОРНОГО СМЕСЬ с содержанием этанола более 10%";"";"NOT_ESTABLISHED_FOR_TRANSPORT_POSITION";"Единая ПДК не устанавливается: контролируется по компонентному составу.";"";"";""
"3475";"ЭТАНОЛА И ПЕТРОЛА СМЕСЬ с содержанием этанола более 10%";"";"NOT_ESTABLISHED_FOR_TRANSPORT_POSITION";"Единая ПДК не устанавливается: контролируется по компонентному составу.";"";"";""
"3476";"КАССЕТЫ ТОПЛИВНЫХ ЭЛЕМЕНТОВ, содержащие вещества, реагирующие с водой";"";"NOT_ESTABLISHED_FOR_TRANSPORT_POSITION";"Отдельное значение для этой транспортной позиции в таблице 2.1 СанПиН 1.2.3685-21 не установлено.";"";"";""
"3476";"КАССЕТЫ ТОПЛИВНЫХ ЭЛЕМЕНТОВ, СОДЕРЖАЩИЕСЯ В ОБОРУДОВАНИИ, содержащие вещества, реагирующие с водой";"";"NOT_ESTABLISHED_FOR_TRANSPORT_POSITION";"Отдельное значение для этой транспортной позиции в таблице 2.1 СанПиН 1.2.3685-21 не установлено.";"";"";""
"3476";"КАССЕТЫ ТОПЛИВНЫХ ЭЛЕМЕНТОВ, УПАКОВАННЫЕ С ОБОРУДОВАНИЕМ, содержащие вещества, реагирующие с водой";"";"NOT_ESTABLISHED_FOR_TRANSPORT_POSITION";"Отдельное значение для этой транспортной позиции в таблице 2.1 СанПиН 1.2.3685-21 не установлено.";"";"";""
"3477";"КАССЕТЫ ТОПЛИВНЫХ ЭЛЕМЕНТОВ, содержащие коррозионные вещества";"";"NOT_ESTABLISHED_FOR_TRANSPORT_POSITION";"Отдельное значение для этой транспортной позиции в таблице 2.1 СанПиН 1.2.3685-21 не установлено.";"";"";""
"3477";"КАССЕТЫ ТОПЛИВНЫХ ЭЛЕМЕНТОВ, СОДЕРЖАЩИЕСЯ В ОБОРУДОВАНИИ, содержащие коррозионные вещества";"";"NOT_ESTABLISHED_FOR_TRANSPORT_POSITION";"Отдельное значение для этой транспортной позиции в таблице 2.1 СанПиН 1.2.3685-21 не установлено.";"";"";""
"3477";"КАССЕТЫ ТОПЛИВНЫХ ЭЛЕМЕНТОВ, УПАКОВАННЫЕ С ОБОРУДОВАНИЕМ, содержащие коррозионные вещества";"";"NOT_ESTABLISHED_FOR_TRANSPORT_POSITION";"Отдельное значение для этой транспортной позиции в таблице 2.1 СанПиН 1.2.3685-21 не установлено.";"";"";""
"3478";"КАССЕТЫ ТОПЛИВНЫХ ЭЛЕМЕНТОВ, содержащие сжиженный воспламеняющий газ";"";"NOT_ESTABLISHED_FOR_TRANSPORT_POSITION";"Отдельное значение для этой транспортной позиции в таблице 2.1 СанПиН 1.2.3685-21 не установлено.";"";"";""
"3478";"КАССЕТЫ ТОПЛИВНЫХ ЭЛЕМЕНТОВ, СОДЕРЖАЩИЕСЯ В ОБОРУДОВАНИИ, содержащие сжиженный воспламеняющий газ";"";"NOT_ESTABLISHED_FOR_TRANSPORT_POSITION";"Отдельное значение для этой транспортной позиции в таблице 2.1 СанПиН 1.2.3685-21 не установлено.";"";"";""
"3478";"КАССЕТЫ ТОПЛИВНЫХ ЭЛЕМЕНТОВ, УПАКОВАННЫЕ С ОБОРУДОВАНИЕМ, содержащие сжиженный воспламеняющий газ";"";"NOT_ESTABLISHED_FOR_TRANSPORT_POSITION";"Отдельное значение для этой транспортной позиции в таблице 2.1 СанПиН 1.2.3685-21 не установлено.";"";"";""
"3479";"КАССЕТЫ ТОПЛИВНЫХ ЭЛЕМЕНТОВ, содержащие водород в металлгидриде";"";"NOT_ESTABLISHED_FOR_TRANSPORT_POSITION";"Отдельное значение для этой транспортной позиции в таблице 2.1 СанПиН 1.2.3685-21 не установлено.";"";"";""
"3479";"КАССЕТЫ ТОПЛИВНЫХ ЭЛЕМЕНТОВ, СОДЕРЖАЩИЕСЯ В ОБОРУДОВАНИИ, содержащие водород в металлгидриде";"";"NOT_ESTABLISHED_FOR_TRANSPORT_POSITION";"Отдельное значение для этой транспортной позиции в таблице 2.1 СанПиН 1.2.3685-21 не установлено.";"";"";""
"3479";"КАССЕТЫ ТОПЛИВНЫХ ЭЛЕМЕНТОВ, УПАКОВАННЫЕ С ОБОРУДОВАНИЕМ, содержащие водород в металлгидриде";"";"NOT_ESTABLISHED_FOR_TRANSPORT_POSITION";"Отдельное значение для этой транспортной позиции в таблице 2.1 СанПиН 1.2.3685-21 не установлено.";"";"";""
"3480";"БАТАРЕИ ИОННО-ЛИТИЕВЫЕ, (включая ионно-литеевые полимерные батареи)";"";"NOT_ESTABLISHED_FOR_TRANSPORT_POSITION";"Отдельное значение для этой транспортной позиции в таблице 2.1 СанПиН 1.2.3685-21 не установлено.";"";"";""
"3481";"БАТАРЕИ ИОННО-ЛИТИЕВЫЕ, СОДЕРЖАЩИЕСЯ В ОБОРУДОВАНИИ (включая ионно-литеевые полимерные батареи)";"";"NOT_ESTABLISHED_FOR_TRANSPORT_POSITION";"Отдельное значение для этой транспортной позиции в таблице 2.1 СанПиН 1.2.3685-21 не установлено.";"";"";""
"3481";"БАТАРЕИ ИОННО-ЛИТИЕВЫЕ, УПАКОВАННЫЕ С ОБОРУДОВАНИЕМ (включая ионно-литеевые полимерные батареи)";"";"NOT_ESTABLISHED_FOR_TRANSPORT_POSITION";"Отдельное значение для этой транспортной позиции в таблице 2.1 СанПиН 1.2.3685-21 не установлено.";"";"";""
"3482";"МЕТАЛЛ ЩЕЛОЧНОЙ ДИСПЕРГИРОВАННЫЙ ЛЕГКОВОСПЛАМЕНЯЮ- ЩИЙСЯ";"";"NOT_ESTABLISHED_FOR_TRANSPORT_POSITION";"Отдельное значение для этой транспортной позиции в таблице 2.1 СанПиН 1.2.3685-21 не установлено.";"";"";""
"3482";"МЕТАЛЛ ЩЕЛОЧНОЗЕМЕЛЬНЫЙ ДИСПЕРГИРОВАННЫЙ ЛЕГКОВОСПЛАМЕНЯЮ- ЩИЙСЯ";"";"NOT_ESTABLISHED_FOR_TRANSPORT_POSITION";"Отдельное значение для этой транспортной позиции в таблице 2.1 СанПиН 1.2.3685-21 не установлено.";"";"";""
"3483";"ПРИСАДКА АНТИДЕТОНАЦИОННАЯ К МОТОРНОМУ ТОПЛИВУ ЛЕГКОВОСПЛАМЕНЯЮ-ЩАЯСЯ";"";"NOT_ESTABLISHED_FOR_TRANSPORT_POSITION";"Отдельное значение для этой транспортной позиции в таблице 2.1 СанПиН 1.2.3685-21 не установлено.";"";"";""
"3484";"ГИДРАЗИНА ВОДНЫЙ РАСТВОР ЛЕГКОВОСПЛАМЕНЯЮ-ЩИЙСЯ с массовой долей гидразина более 37%";"";"NOT_ESTABLISHED_FOR_TRANSPORT_POSITION";"Отдельное значение для этой транспортной позиции в таблице 2.1 СанПиН 1.2.3685-21 не установлено.";"";"";""
"3485";"КАЛЬЦИЯ ГИПОХЛОРИТ СУХОЙ КОРРОЗИОННЫЙ, содержащий более 39% активного хлора (8,8% активного кислорода)";"";"NOT_ESTABLISHED_FOR_TRANSPORT_POSITION";"Отдельное значение для этой транспортной позиции в таблице 2.1 СанПиН 1.2.3685-21 не установлено.";"";"";""
"3485";"КАЛЬЦИЯ ГИПОХЛОРИТ СМЕСЬ СУХАЯ КОРРОЗИОННАЯ, содержащий более 39% активного хлора (8,8% активного кислорода)";"";"NOT_ESTABLISHED_FOR_TRANSPORT_POSITION";"Единая ПДК не устанавливается: контролируется по компонентному составу.";"";"";""
"3486";"КАЛЬЦИЯ ГИПОХЛОРИТ СМЕСЬ СУХАЯ КОРРОЗИОННАЯ, содержащая более 10%, но не более 39% активного хлора";"";"NOT_ESTABLISHED_FOR_TRANSPORT_POSITION";"Единая ПДК не устанавливается: контролируется по компонентному составу.";"";"";""
"3487";"КАЛЬЦИЯ ГИПЛОХЛОРИТ ГИДРАТИРОВАННЫЙ КОРРОЗИОННЫЙ с содержанием воды не менее 5,5%, но не более 16%";"";"NOT_ESTABLISHED_FOR_TRANSPORT_POSITION";"Отдельное значение для этой транспортной позиции в таблице 2.1 СанПиН 1.2.3685-21 не установлено.";"";"";""
"3487";"КАЛЬЦИЯ ГИПЛОХЛОРИТА ГИДРАТИРОВАННАЯ СМЕСЬ КОРРОЗИОННАЯ с содержанием воды не менее 5,5%, но не более 16%";"";"NOT_ESTABLISHED_FOR_TRANSPORT_POSITION";"Единая ПДК не устанавливается: контролируется по компонентному составу.";"";"";""
"3488";"ТОКСИЧНАЯ ПРИ ВДЫХАНИИ ЖИДКОСТЬ ЛЕГКОВОСПЛАМЕНЯЮ-ЩАЯСЯ КОРРОЗИОННАЯ, Н.У. К, с ЛК50 не более 200 мл/м3 и концентрацией насыщенных паров не менее 500 ЛК50";"";"NOT_ESTABLISHED_FOR_TRANSPORT_POSITION";"Отдельное значение для этой транспортной позиции в таблице 2.1 СанПиН 1.2.3685-21 не установлено.";"";"";""
"3489";"ТОКСИЧНАЯ ПРИ ВДЫХАНИИ ЖИДКОСТЬ ЛЕГКОВОСПЛАМЕНЯЮ-ЩАЯСЯ КОРРОЗИОННАЯ, Н.У. К, с ЛК50 не более 1000 мл/м3 и концентрацией насыщенных паров не менее 10 ЛК50";"";"NOT_ESTABLISHED_FOR_TRANSPORT_POSITION";"Отдельное значение для этой транспортной позиции в таблице 2.1 СанПиН 1.2.3685-21 не установлено.";"";"";""
"3490";"ТОКСИЧНАЯ ПРИ ВДЫХАНИИ ЖИДКОСТЬ РЕАГИРУЮЩАЯ С ВОДОЙ, ЛЕГКОВОСПЛАМЕНЯЮЩАЯСЯ, Н.У.К, с ЛК50 не более 200 мл/м3 и концентрацией насыщенных паров не менее 500 ЛК50";"";"NOT_ESTABLISHED_FOR_TRANSPORT_POSITION";"Отдельное значение для этой транспортной позиции в таблице 2.1 СанПиН 1.2.3685-21 не установлено.";"";"";""
"3491";"ТОКСИЧНАЯ ПРИ ВДЫХАНИИ ЖИДКОСТЬ РЕАГИРУЮЩАЯ С ВОДОЙ, ЛЕГКОВОСПЛАМЕНЯЮЩАЯСЯ, Н.У.К, с ЛК50 не более 1000 мл/м3 и концентрацией насыщенных паров не менее 10 ЛК50";"";"NOT_ESTABLISHED_FOR_TRANSPORT_POSITION";"Отдельное значение для этой транспортной позиции в таблице 2.1 СанПиН 1.2.3685-21 не установлено.";"";"";""
"3494";"НЕФТЬ СЫРАЯ СЕРНИСТАЯ ЛЕГКОВОСПЛАМЕНЯЮ-ЩАЯСЯ ТОКСИЧНАЯ";"";"MATCHED_SANPIN_2_1";"-/10 мг/м³ (максимальная разовая / среднесменная)";"1529";"Нефть сырая+";"name"
"3495";"ЙОД";"";"NOT_ESTABLISHED_FOR_TRANSPORT_POSITION";"Отдельное значение для этой транспортной позиции в таблице 2.1 СанПиН 1.2.3685-21 не установлено.";"";"";""
"3496";"Батереи, никель-металл-гидридные";"";"NOT_ESTABLISHED_FOR_TRANSPORT_POSITION";"Отдельное значение для этой транспортной позиции в таблице 2.1 СанПиН 1.2.3685-21 не установлено.";"";"";""
"3497";"МУКА КРИЛЕВАЯ";"";"NOT_ESTABLISHED_FOR_TRANSPORT_POSITION";"Отдельное значение для этой транспортной позиции в таблице 2.1 СанПиН 1.2.3685-21 не установлено.";"";"";""
"3498";"ЙОДА МОНОХЛОРИД ЖИДКИЙ";"";"NOT_ESTABLISHED_FOR_TRANSPORT_POSITION";"Отдельное значение для этой транспортной позиции в таблице 2.1 СанПиН 1.2.3685-21 не установлено.";"";"";""
"3499";"КОНДЕНСАТОР С ДВОЙНЫМ ЭЛЕКТРИЧЕСКИМ ЗАРЯДОМ (с энергоемкостью более 0,3 Вт.ч)";"";"NOT_ESTABLISHED_FOR_TRANSPORT_POSITION";"Отдельное значение для этой транспортной позиции в таблице 2.1 СанПиН 1.2.3685-21 не установлено.";"";"";""
"3500";"ХИМИЧЕСКИЙ ПРОДУКТ ПОД ДАВЛЕНИЕМ, Н.У.К.";"";"NOT_ESTABLISHED_FOR_TRANSPORT_POSITION";"Единая ПДК не устанавливается: контролируется по компонентному составу.";"";"";""
"3501";"ХИМИЧЕСКИЙ ПРОДУКТ ПОД ДАВЛЕНИЕМ ЛЕГКОВОСПЛАМЕНЯЮ-ЩИЙСЯ, Н.У.К.";"";"NOT_ESTABLISHED_FOR_TRANSPORT_POSITION";"Единая ПДК не устанавливается: контролируется по компонентному составу.";"";"";""
"3502";"ХИМИЧЕСКИЙ ПРОДУКТ ПОД ДАВЛЕНИЕМ ТОКСИЧНЫЙ, Н.У.К.";"";"NOT_ESTABLISHED_FOR_TRANSPORT_POSITION";"Единая ПДК не устанавливается: контролируется по компонентному составу.";"";"";""
"3503";"ХИМИЧЕСКИЙ ПРОДУКТ ПОД ДАВЛЕНИЕМ КОРРОЗИОННЫЙ, Н.У.К.";"";"NOT_ESTABLISHED_FOR_TRANSPORT_POSITION";"Единая ПДК не устанавливается: контролируется по компонентному составу.";"";"";""
"3504";"ХИМИЧЕСКИЙ ПРОДУКТ ПОД ДАВЛЕНИЕМ ЛЕГКОВОСПЛАМЕНЯЮ-ЩИЙСЯ ТОКСИЧНЫЙ, Н.У.К.";"";"NOT_ESTABLISHED_FOR_TRANSPORT_POSITION";"Единая ПДК не устанавливается: контролируется по компонентному составу.";"";"";""
"3505";"ХИМИЧЕСКИЙ ПРОДУКТ ПОД ДАВЛЕНИЕМ ЛЕГКОВОСПЛАМЕНЯЮ-ЩИЙСЯ КОРРОЗИОННЫЙ, Н. У.К.";"";"NOT_ESTABLISHED_FOR_TRANSPORT_POSITION";"Единая ПДК не устанавливается: контролируется по компонентному составу.";"";"";""
"3506";"РТУТЬ, СОДЕРЖАЩАЯСЯ В ПРОМЫШЛЕННЫХ ИЗДЕЛИЯХ";"";"NOT_ESTABLISHED_FOR_TRANSPORT_POSITION";"Единая ПДК не устанавливается: контролируется по компонентному составу.";"";"";""
"3507";"УРАНА ГЕКСАФТОРИД, РАДИОАКТИВНЫЙ МАТЕРИАЛ, ОСВОБОЖДЕННАЯ УПАКОВКА, менее 0,1 кг на упаковку, неделящийся-освобожденный";"";"NOT_ESTABLISHED_FOR_TRANSPORT_POSITION";"Единая ПДК не устанавливается: контролируется по компонентному составу.";"";"";""
"3508";"КОНДЕНСАТОР АСИММЕТРИЧНЫЙ (с энергоемкостью более 0,3 Вт/ч)";"";"NOT_ESTABLISHED_FOR_TRANSPORT_POSITION";"Отдельное значение для этой транспортной позиции в таблице 2.1 СанПиН 1.2.3685-21 не установлено.";"";"";""
"3509";"ТАРА ОТБРАКОВАННАЯ ПОРОЖНЯЯ НЕОЧИЩЕННАЯ";"";"NOT_ESTABLISHED_FOR_TRANSPORT_POSITION";"Отдельное значение для этой транспортной позиции в таблице 2.1 СанПиН 1.2.3685-21 не установлено.";"";"";""
"3510";"ГАЗ АДСОРБИРОВАННЫЙ ЛЕГКОВОСПЛАМЕНЯЮЩИЙСЯ, Н.У.К";"";"NOT_ESTABLISHED_FOR_TRANSPORT_POSITION";"Отдельное значение для этой транспортной позиции в таблице 2.1 СанПиН 1.2.3685-21 не установлено.";"";"";""
"3511";"ГАЗ АДСОРБИРОВАННЫЙ, Н.У.К";"";"NOT_ESTABLISHED_FOR_TRANSPORT_POSITION";"Отдельное значение для этой транспортной позиции в таблице 2.1 СанПиН 1.2.3685-21 не установлено.";"";"";""
"3512";"ГАЗ АДСОРБИРОВАННЫЙ ТОКСИЧНЫЙ, Н.У.К";"";"NOT_ESTABLISHED_FOR_TRANSPORT_POSITION";"Отдельное значение для этой транспортной позиции в таблице 2.1 СанПиН 1.2.3685-21 не установлено.";"";"";""
"3513";"ГАЗ АДСОРБИРОВАННЫЙ ОКИСЛЯЮЩИЙ, Н.У.К";"";"NOT_ESTABLISHED_FOR_TRANSPORT_POSITION";"Отдельное значение для этой транспортной позиции в таблице 2.1 СанПиН 1.2.3685-21 не установлено.";"";"";""
"3514";"ГАЗ АДСОРБИРОВАННЫЙ ТОКСИЧНЫЙ ЛЕГКОВОСПЛАМЕНЯЮЩИЙСЯ, Н.У.К";"";"NOT_ESTABLISHED_FOR_TRANSPORT_POSITION";"Отдельное значение для этой транспортной позиции в таблице 2.1 СанПиН 1.2.3685-21 не установлено.";"";"";""
"3515";"ГАЗ АДСОРБИРОВАННЫЙ ТОКСИЧНЫЙ ОКИСЛЯЮЩИЙ, Н.У.К";"";"NOT_ESTABLISHED_FOR_TRANSPORT_POSITION";"Отдельное значение для этой транспортной позиции в таблице 2.1 СанПиН 1.2.3685-21 не установлено.";"";"";""
"3516";"ГАЗ АДСОРБИРОВАННЫЙ ТОКСИЧНЫЙ КОРРОЗИОННЫЙ, Н.У.К";"";"NOT_ESTABLISHED_FOR_TRANSPORT_POSITION";"Отдельное значение для этой транспортной позиции в таблице 2.1 СанПиН 1.2.3685-21 не установлено.";"";"";""
"3517";"ГАЗ АДСОРБИРОВАННЫЙ ТОКСИЧНЫЙ ЛЕГКОВОСПЛАМЕНЯЮЩИЙСЯ КОРРОЗИОННЫЙ, Н.У.К";"";"NOT_ESTABLISHED_FOR_TRANSPORT_POSITION";"Отдельное значение для этой транспортной позиции в таблице 2.1 СанПиН 1.2.3685-21 не установлено.";"";"";""
"3518";"ГАЗ АДСОРБИРОВАННЫЙ ТОКСИЧНЫЙ ОКИСЛЯЮЩИЙ КОРРОЗИОННЫЙ, Н.У.К";"";"NOT_ESTABLISHED_FOR_TRANSPORT_POSITION";"Отдельное значение для этой транспортной позиции в таблице 2.1 СанПиН 1.2.3685-21 не установлено.";"";"";""
"3519";"БОРА ТРИФТОРИД АДСОРБИРОВАННЫЙ";"";"MATCHED_SANPIN_2_1";"1 мг/м³";"369";"Бортрифторид (бор трифтористый)";"name"
"3520";"БОРА ТРИФТОРИД И КИСЛОТА ПРОПИОНОВАЯ - КОМПЛЕКС, ТВЕРДЫЙ";"";"NOT_ESTABLISHED_FOR_TRANSPORT_POSITION";"Отдельное значение для этой транспортной позиции в таблице 2.1 СанПиН 1.2.3685-21 не установлено.";"";"";""
"3521";"КРЕМНИЯ ТЕТРАФТОРИД АДСОРБИРОВАННЫЙ";"";"NOT_ESTABLISHED_FOR_TRANSPORT_POSITION";"Отдельное значение для этой транспортной позиции в таблице 2.1 СанПиН 1.2.3685-21 не установлено.";"";"";""
"3522";"АРСИН АДСОРБИРОВАННЫЙ";"";"NOT_ESTABLISHED_FOR_TRANSPORT_POSITION";"Отдельное значение для этой транспортной позиции в таблице 2.1 СанПиН 1.2.3685-21 не установлено.";"";"";""
"3523";"ГЕРМАН АДСОРБИРОВАННЫЙ";"";"NOT_ESTABLISHED_FOR_TRANSPORT_POSITION";"Отдельное значение для этой транспортной позиции в таблице 2.1 СанПиН 1.2.3685-21 не установлено.";"";"";""
"3524";"ФОСФОРА ПЕНТАФТОРИД АДСОРБИРОВАННЫЙ";"";"NOT_ESTABLISHED_FOR_TRANSPORT_POSITION";"Отдельное значение для этой транспортной позиции в таблице 2.1 СанПиН 1.2.3685-21 не установлено.";"";"";""
"3525";"ФОСФИН АДСОРБИРОВАННЫЙ";"";"NOT_ESTABLISHED_FOR_TRANSPORT_POSITION";"Отдельное значение для этой транспортной позиции в таблице 2.1 СанПиН 1.2.3685-21 не установлено.";"";"";""
"3526";"ВОДОРОДА СЕЛЕНИД АДСОРБИРОВАННЫЙ";"";"MATCHED_SANPIN_2_1";"0,2 мг/м³";"606";"Гидроселенид (водород селенид)";"name"
"3527";"КОМПЛЕКТ СМОЛ ПОЛИЭФИРНЫХ, твердое основное вещество";"";"NOT_ESTABLISHED_FOR_TRANSPORT_POSITION";"Отдельное значение для этой транспортной позиции в таблице 2.1 СанПиН 1.2.3685-21 не установлено.";"";"";""
"3528";"ДВИГАТЕЛЬ ВНУТРЕННЕГО СГОРАНИЯ, РАБОТАЮЩИЙ НА ЛЕГКОВОСПЛАМЕНЯЮЩЕЙСЯ ЖИДКОСТИ";"";"NOT_ESTABLISHED_FOR_TRANSPORT_POSITION";"Отдельное значение для этой транспортной позиции в таблице 2.1 СанПиН 1.2.3685-21 не установлено.";"";"";""
"3528";"ДВИГАТЕЛЬ, РАБОТАЮЩИЙ НА ТОПЛИВНЫХ ЭЛЕМЕНТАХ, СОДЕРЖАЩИХ ЛЕГКОВОСПЛАМЕНЯЮЩУЮСЯ ЖИДКОСТЬ";"";"NOT_ESTABLISHED_FOR_TRANSPORT_POSITION";"Отдельное значение для этой транспортной позиции в таблице 2.1 СанПиН 1.2.3685-21 не установлено.";"";"";""
"3528";"МАШИНА С ДВИГАТЕЛЕМ ВНУТРЕННЕГО СГОРАНИЯ, РАБОТАЮЩИМ НА ЛЕГКОВОСПЛАМЕНЯЮЩЕЙСЯ ЖИДКОСТИ";"";"NOT_ESTABLISHED_FOR_TRANSPORT_POSITION";"Отдельное значение для этой транспортной позиции в таблице 2.1 СанПиН 1.2.3685-21 не установлено.";"";"";""
"3528";"МАШИНА, РАБОТАЮЩАЯ НА ТОПЛИВНЫХ ЭЛЕМЕНТАХ, СОДЕРЖАЩИХ ЛЕГКОВОСПЛАМЕНЯЮЩУЮСЯ ЖИДКОСТЬ";"";"NOT_ESTABLISHED_FOR_TRANSPORT_POSITION";"Отдельное значение для этой транспортной позиции в таблице 2.1 СанПиН 1.2.3685-21 не установлено.";"";"";""
"3529";"ДВИГАТЕЛЬ ВНУТРЕННЕГО СГОРАНИЯ, РАБОТАЮЩИЙ НА ЛЕГКОВОСПЛАМЕНЯЮЩЕМСЯ ГАЗЕ";"";"NOT_ESTABLISHED_FOR_TRANSPORT_POSITION";"Отдельное значение для этой транспортной позиции в таблице 2.1 СанПиН 1.2.3685-21 не установлено.";"";"";""
"3529";"ДВИГАТЕЛЬ, РАБОТАЮЩИЙ НА ТОПЛИВНЫХ ЭЛЕМЕНТАХ, СОДЕРЖАЩИХ ЛЕГКОВОСПЛАМЕНЯЮЩИЙСЯ ГАЗ";"";"NOT_ESTABLISHED_FOR_TRANSPORT_POSITION";"Отдельное значение для этой транспортной позиции в таблице 2.1 СанПиН 1.2.3685-21 не установлено.";"";"";""
"3529";"МАШИНА С ДВИГАТЕЛЕМ ВНУТРЕННЕГО СГОРАНИЯ, РАБОТАЮЩИМ НА ЛЕГКОВОСПЛАМЕНЯЮЩЕМСЯ ГАЗЕ";"";"NOT_ESTABLISHED_FOR_TRANSPORT_POSITION";"Отдельное значение для этой транспортной позиции в таблице 2.1 СанПиН 1.2.3685-21 не установлено.";"";"";""
"3529";"МАШИНА, РАБОТАЮЩАЯ НА ТОПЛИВНЫХ ЭЛЕМЕНТАХ, СОДЕРЖАЩИХ ЛЕГКОВОСПЛАМЕНЯЮЩИЙСЯ ГАЗ";"";"NOT_ESTABLISHED_FOR_TRANSPORT_POSITION";"Отдельное значение для этой транспортной позиции в таблице 2.1 СанПиН 1.2.3685-21 не установлено.";"";"";""
"3530";"ДВИГАТЕЛЬ ВНУТРЕННЕГО СГОРАНИЯ";"";"NOT_ESTABLISHED_FOR_TRANSPORT_POSITION";"Отдельное значение для этой транспортной позиции в таблице 2.1 СанПиН 1.2.3685-21 не установлено.";"";"";""
"3530";"МАШИНА С ДВИГАТЕЛЕМ ВНУТРЕННЕГО СГОРАНИЯ";"";"NOT_ESTABLISHED_FOR_TRANSPORT_POSITION";"Отдельное значение для этой транспортной позиции в таблице 2.1 СанПиН 1.2.3685-21 не установлено.";"";"";""
"3531";"ПОЛИМЕРИЗУЮЩЕЕСЯ ВЕЩЕСТВО ТВЕРДОЕ СТАБИЛИЗИРОВАННОЕ, Н.У.К.";"";"NOT_ESTABLISHED_FOR_TRANSPORT_POSITION";"Единая ПДК не устанавливается: контролируется по компонентному составу.";"";"";""
"3532";"ПОЛИМЕРИЗУЮЩЕЕСЯ ВЕЩЕСТВО ЖИДКОЕ СТАБИЛИЗИРОВАННОЕ, Н.У.К.";"";"NOT_ESTABLISHED_FOR_TRANSPORT_POSITION";"Единая ПДК не устанавливается: контролируется по компонентному составу.";"";"";""
"3533";"ПОЛИМЕРИЗУЮЩЕЕСЯ ВЕЩЕСТВО ТВЕРДОЕ С РЕГУЛИРУЕМОЙ ТЕМПЕРАТУРОЙ, Н.У.К.";"";"NOT_ESTABLISHED_FOR_TRANSPORT_POSITION";"Единая ПДК не устанавливается: контролируется по компонентному составу.";"";"";""
"3534";"ПОЛИМЕРИЗУЮЩЕЕСЯ ВЕЩЕСТВО ЖИДКОЕ,ПЕРЕВОЗИМОЕ ПРИ РЕГУЛИРУЕМОЙ ТЕМПЕРАТУРЕ, Н.У.К.";"";"NOT_ESTABLISHED_FOR_TRANSPORT_POSITION";"Единая ПДК не устанавливается: контролируется по компонентному составу.";"";"";""
